return5,fileName,boxNumber,centromere,SC length,rank,chrm.class,hand.foci.count,F1,F2,F3,notes,,
,13jul15_12jun15_WSB_f1_sp1_13_rev,blob1,,69.904,,autosome,0,,,,,,
,22nov16_30sep16_MSM_f2_sp1_13.1_rev,blob11,,73.437,,autosome,0,,,,,,
,22nov16_30sep16_MSM_f2_sp1_22_rev,blob3,,69.12,,autosome,0,,,,,,
,2aug15_8jun15_G_f4_sp1_7_rev,blob5,,105.966,,autosome,0,,,,,,
,2aug15_8jun15_G_f4_sp1_7_rev,blob11,,103.975,,autosome,0,,,,,,
,2aug15_8jun15_G_f4_sp1_7_rev,blob16,,103.295,,autosome,0,,,,,,
,2aug15_8jun15_G_f4_sp1_7_rev,blob13,,80.924,,autosome,0,,,,,,
,30mar15_13oct14_G_f1_sp1_1.1_rev,blob8,,74.449,,autosome,0,,,,,,
,4dec14_8oct14_PWD_f1_sp1_12_rev,blob2,,88.184,,autosome,0,,,,maybe 1,,
,5aug17_14jul17_LEW_f1_sp1_1_rev,blob20,,149.631,,autosome,0,,,,,,
,5aug17_14jul17_LEW_f1_sp1_1_rev,blob7,,123.656,,autosome,0,,,,,,
,5aug17_14jul17_LEW_f1_sp1_1_rev,blob14,,60.212,,autosome,0,,,,,,
,8jun15_23apr15_PWD_f2_sp1_20_rev,blob20,,39.766,,autosome,0,,,,blue at both ends,,
16 of 20,29nov16_13nov16_MSM_f1_sp1_5,blob_6,,171.886,,autosome,1,159.602,,,,,
16 of 20,29nov16_13nov16_MSM_f1_sp1_5,blob_5,,68.199,,autosome,1,159.602,,,,,
,2aug15_8jun15_G_f4_sp1_7_rev,blob7,,128.067,,autosome,1,121.89,,,,,
,4dec14_8oct14_PWD_f1_sp1_12_rev,blob12,,131.834,,autosome,1,111.221,,,,,
,27oct16_31aug16_MSM_m1_sp1_19,blob_15,,117.725,,autosome,1,105.488,,,,,
,2aug15_8jun15_G_f4_sp1_7_rev,blob20,,109.482,,autosome,1,100.865,,,,,
,2aug15_8jun15_G_f4_sp1_7_rev,blob10,,179.5,,autosome,1,100.245,,,,,
,1mar16_3jan16_G_m2_sp1_19.3_rev,blob8,,102.63,,autosome,1,98.159,,,,,
,22nov16_13nov16_MSM_f2_sp1_18,blob_20,,101.821,,autosome,1,98.062,,,,,
,5aug17_14jul17_LEW_f1_sp1_1_rev,blob15,,131.091,,autosome,1,97.93,,,,,
,1oct16_30jun16_CAST_m3_sp1_m3_5.1,blob_11,,110.569,,autosome,1,97.205,,,,,
,22nov16_30sep16_MSM_f2_sp1_22_rev,blob19,,124.037,,autosome,1,93.815,,,,,
,1mar16_3jan16_G_m2_sp1_19.3_rev,blob13,,99.803,,autosome,1,92.401,,,,,
,18mar15_10mar15_WSB_m1_sp1_13_rev,blob4,,96.515,,autosome,1,91.481,,,,,
,2aug15_8jun15_G_f4_sp1_18_rev,blob5,,97.205,,autosome,1,91.474,,,,,
,12jan17_4jan17_LEW_f1_sp1_22_rev,blob18,,107.895,,autosome,1,89.616,,,,,
,2aug15_8jun15_G_f4_sp1_18_rev,blob8,,92.077,,autosome,1,88.785,,,,,
,2aug15_8jun15_G_f4_sp1_7_rev,blob9,,116.713,,autosome,1,87.701,,,,,
,2apr15_14sep14_WSB_f1_sp1_15_rev,blob1,,124.879,,autosome,1,87.65,,,,,
,27jul15_22jun15_G_m2_sp1_8_rev,blob12,,92.5,,autosome,1,86.429,,,fuzzy foci,,
,3aug17_8may17_LEW_m2_sp1_5_rev,blob17,,97.598,,autosome,1,85.678,,,,,
,27oct16_31aug16_MSM_m1_sp1_11,blob_5,,88.043,,autosome,1,85.018,,,,,
,27oct16_31aug16_MSM_m1_sp1_11,blob_4,,97.48,,autosome,1,83.079,,,,,
,22nov16_30sep16_MSM_f2_sp1_13.1_rev,blob3,,102.183,,autosome,1,83.033,,,,,
,5aug17_14jul17_LEW_f1_sp1_1_rev,blob16,,111.607,,autosome,1,82.65,,,,,
,30jul15_12jun15_WSB_m2_sp1_7.2_rev,blob18,,87.165,,autosome,1,81.666,,,,,
,22nov16_13nov16_MSM_f2_sp1_18,blob_10,,107.094,,autosome,1,81.645,,,,,
,5aug17_14jul17_LEW_f1_sp1_1_rev,blob6,,111.4,,autosome,1,80.953,,,,,
,28jul15_22jun15_G_m2_sp1_19_rev,blob6,,98.953,,autosome,1,80.813,,,,,
,22nov16_30sep16_MSM_f2_sp1_22_rev,blob10,,90.07,,autosome,1,80.446,,,,,
,15sep15_16jun15_WSB_f3_sp2_1_rev,blob10,,137.483,,autosome,1,79.236,,,,,
,7feb17_20dec16_LEW_m2_sp1_20_rev,blob1,,85.824,,autosome,1,79.177,,,,,
,22nov16_30sep16_MSM_f2_sp1_13.1_rev,blob1,,83.182,,autosome,1,78.526,,,,,
,27jul15_22jun15_G_m2_sp1_8_rev,blob13,,85.298,,autosome,1,78.355,,,,,
,3aug17_8may17_LEW_m2_sp1_5_rev,blob10,,109.157,,autosome,1,77.574,,,,,
,4dec14_8oct14_PWD_f1_sp1_16_rev,blob10,,87.599,,autosome,1,77.26,,,,,
,22nov16_13nov16_MSM_f2_sp1_18,blob_14,,108.165,,autosome,1,77.172,,,,,
,5aug17_14jul17_LEW_f1_sp1_1_rev,blob4,,109.77,,autosome,1,76.593,,,,,
,14oct16_30jun16_CAST_m3_sp1_3.2,blob_9,,78.735,10,autosome,1,76.397,,,,,
,12jan17_4jan17_LEW_f1_sp1_22_rev,blob5,,84.623,,autosome,1,76.072,,,,,
,13jul15_12jun15_WSB_f1_sp1_13_rev,blob16,,87.119,,autosome,1,76.039,,,,,
,13jul15_12jun15_WSB_f1_sp1_13_rev,blob14,,93.348,,autosome,1,74.468,,,,,
,29nov16_13nov16_MSM_f1_sp1_24.1_rev,blob14,,99.655,,autosome,1,74.15,,,,,
,7feb17_20dec16_LEW_m2_sp1_20_rev,blob11,,115.009,,autosome,1,73.953,,,,,
,29nov16_13nov16_MSM_m2_sp1_13_rev,blob6,,101.581,,autosome,1,73.935,,,,,
,27oct16_31aug16_MSM_m1_sp1_9_rev,blob11,,78.276,,autosome,1,73.681,,,,,
,18mar15_10mar15_WSB_m1_sp1_13_rev,blob18,,77.031,,autosome,1,73.673,,,,,
,15sep15_16jun15_WSB_f3_sp2_1_rev,blob12,,93.058,,autosome,1,73.46,,,,,
,2aug15_8jun15_G_f4_sp1_18_rev,blob14,,93.174,,autosome,1,72.973,,,,,
,4dec14_8oct14_PWD_f1_sp1_12_rev,blob5,,105.845,,autosome,1,72.904,,,,,
,5aug17_14jul17_LEW_f1_sp1_1_rev,blob2,,84.095,,autosome,1,72.865,,,,,
,22nov16_13nov16_MSM_f2_sp1_19,blob_13,,79.213,,autosome,1,72.706,,,,,
,1oct16_30jun16_CAST_m3_sp1_m3_5.1,blob_8,,102.765,,autosome,1,72.523,,,,,
,7feb17_20dec16_LEW_m2_sp1_20_rev,blob3,,83.578,,autosome,1,72.383,,,,,
"3,5,6,7,8,13",29nov16_13nov16_MSM_m2_sp1_13,blob_5,,104.659,,autosome,1,72.144,,,,,
"3,5,6,7,8,19",29nov16_13nov16_MSM_m2_sp1_13,blob_11,,84.167,,autosome,1,71.991,,,,,
,28jul15_22jun15_G_m2_sp1_4_rev,blob12,,98.622,,autosome,1,71.853,,,,,
,15sep15_16jun15_WSB_f3_sp2_1_rev,blob1,,101.41,,autosome,1,71.67,,,,,
,7feb17_20dec16_LEW_m2_sp1_20_rev,blob2,,88.336,,autosome,1,71.498,,,,,
,27oct16_31aug16_MSM_m1_sp1_26,blob_14,,81.722,,autosome,1,71.476,,,maybe 2CO,,
,30mar15_13oct14_G_f1_sp1_1.1_rev,blob14,,84.41,,autosome,1,71.416,,,,,
,7feb17_20dec16_LEW_m2_sp1_25_rev,blob10,,92.249,,autosome,1,70.964,,,,,
,3aug17_8may17_LEW_m2_sp1_3_rev,blob17,,110.839,,autosome,1,70.941,,,,,
,20jul15_18may15_PWD_m1_sp1_2.2_rev,blob3,,84.465,,autosome,1,70.791,,,,,
,7feb17_20dec16_LEW_m2_sp1_25_rev,blob13,,79.566,,autosome,1,70.398,,,,,
,3aug17_8may17_LEW_m2_sp1_5_rev,blob5,,89.106,,autosome,1,70.322,,,,,
,20jul15_18may15_PWD_m1_sp1_2.2_rev,blob12,,98.96,,autosome,1,70.191,,,,,
,14oct16_30jun16_CAST_m3_sp1_3.2,blob_11,,97.938,3,autosome,1,70.097,,,,,
,2aug15_8jun15_G_f4_sp1_18_rev,blob7,,100.743,,autosome,1,69.33,,,,,
,22nov16_30sep16_MSM_f2_sp1_13.1_rev,blob4,,106.309,,autosome,1,69.305,,,,,
,1mar16_3jan16_G_m2_sp1_19.3_rev,blob1,,84.806,,autosome,1,68.853,,,,,
,29nov16_13nov16_MSM_m2_sp1_13_rev,blob12,,83.931,,autosome,1,68.805,,,,,
,5aug17_14jul17_LEW_f1_sp1_1_rev,blob1,,78.357,,autosome,1,68.525,,,,,
,2aug15_8jun15_G_f4_sp1_7_rev,blob1,,91.902,,autosome,1,68.277,,,,,
,27oct16_31aug16_MSM_m1_sp1_11,blob_13,,101.553,,autosome,1,67.988,,,,,
,27oct16_31aug16_MSM_m1_sp1_9_rev,blob5,,74.177,,autosome,1,67.804,,,,,
,27oct16_31aug16_MSM_m1_sp1_19,blob_8,,117.23,,autosome,1,67.437,,,,,
,27oct16_31aug16_MSM_m1_sp1_26,blob_4,,74.494,,autosome,1,67.404,,,,,
,27jul15_22jun15_G_m2_sp1_8_rev,blob3,,76.398,,autosome,1,67.393,,,,,
,30mar15_13oct14_G_f1_sp1_1.1_rev,blob2,,82.893,,autosome,1,67.385,,,,,
,28jul15_22jun15_G_m2_sp1_3_rev,blob1,,71.013,,autosome,1,67.213,,,,,
,30jul15_12jun15_WSB_m2_sp1_7.2_rev,blob13,,69.603,,autosome,1,67.14,,,maybe 2CO,,
,22nov16_30sep16_MSM_f2_sp1_22_rev,blob17,,86.412,,autosome,1,67.087,,,,,
,28jul15_22jun15_G_m2_sp1_3_rev,blob5,,94.828,,autosome,1,67.073,,,,,
,8jun15_23apr15_PWD_f2_sp1_20_rev,blob10,,80.922,,autosome,1,67.053,,,,,
,20jul15_18may15_PWD_m1_sp1_6.1_rev,blob6,,99.932,,autosome,1,66.724,,,,,
,2aug15_8jun15_G_f4_sp1_18_rev,blob20,,107.759,,autosome,1,66.539,,,broken,,
,1mar16_3jan16_G_m2_sp1_19.3_rev,blob10,,73.358,,autosome,1,66.519,,,,,
"3,5,6,7,8,11",29nov16_13nov16_MSM_m2_sp1_13,blob_3,,78.414,,autosome,1,66.351,,,,,
,27oct16_31aug16_MSM_m1_sp1_26,blob_11,,96.328,,autosome,1,66,,,,,
,4dec14_8oct14_PWD_f1_sp1_12_rev,blob16,,94.144,,autosome,1,65.988,,,Maybe 2CO,,
,1oct16_30jun16_CAST_m3_sp1_m3_5.1,blob_18,,79.233,,autosome,1,65.768,,,,,
,12jan17_4jan17_LEW_f1_sp1_22_rev,blob13,,98.746,,autosome,1,65.663,,,,,
,7feb17_20dec16_LEW_m2_sp1_25_rev,blob2,,70.31,,autosome,1,65.638,,,,,
,4dec14_8oct14_PWD_f1_sp1_12_rev,blob11,,104.74,,autosome,1,65.333,,,,,
,30jul15_12jun15_WSB_m2_sp1_7.2_rev,blob11,,69.242,,autosome,1,65.31,,,maybe 2CO,,
,15sep15_16jun15_WSB_f3_sp2_1_rev,blob13,,73.18,,autosome,1,65.117,,,,,
,13jul15_12jun15_WSB_f1_sp1_13_rev,blob19,,77.269,,autosome,1,64.87,,,,,
,29nov16_13nov16_MSM_m2_sp1_13_rev,blob3,,75.844,,autosome,1,64.8,,,,,
,18mar15_10mar15_WSB_m1_sp1_13_rev,blob12,,67.947,,autosome,1,64.755,,,,,
,4dec14_8oct14_PWD_f1_sp1_16_rev,blob12,,95.733,,autosome,1,64.382,,,,,
,14oct16_30jun16_CAST_m3_sp1_3.2,blob_10,,72.211,12,autosome,1,64.346,,,,,
,27oct16_31aug16_MSM_m1_sp1_18_rev,blob6,,105.919,,autosome,1,64.299,,,,,
,22nov16_30sep16_MSM_f2_sp1_13.1_rev,blob14,,81.142,,autosome,1,64.258,,,,,
,18mar15_10mar15_WSB_m1_sp1_13_rev,blob20,,70.461,,autosome,1,63.627,,,,,
,5aug17_14jul17_LEW_f1_sp1_11_rev,blob17,,107.384,,autosome,1,63.254,,,,,
,27oct16_31aug16_MSM_m1_sp1_18_rev,blob7,,110.297,,autosome,1,63.217,,,,,
,2aug15_8jun15_G_f4_sp1_18_rev,blob12,,87.168,,autosome,1,63.112,,,,,
,30jul15_12jun15_WSB_m2_sp1_3_rev,blob1,,71.781,,autosome,1,63.107,,,,,
,13jul15_12jun15_WSB_f1_sp1_13_rev,blob9,,75.195,,autosome,1,63.049,,,,,
,1oct16_30jun16_CAST_m3_sp1_m3_5.1,blob_1,,78.876,,autosome,1,62.894,,,,,
,7feb17_20dec16_LEW_m2_sp1_25_rev,blob19,,71.587,,autosome,1,62.891,,,,,
,1oct16_30jun16_CAST_m3_sp1_m3_5.1,blob_5,,102.11,,autosome,1,62.819,,,,,
,30jul15_12jun15_WSB_m2_sp1_3_rev,blob7,,66.164,,autosome,1,62.749,,,,,
,18mar15_10mar15_WSB_m1_sp1_13_rev,blob14,,80.068,,autosome,1,62.728,,,,,
,27jul15_22jun15_G_m2_sp1_8_rev,blob18,,86.044,,autosome,1,62.701,,,,,
,27oct16_31aug16_MSM_m1_sp1_11,blob_2,,66.51,,autosome,1,62.596,,,,,
,2aug15_8jun15_G_f4_sp1_18_rev,blob17,,79.084,,autosome,1,62.591,,,,,
,13jul15_12jun15_WSB_f1_sp1_13_rev,blob8,,105.855,,autosome,1,62.4,,,,,
,18mar15_10mar15_WSB_m1_sp1_13_rev,blob11,,63.118,,autosome,1,62.241,,,,,
,20jul15_18may15_PWD_m1_sp1_6.1_rev,blob1,,83.527,,autosome,1,62.022,,,,,
,22nov16_13nov16_MSM_f2_sp1_18,blob_4,,79.825,,autosome,1,61.849,,,,,
,28jul15_22jun15_G_m2_sp1_3_rev,blob4,,76.389,,autosome,1,61.73,,,,,
,27jul15_22jun15_G_m2_sp1_8_rev,blob2,,67.714,,autosome,1,61.64,,,,,
"3,5,6,7,8,18",29nov16_13nov16_MSM_m2_sp1_13,blob_10,,74.243,,autosome,1,61.414,,,,,
,4dec14_8oct14_PWD_f1_sp1_12_rev,blob18,,125.543,,autosome,1,61.236,,,,,
,1oct16_30jun16_CAST_m3_sp1_m3_5.1,blob_4,,66.149,,autosome,1,61.151,,,,,
,30mar15_13oct14_G_f1_sp1_1.1_rev,blob10,,88.28,,autosome,1,60.864,,,,,
,29nov16_13nov16_MSM_m2_sp1_13_rev,blob9,,73.75,,autosome,1,60.83,,,,,
,30jul15_12jun15_WSB_m2_sp1_3_rev,blob17,,83.063,,autosome,1,60.805,,,,,
,2apr15_14sep14_WSB_f1_sp1_15_rev,blob13,,98.104,,autosome,1,60.647,,,,,
,4dec14_8oct14_PWD_f1_sp1_16_rev,blob13,,85.783,,autosome,1,60.309,,,SC slightly broken,,
,3aug17_8may17_LEW_m2_sp1_5_rev,blob7,,78.347,,autosome,1,60.107,,,,,
,1mar16_3jan16_G_m2_sp1_19.3_rev,blob20,,69.406,,autosome,1,60.105,,,,,
,3aug17_8may17_LEW_m2_sp1_3_rev,blob7,,87.095,,autosome,1,60.051,,,,,
,4dec14_8oct14_PWD_f1_sp1_16_rev,blob14,,78.63,,autosome,1,59.998,,,shadow at the end,,
,3aug17_8may17_LEW_m2_sp1_3_rev,blob6,,74.377,,autosome,1,59.699,,,,,
,28jul15_22jun15_G_m2_sp1_19_rev,blob19,,68.829,,autosome,1,59.654,,,,,
,27oct16_31aug16_MSM_m1_sp1_9_rev,blob3,,97.379,,autosome,1,59.602,,,,,
,20jul15_18may15_PWD_m1_sp1_6.1_rev,blob2,,88.724,,autosome,1,59.552,,,,,
,28jul15_22jun15_G_m2_sp1_19_rev,blob9,,75.456,,autosome,1,59.54,,,maybe 2CO,,
,27oct16_31aug16_MSM_m1_sp1_11,blob_3,,71.696,,autosome,1,59.411,,,,,
,27jul15_22jun15_G_m2_sp1_8_rev,blob14,,69.488,,autosome,1,59.322,,,,,
,28jul15_22jun15_G_m2_sp1_19_rev,blob3,,79.545,,autosome,1,59.149,,,,,
,1mar16_3jan16_G_m2_sp1_19.3_rev,blob2,,61.052,,autosome,1,58.981,,,,,
,28jul15_22jun15_G_m2_sp1_19_rev,blob17,,74.762,,autosome,1,58.879,,,,,
,4dec14_8oct14_PWD_f1_sp1_12_rev,blob13,,78.02,,autosome,1,58.774,,,,,
,4dec14_8oct14_PWD_f1_sp1_12_rev,blob14,,82.183,,autosome,1,58.686,,,,,
,4dec14_8oct14_PWD_f1_sp1_16_rev,blob18,,79.594,,autosome,1,58.589,,,SC signal is faint,,
,27oct16_31aug16_MSM_m1_sp1_18_rev,blob17,,73.276,,autosome,1,57.828,,,,,
,12jan17_4jan17_LEW_f1_sp1_22_rev,blob10,,108.246,,autosome,1,57.673,,,,,
,7feb17_20dec16_LEW_m2_sp1_20_rev,blob20,,74.309,,autosome,1,57.668,,,,,
,22nov16_13nov16_MSM_f2_sp1_19,blob_4,,86.881,,autosome,1,57.663,,,,,
,20jul15_18may15_PWD_m1_sp1_2.2_rev,blob14,,97.499,,autosome,1,57.598,,,,,
,15sep15_16jun15_WSB_f3_sp2_1_rev,blob9,,142.19,,autosome,1,57.386,,,,,
,7feb17_20dec16_LEW_m2_sp1_25_rev,blob6,,60.121,,autosome,1,57.33,,,,,
,7feb17_20dec16_LEW_m2_sp1_20_rev,blob19,,68.738,,autosome,1,57.258,,,,,
,27oct16_31aug16_MSM_m1_sp1_11,blob_9,,81.544,,autosome,1,57.194,,,,,
,7feb17_20dec16_LEW_m2_sp1_20_rev,blob5,,67.302,,autosome,1,57.092,,,,,
,7feb17_20dec16_LEW_m2_sp1_25_rev,blob20,,70.953,,autosome,1,57.079,,,,,
,27oct16_31aug16_MSM_m1_sp1_19,blob_19,,80.914,,autosome,1,56.835,,,,,
,27jul15_22jun15_G_m2_sp1_8_rev,blob7,,80.368,,autosome,1,56.829,,,,,
,2aug15_8jun15_G_f4_sp1_18_rev,blob15,,77.228,,autosome,1,56.813,,,,,
,27jul15_22jun15_G_m2_sp1_8_rev,blob19,,91.576,,autosome,1,56.532,,,,,
,3aug17_8may17_LEW_m2_sp1_5_rev,blob1,,58.544,,autosome,1,55.981,,,,,
,30jul15_12jun15_WSB_m2_sp1_3_rev,blob2,,61.403,,autosome,1,55.836,,,,,
,1mar16_3jan16_G_m2_sp1_19.3_rev,blob14,,79.319,,autosome,1,55.667,,,,,
,2aug15_8jun15_G_f4_sp1_7_rev,blob2,,96.188,,autosome,1,55.483,,,,,
,30mar15_13oct14_G_f1_sp1_1.1_rev,blob20,,107.422,,autosome,1,55.464,,,,,
,1mar16_3jan16_G_m2_sp1_19.3_rev,blob3,,59.437,,autosome,1,55.318,,,,,
,5aug17_14jul17_LEW_f1_sp1_11_rev,blob14,,78.338,,autosome,1,55.302,,,,,
,2apr15_14sep14_WSB_f1_sp1_15_rev,blob10,,73.492,,autosome,1,55.132,,,,,
,12jan17_4jan17_LEW_f1_sp1_22_rev,blob2,,60.491,,autosome,1,54.863,,,,,
,27oct16_31aug16_MSM_m1_sp1_11,blob_18,,68.685,,autosome,1,54.772,,,,,
,14oct16_30jun16_CAST_m3_sp1_3.2,blob_7,,73.27,11,autosome,1,54.748,,,,,
,2aug15_8jun15_G_f4_sp1_18_rev,blob1,,106.178,,autosome,1,54.365,,,,,
,8jun15_23apr15_PWD_f2_sp1_20_rev,blob6,,90.112,,autosome,1,54.357,,,,,
,4dec14_8oct14_PWD_f1_sp1_16_rev,blob19,,91.422,,autosome,1,54.117,,,,,
,28jul15_22jun15_G_m2_sp1_19_rev,blob7,,101.418,,autosome,1,53.989,,,,,
,15sep15_16jun15_WSB_f3_sp2_1_rev,blob14,,83.674,,autosome,1,53.599,,,,,
,7feb17_20dec16_LEW_m2_sp1_25_rev,blob8,,71.038,,autosome,1,53.498,,,,,
,30jul15_12jun15_WSB_m2_sp1_7.2_rev,blob9,,59.682,,autosome,1,53.269,,,,,
,30jul15_12jun15_WSB_m2_sp1_7.2_rev,blob8,,61.451,,autosome,1,53.255,,,,,
,28jul15_22jun15_G_m2_sp1_3_rev,blob16,,67.007,,autosome,1,53.088,,,,,
,12jan17_4jan17_LEW_f1_sp1_22_rev,blob6,,66.662,,autosome,1,53.014,,,,,
,30mar15_13oct14_G_f1_sp1_1.1_rev,blob6,,94.025,,autosome,1,52.955,,,,,
,28jul15_22jun15_G_m2_sp1_3_rev,blob19,,68.956,,autosome,1,52.671,,,,,
,1oct16_30jun16_CAST_m3_sp1_m3_5.1,blob_17,,67.38,,autosome,1,52.634,,,,,
,7feb17_20dec16_LEW_m2_sp1_25_rev,blob12,,75.316,,autosome,1,52.593,,,,,
,7feb17_20dec16_LEW_m2_sp1_25_rev,blob1,,69.657,,autosome,1,52.53,,,,,
,18mar15_10mar15_WSB_m1_sp1_13_rev,blob10,,62.525,,autosome,1,52.518,,,,,
,22nov16_30sep16_MSM_f2_sp1_22_rev,blob14,,89.04,,autosome,1,52.429,,,,,
,13jul15_12jun15_WSB_f1_sp1_13_rev,blob6,,92.777,,autosome,1,52.418,,,,,
,3aug17_8may17_LEW_m2_sp1_3_rev,blob1,,60.451,,autosome,1,52.38,,,,,
,22nov16_30sep16_MSM_f2_sp1_13.1_rev,blob7,,78.673,,autosome,1,52.172,,,,,
,22nov16_30sep16_MSM_f2_sp1_13.1_rev,blob19,,73.465,,autosome,1,52.086,,,,,
,18mar15_10mar15_WSB_m1_sp1_13_rev,blob8,,57.987,,autosome,1,52.026,,,,,
,27oct16_31aug16_MSM_m1_sp1_19,blob_16,,66.924,,autosome,1,52.006,,,,,
,27oct16_31aug16_MSM_m1_sp1_19,blob_10,,82.114,,autosome,1,51.898,,,,,
,14oct16_30jun16_CAST_m3_sp1_3.2,blob_6,,54.275,17,autosome,1,51.889,,,,,
,3aug17_8may17_LEW_m2_sp1_3_rev,blob4,,71.387,,autosome,1,51.694,,,,,
,2aug15_8jun15_G_f4_sp1_7_rev,blob6,,78.562,,autosome,1,51.543,,,,,
,20jul15_18may15_PWD_m1_sp1_2.2_rev,blob15,,62.33,,autosome,1,51.44,,,,,
,7feb17_20dec16_LEW_m2_sp1_25_rev,blob14,,62.668,,autosome,1,51.415,,,,,
,13jul15_12jun15_WSB_f1_sp1_13_rev,blob18,,109.572,,autosome,1,51.314,,,,,
,20jul15_18may15_PWD_m1_sp1_6.1_rev,blob12,,98.1,,autosome,1,51.224,,,,,
,1oct16_30jun16_CAST_m3_sp1_m3_5.1,blob_15,,58.801,,autosome,1,50.766,,,,,
,29nov16_13nov16_MSM_f1_sp1_24.1_rev,blob4,,100.834,,autosome,1,50.699,,,,,
,22nov16_13nov16_MSM_f2_sp1_18,blob_1 ,,97.13,,autosome,1,50.596,,,,,
,27jul15_22jun15_G_m2_sp1_8_rev,blob17,,80.576,,autosome,1,50.57,,,,,
,28jul15_22jun15_G_m2_sp1_19_rev,blob1,,101.276,,autosome,1,50.395,,,maybe 2CO,,
,13jul15_12jun15_WSB_f1_sp1_13_rev,blob7,,89.403,,autosome,1,50.37,,,,,
,30jul15_12jun15_WSB_m2_sp1_3_rev,blob12,,57.295,,autosome,1,50.29,,,,,
,18mar15_10mar15_WSB_m1_sp1_13_rev,blob1,,52.935,,autosome,1,50.184,,,,,
16 of 20,29nov16_13nov16_MSM_f1_sp1_5,blob_8,,74.937,,autosome,1,50.114,,,,,
,30jul15_12jun15_WSB_m2_sp1_3_rev,blob4,,70.962,,autosome,1,50.069,,,,,
,27oct16_31aug16_MSM_m1_sp1_9_rev,blob7,,58.44,,autosome,1,50.048,,,,,
,5aug17_14jul17_LEW_f1_sp1_11_rev,blob13,,114.373,,autosome,1,49.994,,,,,
,22mar15_10mar15_PWD_m2_sp1_15_rev,blob19,,54.769,,autosome,1,49.977,,,,,
,5aug17_14jul17_LEW_f1_sp1_11_rev,blob8,,83.471,,autosome,1,49.919,,,,,
,30jul15_12jun15_WSB_m2_sp1_7.2_rev,blob5,,52.702,,autosome,1,49.842,,,,,
,27oct16_31aug16_MSM_m1_sp1_26,blob_13,,70.298,,autosome,1,49.815,,,,,
,28jul15_22jun15_G_m2_sp1_4_rev,blob15,,63.169,,autosome,1,49.748,,,,,
,4dec14_8oct14_PWD_f1_sp1_12_rev,blob17,,94.848,,autosome,1,49.422,,,,,
,4dec14_8oct14_PWD_f1_sp1_12_rev,blob20,,87.517,,autosome,1,49.351,,,,,
,30jul15_12jun15_WSB_m2_sp1_7.2_rev,blob16,,61.013,,autosome,1,49.326,,,,,
,4dec14_8oct14_PWD_f1_sp1_16_rev,blob20,,47.563,,autosome,1,49.306,,,,,
,7feb17_20dec16_LEW_m2_sp1_20_rev,blob14,,67.677,,autosome,1,49.175,,,,,
,14oct16_30jun16_CAST_m3_sp1_3.2,blob_2,,79.803,8,autosome,1,49.155,,,,,
,3aug17_8may17_LEW_m2_sp1_5_rev,blob8,,102.111,,autosome,1,49.146,,,,,
,30jul15_12jun15_WSB_m2_sp1_3_rev,blob14,,62.397,,autosome,1,49.092,,,,,
,29nov16_13nov16_MSM_f1_sp1_24.1_rev,blob11,,68.462,,autosome,1,48.904,,,,,
,3aug17_8may17_LEW_m2_sp1_5_rev,blob18,,80.261,,autosome,1,48.818,,,,,
,13jul15_12jun15_WSB_f1_sp1_13_rev,blob17,,79.901,,autosome,1,48.741,,,,,
,4dec14_8oct14_PWD_f1_sp1_16_rev,blob16,,84.994,,autosome,1,48.348,,,maybe faint CO (2CO),,
,28jul15_22jun15_G_m2_sp1_3_rev,blob18,,79.691,,autosome,1,48.183,,,,,
,20jul15_18may15_PWD_m1_sp1_2.2_rev,blob2,,52.744,,autosome,1,48.094,,,,,
,28jul15_22jun15_G_m2_sp1_4_rev,blob7,,79.323,,autosome,1,47.686,,,,,
,20jul15_18may15_PWD_m1_sp1_6.1_rev,blob16,,64.084,,autosome,1,47.67,,,,,
,22nov16_30sep16_MSM_f2_sp1_22_rev,blob11,,73.55,,autosome,1,47.607,,,,,
,30jul15_12jun15_WSB_m2_sp1_7.2_rev,blob3,,71.782,,autosome,1,47.599,,,,,
,22mar15_10mar15_PWD_m2_sp1_15_rev,blob8,,52.294,,autosome,1,47.524,,,,,
,28jul15_22jun15_G_m2_sp1_3_rev,blob15,,75.586,,autosome,1,47.396,,,,,
,28jul15_22jun15_G_m2_sp1_4_rev,blob1,,69.085,,autosome,1,47.097,,,,,
,2aug15_8jun15_G_f4_sp1_7_rev,blob4,,62.49,,autosome,1,47.058,,,,,
,3aug17_8may17_LEW_m2_sp1_3_rev,blob13,,90.746,,autosome,1,47.008,,,,,
,3aug17_8may17_LEW_m2_sp1_5_rev,blob2,,74.9,,autosome,1,46.827,,,,,
,8jun15_23apr15_PWD_f2_sp1_20_rev,blob11,,51.279,,autosome,1,46.737,,,,,
,27oct16_31aug16_MSM_m1_sp1_9_rev,blob9,,68.005,,autosome,1,46.661,,,,,
,4dec14_8oct14_PWD_f1_sp1_12_rev,blob1,,71.846,,autosome,1,46.631,,,,,
,4dec14_8oct14_PWD_f1_sp1_16_rev,blob15,,78.789,,autosome,1,46.628,,,,,
,30mar15_13oct14_G_f1_sp1_1.1_rev,blob16,,70.586,,autosome,1,46.567,,,,,
,22nov16_30sep16_MSM_f2_sp1_22_rev,blob13,,88.251,,autosome,1,46.402,,,,,
,12jan17_4jan17_LEW_f1_sp1_22_rev,blob17,,62.159,,autosome,1,46.394,,,,,
,14oct16_30jun16_CAST_m3_sp1_3.2,blob_5,,49.557,18,autosome,1,46.387,,,,,
,22nov16_13nov16_MSM_f2_sp1_18,blob_12,,75.923,,autosome,1,46.314,,,,,
,27oct16_31aug16_MSM_m1_sp1_26,blob_3,,54.772,,autosome,1,46.192,,,,,
,13jul15_12jun15_WSB_f1_sp1_13_rev,blob13,,71.443,,autosome,1,46.162,,,,,
,1oct16_30jun16_CAST_m3_sp1_m3_5.1,blob_9,,99.603,,autosome,1,46.044,,,,,
,3aug17_8may17_LEW_m2_sp1_5_rev,blob16,,53.491,,autosome,1,45.81,,,,,
,5aug17_14jul17_LEW_f1_sp1_1_rev,blob11,,103.921,,autosome,1,45.472,,,,,
,14oct16_30jun16_CAST_m3_sp1_3.2,blob_12,,90.169,4,autosome,1,45.448,,,,,
,29nov16_13nov16_MSM_m2_sp1_13_rev,blob18,,51.138,,autosome,1,45.308,,,,,
,22nov16_30sep16_MSM_f2_sp1_13.1_rev,blob17,,55.695,,autosome,1,45.269,,,,,
,30jul15_12jun15_WSB_m2_sp1_7.2_rev,blob19,,55.057,,autosome,1,45.234,,,,,
,14oct16_30jun16_CAST_m3_sp1_3.2,blob_16,,65.956,14,autosome,1,45.233,,,,,
,1oct16_30jun16_CAST_m3_sp1_m3_5.1,blob_19,,68.846,,autosome,1,45.171,,,,,
,22nov16_30sep16_MSM_f2_sp1_22_rev,blob16,,66.409,,autosome,1,45.168,,,,,
,29nov16_13nov16_MSM_f1_sp1_24.1_rev,blob18,,78.743,,autosome,1,45.122,,,,,
,2apr15_14sep14_WSB_f1_sp1_15_rev,blob5,,91.067,,autosome,1,45.114,,,,,
,4dec14_8oct14_PWD_f1_sp1_16_rev,blob4,,100.655,,autosome,1,45.1,,,maybe faint extra foci,,
,30jul15_12jun15_WSB_m2_sp1_3_rev,blob8,,76.97,,autosome,1,44.875,,,,,
"3,5,6,7,8,27",29nov16_13nov16_MSM_m2_sp1_13,blob_19,,54.383,,autosome,1,44.87,,,,,
,28jul15_22jun15_G_m2_sp1_4_rev,blob9,,66.342,,autosome,1,44.822,,,,,
,28jul15_22jun15_G_m2_sp1_19_rev,blob15,,55.605,,autosome,1,44.727,,,,,
,18mar15_10mar15_WSB_m1_sp1_13_rev,blob9,,51.452,,autosome,1,44.676,,,could be 2CO?,,
,1oct16_30jun16_CAST_m3_sp1_m3_5.1,blob_3,,64.761,,autosome,1,44.67,,,,,
,1mar16_3jan16_G_m2_sp1_19.3_rev,blob16,,48.319,,autosome,1,44.509,,,,,
,2apr15_14sep14_WSB_f1_sp1_15_rev,blob7,,63.027,,autosome,1,44.428,,,,,
,15sep15_16jun15_WSB_f3_sp2_1_rev,blob8,,68.781,,autosome,1,44.37,,,,,
,8jun15_23apr15_PWD_f2_sp1_20_rev,blob4,,93.53,,autosome,1,44.313,,,,,
,8jun15_23apr15_PWD_f2_sp1_20_rev,blob5,,75.778,,autosome,1,44.111,,,,,
,27jul15_22jun15_G_m2_sp1_8_rev,blob11,,69.069,,autosome,1,44.078,,,,,
,30mar15_13oct14_G_f1_sp1_1.1_rev,blob4,,94.439,,autosome,1,43.999,,,,,
,22mar15_10mar15_PWD_m2_sp1_15_rev,blob1,,75.847,,autosome,1,43.997,,,,,
,3aug17_8may17_LEW_m2_sp1_3_rev,blob9,,73.523,,autosome,1,43.956,,,,,
,5aug17_14jul17_LEW_f1_sp1_11_rev,blob18,,68.34,,autosome,1,43.873,,,,,
,22mar15_10mar15_PWD_m2_sp1_15_rev,blob15,,59.992,,autosome,1,43.577,,,,,
,28jul15_22jun15_G_m2_sp1_4_rev,blob4,,70.424,,autosome,1,43.527,,,,,
,7feb17_20dec16_LEW_m2_sp1_20_rev,blob17,,60.739,,autosome,1,43.498,,,,,
,1mar16_3jan16_G_m2_sp1_19.3_rev,blob4,,118.22,,autosome,1,43.473,,,,,
,1mar16_3jan16_G_m2_sp1_19.3_rev,blob15,,58.386,,autosome,1,43.173,,,,,
,2aug15_8jun15_G_f4_sp1_18_rev,blob11,,69.588,,autosome,1,43.112,,,,,
,30jul15_12jun15_WSB_m2_sp1_3_rev,blob16,,46.405,,autosome,1,42.93,,,,,
,22nov16_13nov16_MSM_f2_sp1_18,blob_2,,89.227,,autosome,1,42.877,,,,,
,22nov16_30sep16_MSM_f2_sp1_22_rev,blob5,,47.845,,autosome,1,42.73,,,,,
,28jul15_22jun15_G_m2_sp1_19_rev,blob14,,87.81,,autosome,1,42.516,,,,,
,27oct16_31aug16_MSM_m1_sp1_18_rev,blob5,,87.965,,autosome,1,42.454,,,,,
,14oct16_30jun16_CAST_m3_sp1_3.2,blob_13,,80.988,7,autosome,1,42.424,,,,,
,12jan17_4jan17_LEW_f1_sp1_22_rev,blob4,,96.843,,autosome,1,42.419,,,,,
,29nov16_13nov16_MSM_f1_sp1_24.1_rev,blob9,,88.467,,autosome,1,42.196,,,,,
,30mar15_13oct14_G_f1_sp1_1.1_rev,blob15,,94.518,,autosome,1,41.613,,,,,
16 of 20,29nov16_13nov16_MSM_f1_sp1_5,blob_17,,93.201,,autosome,1,41.418,,,,,
,27oct16_31aug16_MSM_m1_sp1_9_rev,blob20,,79.067,,autosome,1,41.384,,,,,
,28jul15_22jun15_G_m2_sp1_4_rev,blob2,,56.251,,autosome,1,41.182,,,,,
16 of 20,29nov16_13nov16_MSM_f1_sp1_5,blob_14,,104.175,,autosome,1,41.147,,,maybe XY? ,,
,22nov16_30sep16_MSM_f2_sp1_22_rev,blob18,,77.21,,autosome,1,40.944,,,,,
,27jul15_22jun15_G_m2_sp1_8_rev,blob6,,45.831,,autosome,1,40.855,,,,,
,22nov16_30sep16_MSM_f2_sp1_13.1_rev,blob15,,68.705,,autosome,1,40.771,,,,,
,7feb17_20dec16_LEW_m2_sp1_25_rev,blob9,,49.328,,autosome,1,40.702,,,,,
,4dec14_8oct14_PWD_f1_sp1_16_rev,blob17,,49.065,,autosome,1,40.685,,,,,
,7feb17_20dec16_LEW_m2_sp1_20_rev,blob6,,86.543,,autosome,1,40.609,,,,,
,2aug15_8jun15_G_f4_sp1_18_rev,blob18,,61.036,,autosome,1,40.356,,,,,
,3aug17_8may17_LEW_m2_sp1_3_rev,blob3,,84.792,,autosome,1,40.323,,,,,
,5aug17_14jul17_LEW_f1_sp1_1_rev,blob12,,125.786,,autosome,1,40.317,,,,,
,5aug17_14jul17_LEW_f1_sp1_1_rev,blob10,,116.418,,autosome,1,40.23,,,,,
,5aug17_14jul17_LEW_f1_sp1_1_rev,blob19,,120.154,,autosome,1,40.226,,,,,
16 of 20,29nov16_13nov16_MSM_f1_sp1_5,blob_18,,71.303,,autosome,1,40.053,,,,,
,4dec14_8oct14_PWD_f1_sp1_12_rev,blob9,,70.151,,autosome,1,39.905,,,,,
,20jul15_18may15_PWD_m1_sp1_6.1_rev,blob3,,85.374,,autosome,1,39.898,,,,,
,22nov16_30sep16_MSM_f2_sp1_13.1_rev,blob10,,77.536,,autosome,1,39.719,,,,,
,14oct16_30jun16_CAST_m3_sp1_3.2,blob_1,,64.785,15,autosome,1,39.589,,,,,
,20jul15_18may15_PWD_m1_sp1_6.1_rev,blob17,,92.841,,autosome,1,39.565,,,,,
,27jul15_22jun15_G_m2_sp1_8_rev,blob1,,50.758,,autosome,1,39.558,,,,,
,28jul15_22jun15_G_m2_sp1_19_rev,blob2,,52.281,,autosome,1,39.546,,,,,
,18mar15_10mar15_WSB_m1_sp1_13_rev,blob15,,71.355,,autosome,1,39.395,,,,,
,7feb17_20dec16_LEW_m2_sp1_20_rev,blob8,,46.718,,autosome,1,39.252,,,,,
,14oct16_30jun16_CAST_m3_sp1_3.2,blob_15,,88.39,5,autosome,1,39.211,,,,,
,22mar15_10mar15_PWD_m2_sp1_15_rev,blob2,,48.24,,autosome,1,39.21,,,,,
,22nov16_30sep16_MSM_f2_sp1_22_rev,blob2,,83.052,,autosome,1,39.142,,,,,
,2apr15_14sep14_WSB_f1_sp1_15_rev,blob6,,99.403,,autosome,1,39.092,,,,,
,28jul15_22jun15_G_m2_sp1_4_rev,blob14,,65.935,,autosome,1,38.935,,,,,
"3,5,6,7,8,9",29nov16_13nov16_MSM_m2_sp1_13,blob_1 ,,62.878,,autosome,1,38.725,,,,,
,8jun15_23apr15_PWD_f2_sp1_20_rev,blob12,,62.545,,autosome,1,38.204,,,,,
,1oct16_30jun16_CAST_m3_sp1_m3_5.1,blob_2,,51.172,,autosome,1,38.013,,,,,
,22nov16_30sep16_MSM_f2_sp1_22_rev,blob20,,112.373,,autosome,1,37.97,,,,,
,13jul15_12jun15_WSB_f1_sp1_13_rev,blob4,,49.74,,autosome,1,37.891,,,,,
,22nov16_30sep16_MSM_f2_sp1_13.1_rev,blob6,,49.971,,autosome,1,37.264,,,,,
,28jul15_22jun15_G_m2_sp1_19_rev,blob10,,98.087,,autosome,1,37.18,,,,,
,7feb17_20dec16_LEW_m2_sp1_25_rev,blob18,,51.098,,autosome,1,36.871,,,,,
,12jan17_4jan17_LEW_f1_sp1_22_rev,blob15,,69.045,,autosome,1,36.774,,,,,
,28jul15_22jun15_G_m2_sp1_19_rev,blob16,,69.446,,autosome,1,36.502,,,,,
,7feb17_20dec16_LEW_m2_sp1_25_rev,blob15,,44.253,,autosome,1,36.275,,,,,
,1oct16_30jun16_CAST_m3_sp1_m3_5.1,blob_10,,87.244,,autosome,1,36.138,,,,,
,4dec14_8oct14_PWD_f1_sp1_16_rev,blob2,,92.301,,autosome,1,36.07,,,,,
,3aug17_8may17_LEW_m2_sp1_5_rev,blob9,,68.615,,autosome,1,35.736,,,,,
,5aug17_14jul17_LEW_f1_sp1_1_rev,blob5,,92.443,,autosome,1,35.568,,,,,
,5aug17_14jul17_LEW_f1_sp1_11_rev,blob11,,114.164,,autosome,1,35.533,,,,,
,29nov16_13nov16_MSM_f1_sp1_24.1_rev,blob8,,52.411,,autosome,1,35.46,,,,,
,22nov16_13nov16_MSM_f2_sp1_18,blob_6,,79.088,,autosome,1,35.257,,,,,
,29nov16_13nov16_MSM_f1_sp1_24.1_rev,blob17,,101.197,,autosome,1,35.148,,,,,
,2apr15_14sep14_WSB_f1_sp1_15_rev,blob16,,71.63,,autosome,1,35.148,,,,,
,1mar16_3jan16_G_m2_sp1_19.3_rev,blob7,,84.609,,autosome,1,35.105,,,,,
,18mar15_10mar15_WSB_m1_sp1_13_rev,blob13,,72.51,,autosome,1,34.839,,,,,
,18mar15_10mar15_WSB_m1_sp1_13_rev,blob19,,59.725,,autosome,1,34.713,,,,,
,8jun15_23apr15_PWD_f2_sp1_20_rev,blob17,,55.601,,autosome,1,34.697,,,,,
,5aug17_14jul17_LEW_f1_sp1_1_rev,blob13,,82.187,,autosome,1,34.551,,,,,
,15sep15_16jun15_WSB_f3_sp2_1_rev,blob18,,51.383,,autosome,1,34.452,,,,,
,27oct16_31aug16_MSM_m1_sp1_9_rev,blob6,,66.92,,autosome,1,34.441,,,,,
,14oct16_30jun16_CAST_m3_sp1_3.2,blob_3,,79.754,9,autosome,1,34.213,,,,,
,30jul15_12jun15_WSB_m2_sp1_7.2_rev,blob20,,43.322,,autosome,1,34.169,,,,,
,22nov16_13nov16_MSM_f2_sp1_18,blob_5,,98.871,,autosome,1,33.659,,,,,
,27oct16_31aug16_MSM_m1_sp1_11,blob_14,,97.267,,autosome,1,33.658,,,,,
,1oct16_30jun16_CAST_m3_sp1_m3_5.1,blob_13,,69.337,,autosome,1,33.651,,,,,
,27jul15_22jun15_G_m2_sp1_8_rev,blob15,,65.721,,autosome,1,33.647,,,,,
,29nov16_13nov16_MSM_f1_sp1_24.1_rev,blob16,,84.718,,autosome,1,33.646,,,,,
,29nov16_13nov16_MSM_f1_sp1_24.1_rev,blob13,,87.142,,autosome,1,33.642,,,could be 2CO?,,
,13jul15_12jun15_WSB_f1_sp1_13_rev,blob11,,92.947,,autosome,1,33.514,,,,,
,30jul15_12jun15_WSB_m2_sp1_7.2_rev,blob10,,82.61,,autosome,1,33.261,,,,,
,30jul15_12jun15_WSB_m2_sp1_3_rev,blob6,,40.958,,autosome,1,33.161,,,,,
,4dec14_8oct14_PWD_f1_sp1_12_rev,blob15,,57.21,,autosome,1,33.078,,,,,
,14oct16_30jun16_CAST_m3_sp1_3.2,blob_14,,60.579,16,autosome,1,32.562,,,,,
,8jun15_23apr15_PWD_f2_sp1_20_rev,blob16,,90.045,,autosome,1,32.369,,,,,
,22nov16_13nov16_MSM_f2_sp1_18,blob_8,,77.235,,autosome,1,32.294,,,,,
,7feb17_20dec16_LEW_m2_sp1_20_rev,blob15,,67.526,,autosome,1,32.245,,,,,
,5aug17_14jul17_LEW_f1_sp1_11_rev,blob5,,97.134,,autosome,1,32.087,,,,,
check!,3aug17_8may17_LEW_m2_sp1_5_rev,blob20,,50.331,,autosome,1,32.033,,46.688,,,
,7feb17_20dec16_LEW_m2_sp1_25_rev,blob7,,80.1,,autosome,1,32.024,,,,,
check!,22nov16_13nov16_MSM_f2_sp1_19,blob_11,,92.888,,autosome,1,31.995,,78.091,,,
,27oct16_31aug16_MSM_m1_sp1_9_rev,blob18,,87.695,,autosome,1,31.953,,,,,
,15sep15_16jun15_WSB_f3_sp2_1_rev,blob4,,95.828,,autosome,1,31.902,,,,,
,22nov16_13nov16_MSM_f2_sp1_18,blob_16,,75.844,,autosome,1,31.838,,,,,
,20jul15_18may15_PWD_m1_sp1_2.2_rev,blob13,,58.361,,autosome,1,31.825,,,,,
,8jun15_23apr15_PWD_f2_sp1_20_rev,blob1,,69.547,,autosome,1,31.819,,,,,
,15sep15_16jun15_WSB_f3_sp2_1_rev,blob2,,87.384,,autosome,1,31.681,,,,,
,27oct16_31aug16_MSM_m1_sp1_18_rev,blob14,,53.952,,autosome,1,31.566,,,,,
,30jul15_12jun15_WSB_m2_sp1_3_rev,blob10,,67.233,,autosome,1,31.502,,,,,
,28jul15_22jun15_G_m2_sp1_4_rev,blob6,,78.718,,autosome,1,31.491,,,,,
,29nov16_13nov16_MSM_f1_sp1_24.1_rev,blob1,,72.801,,autosome,1,31.395,,,,,
,22nov16_13nov16_MSM_f2_sp1_18,blob_13,,94.831,,autosome,1,31.329,,,,,
,4dec14_8oct14_PWD_f1_sp1_16_rev,blob11,,58.829,,autosome,1,31.316,,,,,
,5aug17_14jul17_LEW_f1_sp1_1_rev,blob18,,90.303,,autosome,1,31.24,,,,,
,8jun15_23apr15_PWD_f2_sp1_20_rev,blob3,,48.795,,autosome,1,31.114,,,,,
,27oct16_31aug16_MSM_m1_sp1_19,blob_12,,52.784,,autosome,1,31.03,,,,,
,18mar15_10mar15_WSB_m1_sp1_13_rev,blob3,,54.413,,autosome,1,30.984,,,,,
,5aug17_14jul17_LEW_f1_sp1_1_rev,blob3,,77.186,,autosome,1,30.748,,,,,
,4dec14_8oct14_PWD_f1_sp1_12_rev,blob7,,93.896,,autosome,1,30.56,,,,,
,30jul15_12jun15_WSB_m2_sp1_7.2_rev,blob6,,42.276,,autosome,1,30.537,,,,,
,28jul15_22jun15_G_m2_sp1_3_rev,blob2,,48.025,,autosome,1,30.503,,,,,
,29nov16_13nov16_MSM_f1_sp1_24.1_rev,blob6,,96.339,,autosome,1,30.367,,,,,
,15sep15_16jun15_WSB_f3_sp2_1_rev,blob16,,75.552,,autosome,1,30.123,,,,,
,27oct16_31aug16_MSM_m1_sp1_19,blob_11,,111.593,,autosome,1,30.017,,,,,
,1mar16_3jan16_G_m2_sp1_19.3_rev,blob17,,79.553,,autosome,1,29.877,,,,,
,28jul15_22jun15_G_m2_sp1_3_rev,blob8,,55.281,,autosome,1,29.802,,,,,
,18mar15_10mar15_WSB_m1_sp1_13_rev,blob5,,34.982,,autosome,1,29.48,,,,,
,30mar15_13oct14_G_f1_sp1_1.1_rev,blob7,,80.822,,autosome,1,29.454,,,,,
,30jul15_12jun15_WSB_m2_sp1_7.2_rev,blob15,,67.836,,autosome,1,29.407,,,,,
,12jan17_4jan17_LEW_f1_sp1_22_rev,blob3,,80.863,,autosome,1,29.353,,,,,
,30mar15_13oct14_G_f1_sp1_1.1_rev,blob12,,60.546,,autosome,1,29.329,,,,,
,27oct16_31aug16_MSM_m1_sp1_9_rev,blob19,,69.461,,autosome,1,29.14,,,,,
,2aug15_8jun15_G_f4_sp1_18_rev,blob10,,69.046,,autosome,1,29.12,,,,,
,22nov16_30sep16_MSM_f2_sp1_13.1_rev,blob20,,62.806,,autosome,1,28.777,,,,,
,3aug17_8may17_LEW_m2_sp1_5_rev,blob11,,83.556,,autosome,1,28.692,,,,,
,22nov16_13nov16_MSM_f2_sp1_18,blob_7,,53.395,,autosome,1,28.689,,,,,
,18mar15_10mar15_WSB_m1_sp1_13_rev,blob7,,45.079,,autosome,1,28.674,,,,,
,27oct16_31aug16_MSM_m1_sp1_9_rev,blob12,,43.254,,autosome,1,28.596,,,,,
,5aug17_14jul17_LEW_f1_sp1_11_rev,blob10,,93.037,,autosome,1,28.53,,,,,
,3aug17_8may17_LEW_m2_sp1_5_rev,blob19,,64.809,,autosome,1,28.345,,,,,
,22nov16_30sep16_MSM_f2_sp1_13.1_rev,blob2,,68.952,,autosome,1,28.321,,,,,
,18mar15_10mar15_WSB_m1_sp1_13_rev,blob17,,48.892,,autosome,1,28.265,,,,,
,2aug15_8jun15_G_f4_sp1_7_rev,blob18,,82.175,,autosome,1,28.209,,,,,
,14oct16_30jun16_CAST_m3_sp1_3.2,blob_4,,43.241,19,autosome,1,28.145,,,,,
,27oct16_31aug16_MSM_m1_sp1_11,blob_19,,45.98,,autosome,1,27.725,,,,,
,20jul15_18may15_PWD_m1_sp1_6.1_rev,blob10,,78.512,,autosome,1,27.547,,,,,
,15sep15_16jun15_WSB_f3_sp2_1_rev,blob6,,100.556,,autosome,1,27.455,,,,,
,5aug17_14jul17_LEW_f1_sp1_11_rev,blob6,,104.405,,autosome,1,27.34,,,,,
,1mar16_3jan16_G_m2_sp1_19.3_rev,blob12,,81.911,,autosome,1,27.094,,,,,
,2apr15_14sep14_WSB_f1_sp1_15_rev,blob11,,88.398,,autosome,1,26.882,,,,,
,20jul15_18may15_PWD_m1_sp1_6.1_rev,blob13,,59.713,,autosome,1,26.808,,,,,
,2apr15_14sep14_WSB_f1_sp1_15_rev,blob20,,54.474,,autosome,1,26.752,,,,,
,27jul15_22jun15_G_m2_sp1_8_rev,blob8,,55.14,,autosome,1,26.509,,,,,
,29nov16_13nov16_MSM_f1_sp1_24.1_rev,blob2,,74.225,,autosome,1,26.364,,,,,
,4dec14_8oct14_PWD_f1_sp1_16_rev,blob3,,90.15,,autosome,1,26.32,,,,,
,14oct16_30jun16_CAST_m3_sp1_3.2,blob_18,,69.62,13,autosome,1,26.274,,,,,
,30jul15_12jun15_WSB_m2_sp1_7.2_rev,blob12,,53.085,,autosome,1,26.233,,,,,
,8jun15_23apr15_PWD_f2_sp1_20_rev,blob15,,58.756,,autosome,1,26.179,,,,,
,1oct16_30jun16_CAST_m3_sp1_m3_5.1,blob_6,,47.369,,autosome,1,26.047,,,,,
,27oct16_31aug16_MSM_m1_sp1_18_rev,blob4,,45.42,,autosome,1,25.95,,,,,
,30jul15_12jun15_WSB_m2_sp1_7.2_rev,blob1,,35.73,,autosome,1,25.633,,,,,
,22nov16_13nov16_MSM_f2_sp1_19,blob_14,,55.608,,autosome,1,25.58,,,,,
,28jul15_22jun15_G_m2_sp1_4_rev,blob16,,51.528,,autosome,1,25.566,,,,,
16 of 20,29nov16_13nov16_MSM_f1_sp1_5,blob_2,,47.178,,autosome,1,24.727,,,,,
,28jul15_22jun15_G_m2_sp1_4_rev,blob5,,94.82,,autosome,1,24.688,,,,,
,29nov16_13nov16_MSM_m2_sp1_13_rev,blob1,,64.213,,autosome,1,24.661,,,,,
,8jun15_23apr15_PWD_f2_sp1_20_rev,blob7,,78.552,,autosome,1,24.589,,,,,
,28jul15_22jun15_G_m2_sp1_3_rev,blob9,,51.56,,autosome,1,24.512,,,,,
,27oct16_31aug16_MSM_m1_sp1_9_rev,blob17,,90.129,,autosome,1,24.445,,,,,
,22nov16_30sep16_MSM_f2_sp1_13.1_rev,blob13,,61.877,,autosome,1,24.425,,,,,
,22mar15_10mar15_PWD_m2_sp1_15_rev,blob17,,77.716,,autosome,1,24.025,,,"replicated measures (77.184, 24.013)",,
,27oct16_31aug16_MSM_m1_sp1_26,blob_1 ,,88.708,,autosome,1,23.962,,,,,
,27oct16_31aug16_MSM_m1_sp1_19,blob_5,,62.793,,autosome,1,23.645,,,,,
,3aug17_8may17_LEW_m2_sp1_3_rev,blob15,,46.089,,autosome,1,23.541,,,,,
,13jul15_12jun15_WSB_f1_sp1_13_rev,blob10,,112.523,,autosome,1,23.468,,,,,
,27oct16_31aug16_MSM_m1_sp1_18_rev,blob9,,78.196,,autosome,1,23.444,,,,,
,30jul15_12jun15_WSB_m2_sp1_3_rev,blob11,,59.702,,autosome,1,23.43,,,,,
,28jul15_22jun15_G_m2_sp1_19_rev,blob13,,54.483,,autosome,1,23.426,,,,,
,8jun15_23apr15_PWD_f2_sp1_20_rev,blob8,,64.501,,autosome,1,23.331,,,,,
,22mar15_10mar15_PWD_m2_sp1_15_rev,blob16,,43.704,,autosome,1,22.969,,,,,
,5aug17_14jul17_LEW_f1_sp1_1_rev,blob17,,107.332,,autosome,1,22.8,,,,,
,18mar15_10mar15_WSB_m1_sp1_13_rev,blob6,,63.266,,autosome,1,22.635,,,,,
,30jul15_12jun15_WSB_m2_sp1_7.2_rev,blob2,,57.499,,autosome,1,22.586,,,,,
,27oct16_31aug16_MSM_m1_sp1_18_rev,blob8,,58.661,,autosome,1,22.408,,,,,
,2aug15_8jun15_G_f4_sp1_7_rev,blob3,,87.134,,autosome,1,22.3,,,,,
,28jul15_22jun15_G_m2_sp1_3_rev,blob11,,84.746,,autosome,1,22.278,,,,,
,28jul15_22jun15_G_m2_sp1_4_rev,blob3,,48.428,,autosome,1,22.088,,,,,
,27oct16_31aug16_MSM_m1_sp1_11,blob_8,,114.693,,autosome,1,22.032,,,,,
,27jul15_22jun15_G_m2_sp1_8_rev,blob9,,69.648,,autosome,1,21.807,,,,,
,3aug17_8may17_LEW_m2_sp1_3_rev,blob5,,54.713,,autosome,1,21.762,,,,,
,27jul15_22jun15_G_m2_sp1_8_rev,blob16,,80.957,,autosome,1,21.668,,,,,
,2apr15_14sep14_WSB_f1_sp1_15_rev,blob18,,81.484,,autosome,1,21.518,,,,,
,22nov16_30sep16_MSM_f2_sp1_13.1_rev,blob9,,52.192,,autosome,1,21.162,,,,,
,15sep15_16jun15_WSB_f3_sp2_1_rev,blob15,,103.459,,autosome,1,20.765,,,,,
,30jul15_12jun15_WSB_m2_sp1_3_rev,blob3,,50.328,,autosome,1,20.712,,,,,
,2apr15_14sep14_WSB_f1_sp1_15_rev,blob19,,88.616,,autosome,1,20.261,,,,,
,30jul15_12jun15_WSB_m2_sp1_7.2_rev,blob4,,62.011,,autosome,1,20.237,,,,,
,27oct16_31aug16_MSM_m1_sp1_26,blob_17,,135.852,,autosome,1,20.095,,,,,
,22nov16_30sep16_MSM_f2_sp1_13.1_rev,blob8,,38.947,,autosome,1,19.991,,,,,
,7feb17_20dec16_LEW_m2_sp1_20_rev,blob9,,76.656,,autosome,1,19.899,,,,,
,7feb17_20dec16_LEW_m2_sp1_20_rev,blob18,,92.528,,autosome,1,19.251,,,,,
,22nov16_13nov16_MSM_f2_sp1_19,blob_6,,64.031,,autosome,1,19.22,,,,,
,27oct16_31aug16_MSM_m1_sp1_26,blob_2,,81.878,,autosome,1,18.929,,,"unclear crossover events, may be 2 more but only one clear and centered",,
,28jul15_22jun15_G_m2_sp1_19_rev,blob11,,64.859,,autosome,1,18.547,,,,,
,22nov16_30sep16_MSM_f2_sp1_22_rev,blob4,,62.446,,autosome,1,18.454,,,,,
,8jun15_23apr15_PWD_f2_sp1_20_rev,blob18,,64.594,,autosome,1,18.301,,,,,
,27oct16_31aug16_MSM_m1_sp1_11,blob_1 ,,65.506,,autosome,1,18.258,,,,,
,12jan17_4jan17_LEW_f1_sp1_22_rev,blob14,,77.791,,autosome,1,17.77,,,,,
,22nov16_13nov16_MSM_f2_sp1_19,blob_18,,47.157,,autosome,1,17.599,,,,,
,30mar15_13oct14_G_f1_sp1_1.1_rev,blob11,,69.23,,autosome,1,16.61,,,,,
,20jul15_18may15_PWD_m1_sp1_2.2_rev,blob10,,76.501,,autosome,1,16.204,,,,,
,20jul15_18may15_PWD_m1_sp1_6.1_rev,blob15,,60.334,,autosome,1,16.202,,,,,
16 of 20,29nov16_13nov16_MSM_f1_sp1_5,blob_13,,80.06,,autosome,1,15.616,,,maybe XY?,,
,18mar15_10mar15_WSB_m1_sp1_13_rev,blob2,,52.894,,autosome,1,15.587,,,,,
,3aug17_8may17_LEW_m2_sp1_5_rev,blob3,,77.956,,autosome,1,15.363,,,,,
,28jul15_22jun15_G_m2_sp1_3_rev,blob10,,60.929,,autosome,1,15.35,,,,,
,1mar16_3jan16_G_m2_sp1_19.3_rev,blob19,,86.248,,autosome,1,14.98,,,,,
,2apr15_14sep14_WSB_f1_sp1_15_rev,blob17,,100.922,,autosome,1,14.508,,,,,
,22mar15_10mar15_PWD_m2_sp1_15_rev,blob7,,75.456,,autosome,1,12.845,,,,,
,22nov16_30sep16_MSM_f2_sp1_13.1_rev,blob12,,55.455,,autosome,1,12.245,,,,,
,30jul15_12jun15_WSB_m2_sp1_7.2_rev,blob7,,71.116,,autosome,1,12.099,,,maybe 2CO,,
,30mar15_13oct14_G_f1_sp1_1.1_rev,blob18,,69.662,,autosome,1,11.468,,,,,
"16 of 20, Check",29nov16_13nov16_MSM_f1_sp1_5,blob_20,,76.488,,autosome,1,,,,,,
,5aug17_14jul17_LEW_f1_sp1_11_rev,blob4,,134.053,,autosome,2,116.644,14.447,,,,
,5aug17_14jul17_LEW_f1_sp1_11_rev,blob16,,202.025,,autosome,2,80.481,166.704,,,,
,3aug17_8may17_LEW_m2_sp1_5_rev,blob15,,98.02,,autosome,2,79.86,91.943,,,,
,2aug15_8jun15_G_f4_sp1_18_rev,blob3,,120.663,,autosome,2,76.643,90.802,,,,
check!,22nov16_13nov16_MSM_f2_sp1_19,blob_17,,84.617,,autosome,2,74.603,,,,,
,22nov16_30sep16_MSM_f2_sp1_13.1_rev,blob5,,93.64,,autosome,2,70.681,89.852,,,,
,5aug17_14jul17_LEW_f1_sp1_1_rev,blob9,,149.048,,autosome,2,62.347,120.229,,,,
,27oct16_31aug16_MSM_m1_sp1_26,blob_7,,104.242,,autosome,2,60.97,94.462,,,,
,29nov16_13nov16_MSM_f1_sp1_24.1_rev,blob15,,130.07,,autosome,2,59.716,118.898,,,,
,27oct16_31aug16_MSM_m1_sp1_9_rev,blob10,,102.383,,autosome,2,58.964,96.288,,,,
,27oct16_31aug16_MSM_m1_sp1_19,blob_3,,139.228,,autosome,2,58.42,121.181,,,,
,4dec14_8oct14_PWD_f1_sp1_12_rev,blob8,,95.796,,autosome,2,55.874,81.083,,,,
,3aug17_8may17_LEW_m2_sp1_3_rev,blob20,,122.33,,autosome,2,55.107,111.855,,,,
,12jan17_4jan17_LEW_f1_sp1_22_rev,blob19,,103.387,,autosome,2,55.085,95.661,,,,
,22nov16_13nov16_MSM_f2_sp1_19,blob_5,,122.683,,autosome,2,54.983,95.139,,,,
,20jul15_18may15_PWD_m1_sp1_2.2_rev,blob19,,121.758,,autosome,2,54.863,117.218,,,,
,5aug17_14jul17_LEW_f1_sp1_11_rev,blob2,,126.367,,autosome,2,54.786,109.735,,,,
,27oct16_31aug16_MSM_m1_sp1_18_rev,blob10,,114.905,,autosome,2,53.496,111.771,,,,
,1mar16_3jan16_G_m2_sp1_19.3_rev,blob11,,96.813,,autosome,2,53.14,83.346,,,,
,29nov16_13nov16_MSM_m2_sp1_13_rev,blob5,,90.441,,autosome,2,51.619,83.422,,,,
,3aug17_8may17_LEW_m2_sp1_3_rev,blob18,,108.705,,autosome,2,51.413,102.891,,,,
"3,5,6,7,8,12",29nov16_13nov16_MSM_m2_sp1_13,blob_4,,92.214,,autosome,2,50.849,85.672,,,,
,27oct16_31aug16_MSM_m1_sp1_19,blob_2,,113.414,,autosome,2,50.498,106.295,,,,
,27oct16_31aug16_MSM_m1_sp1_19,blob_13,,102.024,,autosome,2,50.291,96.304,,,,
,13jul15_12jun15_WSB_f1_sp1_13_rev,blob12,,131.296,,autosome,2,49.89,116.046,,,,
,27oct16_31aug16_MSM_m1_sp1_18_rev,blob3,,122.94,,autosome,2,49.589,114.269,,,,
,30mar15_13oct14_G_f1_sp1_1.1_rev,blob19,,124.678,,autosome,2,48.583,102.374,,,,
,22nov16_13nov16_MSM_f2_sp1_19,blob_10,,76.042,,autosome,2,48.405,71.848,,,,
,7feb17_20dec16_LEW_m2_sp1_20_rev,blob13,,95.272,,autosome,2,47.751,90.69,,,,
,2aug15_8jun15_G_f4_sp1_18_rev,blob13,,93.486,,autosome,2,47.621,66.662,,,,
,28jul15_22jun15_G_m2_sp1_4_rev,blob17,,105.986,,autosome,2,47.558,100.184,,,,
,22nov16_13nov16_MSM_f2_sp1_18,blob_9,,103.177,,autosome,2,46.974,83.232,,,,
,13jul15_12jun15_WSB_f1_sp1_13_rev,blob20,,99.674,,autosome,2,46.837,85.496,,,,
,27oct16_31aug16_MSM_m1_sp1_19,blob_9,,109.453,,autosome,2,46.287,79.996,,,,
,13jul15_12jun15_WSB_f1_sp1_13_rev,blob2,,92.247,,autosome,2,46.254,82.602,,,,
,13jul15_12jun15_WSB_f1_sp1_13_rev,blob5,,112.889,,autosome,2,46.066,106.061,,,,
,2apr15_14sep14_WSB_f1_sp1_15_rev,blob12,,86.126,,autosome,2,45.87,79.03,,,,
,27oct16_31aug16_MSM_m1_sp1_18_rev,blob13,,93.33,,autosome,2,45.748,82.018,,,,
,27oct16_31aug16_MSM_m1_sp1_19,blob_18,,98.861,,autosome,2,45.704,94.896,,,,
,7feb17_20dec16_LEW_m2_sp1_20_rev,blob10,,119.793,,autosome,2,45.307,111.444,,,,
,3aug17_8may17_LEW_m2_sp1_5_rev,blob12,,125.479,,autosome,2,44.992,113.851,,,,
,22mar15_10mar15_PWD_m2_sp1_15_rev,blob10,,103.365,,autosome,2,44.442,83.991,,,,
,5aug17_14jul17_LEW_f1_sp1_11_rev,blob9,,118.286,,autosome,2,44.208,88.137,,,,
,2apr15_14sep14_WSB_f1_sp1_15_rev,blob9,,103.474,,autosome,2,42.75,77.117,,,,
,30mar15_13oct14_G_f1_sp1_1.1_rev,blob3,,95.769,,autosome,2,42.332,80.605,,,,
,2aug15_8jun15_G_f4_sp1_18_rev,blob2,,111.835,,autosome,2,42.271,80.693,,,,
,22mar15_10mar15_PWD_m2_sp1_15_rev,blob14,,99.67,,autosome,2,42.081,96.046,,,,
,3aug17_8may17_LEW_m2_sp1_3_rev,blob8,,137.2,,autosome,2,41.452,125.56,,,,
,12jan17_4jan17_LEW_f1_sp1_22_rev,blob20,,108.295,,autosome,2,40.973,93.546,,,,
,28jul15_22jun15_G_m2_sp1_19_rev,blob5,,91.692,,autosome,2,40.685,87.583,,,,
,28jul15_22jun15_G_m2_sp1_3_rev,blob13,,95.645,,autosome,2,40.418,85.841,,,,
,27oct16_31aug16_MSM_m1_sp1_19,blob_4,,100.774,,autosome,2,40.286,97.835,,,,
,5aug17_14jul17_LEW_f1_sp1_11_rev,blob12,,114.918,,autosome,2,40.239,101.918,,,,
,12jan17_4jan17_LEW_f1_sp1_22_rev,blob1,,83.484,,autosome,2,40.224,79.107,,,,
,5aug17_14jul17_LEW_f1_sp1_11_rev,blob3,,119.901,,autosome,2,39.179,90.728,,,,
,20jul15_18may15_PWD_m1_sp1_2.2_rev,blob8,,104.737,,autosome,2,39.086,97.951,,,,
,29nov16_13nov16_MSM_m2_sp1_13_rev,blob13,,116.21,,autosome,2,38.963,93.37,,,,
"3,5,6,7,8,23",29nov16_13nov16_MSM_m2_sp1_13,blob_15,,120.122,,autosome,2,38.834,96.685,,,,
"3,5,6,7,8,22",29nov16_13nov16_MSM_m2_sp1_13,blob_14,,95.74,,autosome,2,38.684,85.581,,,,
,27oct16_31aug16_MSM_m1_sp1_26,blob_6,,112.203,,autosome,2,38.264,109.271,,,,
,22nov16_30sep16_MSM_f2_sp1_22_rev,blob1,,86.966,,autosome,2,38.25,72.25,,,,
,30jul15_12jun15_WSB_m2_sp1_3_rev,blob18,,102.807,,autosome,2,38.243,97.38,,,,
,27oct16_31aug16_MSM_m1_sp1_26,blob_9,,98.566,,autosome,2,37.952,80.411,,,,
,27jul15_22jun15_G_m2_sp1_8_rev,blob5,,102.103,,autosome,2,37.888,95.25,,"overlapping chrm, might be 3CO?",,
,2aug15_8jun15_G_f4_sp1_18_rev,blob19,,105.693,,autosome,2,37.785,91.61,,,,
,28jul15_22jun15_G_m2_sp1_19_rev,blob4,,112.552,,autosome,2,37.706,97.353,,,,
,20jul15_18may15_PWD_m1_sp1_2.2_rev,blob7,,91.629,,autosome,2,37.698,88.687,,,,
,22nov16_13nov16_MSM_f2_sp1_18,blob_3,,100.897,,autosome,2,37.576,91.407,,,,
check!,22nov16_13nov16_MSM_f2_sp1_19,blob_12,,93,,autosome,2,37.544,,,,,
,22mar15_10mar15_PWD_m2_sp1_15_rev,blob4,,80.793,,autosome,2,36.796,72.129,,,,
,30mar15_13oct14_G_f1_sp1_1.1_rev,blob9,,101.269,,autosome,2,36.617,97.31,,,,
,7feb17_20dec16_LEW_m2_sp1_25_rev,blob4,,107.162,,autosome,2,36.308,99.654,,,,
,28jul15_22jun15_G_m2_sp1_4_rev,blob8,,105.65,,autosome,2,35.934,78.734,,,,
,15sep15_16jun15_WSB_f3_sp2_1_rev,blob7,,90.154,,autosome,2,35.912,79.1,,,,
,29nov16_13nov16_MSM_m2_sp1_13_rev,blob20,,91.743,,autosome,2,35.86,83.15,,kinda hard to distinguish the ends (with blob20),,
,28jul15_22jun15_G_m2_sp1_4_rev,blob11,,92.367,,autosome,2,35.734,88.195,,,,
,2aug15_8jun15_G_f4_sp1_18_rev,blob16,,129.038,,autosome,2,35.726,105.696,,,,
"3,5,6,7,8,24",29nov16_13nov16_MSM_m2_sp1_13,blob_16,,109.231,,autosome,2,35.719,86.507,,,,
,4dec14_8oct14_PWD_f1_sp1_16_rev,blob7,,111.326,,autosome,2,35.484,63.007,,,,
,29nov16_13nov16_MSM_m2_sp1_13_rev,blob10,,107.62,,autosome,2,35.47,87.299,,,,
,22mar15_10mar15_PWD_m2_sp1_15_rev,blob5,,77.513,,autosome,2,34.958,68.83,,,,
,7feb17_20dec16_LEW_m2_sp1_25_rev,blob5,,104.476,,autosome,2,34.746,83.708,,,,
,3aug17_8may17_LEW_m2_sp1_3_rev,blob16,,75.707,,autosome,2,34.149,66.989,,,,
,27oct16_31aug16_MSM_m1_sp1_18_rev,blob20,,85.22,,autosome,2,34.019,80.481,,,,
,27oct16_31aug16_MSM_m1_sp1_26,blob_12,,110.821,,autosome,2,33.496,96.079,,,,
,8jun15_23apr15_PWD_f2_sp1_20_rev,blob13,,78.002,,autosome,2,33.393,53.279,,,,
,3aug17_8may17_LEW_m2_sp1_3_rev,blob14,,93.571,,autosome,2,32.966,86.462,,,,
,12jan17_4jan17_LEW_f1_sp1_22_rev,blob7,,92.511,,autosome,2,32.772,79.299,,,,
16 of 20,29nov16_13nov16_MSM_f1_sp1_5,blob_4,,88.235,,autosome,2,32.757,73.503,,,,
,15sep15_16jun15_WSB_f3_sp2_1_rev,blob11,,113.034,,autosome,2,32.586,106.127,,,,
,1mar16_3jan16_G_m2_sp1_19.3_rev,blob9,,107.815,,autosome,2,32.266,89.897,,,,
16 of 20,29nov16_13nov16_MSM_f1_sp1_5,blob_7,,87.713,,autosome,2,32.209,64.97,,,,
,3aug17_8may17_LEW_m2_sp1_5_rev,blob4,,93.799,,autosome,2,32.033,65.136,,,,
,27oct16_31aug16_MSM_m1_sp1_11,blob_17,,89.863,,autosome,2,32.029,72.633,,,,
,29nov16_13nov16_MSM_f1_sp1_24.1_rev,blob20,,92.775,,autosome,2,31.598,64.124,,,,
,20jul15_18may15_PWD_m1_sp1_6.1_rev,blob20,,103.025,,autosome,2,31.385,86.057,,,,
,7feb17_20dec16_LEW_m2_sp1_20_rev,blob4,,101.351,,autosome,2,31.222,79.72,,,,
,22nov16_13nov16_MSM_f2_sp1_19,blob_8,,97.654,,autosome,2,31.145,84.025,,,,
,4dec14_8oct14_PWD_f1_sp1_12_rev,blob4,,117.68,,autosome,2,30.67,88.346,,,,
,22nov16_13nov16_MSM_f2_sp1_19,blob_3,,84.102,,autosome,2,30.487,52.104,,,,
,27oct16_31aug16_MSM_m1_sp1_11,blob_16,,90.311,,autosome,2,30.244,81.179,,,,
,29nov16_13nov16_MSM_m2_sp1_13_rev,blob14,,103.996,,autosome,2,30.113,91.19,,,,
,5aug17_14jul17_LEW_f1_sp1_11_rev,blob15,,117.74,,autosome,2,30.089,93.089,,,,
,29nov16_13nov16_MSM_f1_sp1_24.1_rev,blob5,,98.452,,autosome,2,29.969,61.11,,,,
,4dec14_8oct14_PWD_f1_sp1_12_rev,blob10,,101,,autosome,2,29.939,90.376,,,,
,20jul15_18may15_PWD_m1_sp1_6.1_rev,blob8,,121.432,,autosome,2,29.907,104.834,,,,
,22nov16_13nov16_MSM_f2_sp1_18,blob_11,,124.69,,autosome,2,29.855,106.434,,,,
,22nov16_13nov16_MSM_f2_sp1_18,blob_19,,108.669,,autosome,2,29.713,104.42,,,,
,20jul15_18may15_PWD_m1_sp1_2.2_rev,blob20,,86.856,,autosome,2,29.699,60.559,,,,
,30mar15_13oct14_G_f1_sp1_1.1_rev,blob13,,121.686,,autosome,2,29.554,76.871,,,,
,27oct16_31aug16_MSM_m1_sp1_19,blob_20,,87.042,,autosome,2,29.297,82.441,,,,
,1mar16_3jan16_G_m2_sp1_19.3_rev,blob18,,83.862,,autosome,2,29.155,80.651,,,,
,22nov16_30sep16_MSM_f2_sp1_22_rev,blob7,,99.101,,autosome,2,29.153,82.175,,,,
"3,5,6,7,8,17",29nov16_13nov16_MSM_m2_sp1_13,blob_9,,82.684,,autosome,2,29.109,70.771,,,,
,28jul15_22jun15_G_m2_sp1_4_rev,blob19,,76.2,,autosome,2,29.031,70.108,,,,
,27jul15_22jun15_G_m2_sp1_8_rev,blob4,,80.667,,autosome,2,28.702,75.509,,,,
,29nov16_13nov16_MSM_f1_sp1_24.1_rev,blob12,,136.017,,autosome,2,28.634,120.369,,,,
,27oct16_31aug16_MSM_m1_sp1_26,blob_10,,110.864,,autosome,2,28.329,91.915,,,,
,2aug15_8jun15_G_f4_sp1_7_rev,blob8,,181.169,,autosome,2,28.187,165.637,,,,
,27oct16_31aug16_MSM_m1_sp1_9_rev,blob1,,93.744,,autosome,2,27.923,83.689,,,,
,27oct16_31aug16_MSM_m1_sp1_9_rev,blob8,,113.666,,autosome,2,27.88,73.533,,,,
,29nov16_13nov16_MSM_m2_sp1_13_rev,blob8,,80.099,,autosome,2,27.668,71.093,,,,
,4dec14_8oct14_PWD_f1_sp1_16_rev,blob5,,87.824,,autosome,2,27.567,72.893,,,,
,2aug15_8jun15_G_f4_sp1_7_rev,blob15,,133.364,,autosome,2,27.042,102.091,,,,
,22nov16_13nov16_MSM_f2_sp1_19,blob_1 ,,78.797,,autosome,2,27.028,69.21,,,,
,27oct16_31aug16_MSM_m1_sp1_26,blob_18,,110.175,,autosome,2,26.944,76.63,,,,
,20jul15_18may15_PWD_m1_sp1_2.2_rev,blob1,,71.741,,autosome,2,26.788,65.581,,,,
,20jul15_18may15_PWD_m1_sp1_6.1_rev,blob9,,74.744,,autosome,2,26.779,66.756,,,,
,12jan17_4jan17_LEW_f1_sp1_22_rev,blob16,,139.811,,autosome,2,26.737,101.184,,,,
,28jul15_22jun15_G_m2_sp1_3_rev,blob17,,97.123,,autosome,2,26.424,89.484,,,,
,27oct16_31aug16_MSM_m1_sp1_26,blob_19,,112.165,,autosome,2,26.422,109.915,,,,
,15sep15_16jun15_WSB_f3_sp2_1_rev,blob3,,106.975,,autosome,2,26.378,93.277,,,,
16 of 20,29nov16_13nov16_MSM_f1_sp1_5,blob_19,,88.94,,autosome,2,26.336,86.164,,,,
,12jan17_4jan17_LEW_f1_sp1_22_rev,blob9,,118.766,,autosome,2,26.318,84.944,,,,
,15sep15_16jun15_WSB_f3_sp2_1_rev,blob17,,74.29,,autosome,2,26.303,58.128,,,,
,4dec14_8oct14_PWD_f1_sp1_16_rev,blob8,,94.917,,autosome,2,26.201,64.174,,,,
,22mar15_10mar15_PWD_m2_sp1_15_rev,blob11,,94.865,,autosome,2,26.135,89.71,,,,
,13jul15_12jun15_WSB_f1_sp1_13_rev,blob15,,111.288,,autosome,2,26.116,86.669,,maybe 3CO,,
16 of 20,29nov16_13nov16_MSM_f1_sp1_5,blob_11,,95.355,,autosome,2,25.962,73.359,,,,
,12jan17_4jan17_LEW_f1_sp1_22_rev,blob12,,80.574,,autosome,2,25.959,71.158,,,,
,22mar15_10mar15_PWD_m2_sp1_15_rev,blob12,,81.265,,autosome,2,25.862,66.905,,,,
,28jul15_22jun15_G_m2_sp1_3_rev,blob14,,85.286,,autosome,2,25.845,77.786,,,,
,22nov16_13nov16_MSM_f2_sp1_19,blob_15,,67.822,,autosome,2,25.538,64.455,,,,
,20jul15_18may15_PWD_m1_sp1_6.1_rev,blob4,,78.976,,autosome,2,25.526,59.139,,,,
,5aug17_14jul17_LEW_f1_sp1_11_rev,blob1,,114.613,,autosome,2,25.467,78.757,,,,
,28jul15_22jun15_G_m2_sp1_3_rev,blob3,,96.615,,autosome,2,25.303,96.615,,,,
,20jul15_18may15_PWD_m1_sp1_6.1_rev,blob18,,85.417,,autosome,2,25.295,69.446,,,,
,2apr15_14sep14_WSB_f1_sp1_15_rev,blob14,,134.106,,autosome,2,25.146,82.864,,,,
,22nov16_13nov16_MSM_f2_sp1_19,blob_9,,84.276,,autosome,2,25.073,41.317,,,,
,30mar15_13oct14_G_f1_sp1_1.1_rev,blob17,,101.622,,autosome,2,24.95,91.659,,,,
,29nov16_13nov16_MSM_f1_sp1_24.1_rev,blob3,,94.048,,autosome,2,24.893,89.103,,,,
,29nov16_13nov16_MSM_m2_sp1_13_rev,blob19,,93.79,,autosome,2,24.832,69.608,,kinda hard to distinguish the ends (with blob20),,
,27oct16_31aug16_MSM_m1_sp1_18_rev,blob1,,81.924,,autosome,2,24.819,77.925,,,,
,29nov16_13nov16_MSM_f1_sp1_24.1_rev,blob7,,115.098,,autosome,2,24.799,90.672,,,,
,22nov16_30sep16_MSM_f2_sp1_22_rev,blob12,,94.226,,autosome,2,24.786,84.822,,,,
,8jun15_23apr15_PWD_f2_sp1_20_rev,blob2,,72.25,,autosome,2,24.786,62.198,,,,
,22nov16_30sep16_MSM_f2_sp1_22_rev,blob6,,100.547,,autosome,2,24.775,60.159,,could be 2CO?,,
"3,5,6,7,8,15",29nov16_13nov16_MSM_m2_sp1_13,blob_7,,72.311,,autosome,2,24.718,69.46,,end of blob unclear SC length might be off ,,
,1oct16_30jun16_CAST_m3_sp1_m3_5.1,blob_7,,116.104,,autosome,2,24.658,106.278,,,,
,8jun15_23apr15_PWD_f2_sp1_20_rev,blob19,,58.342,,autosome,2,24.59,46.938,,,,
,22nov16_13nov16_MSM_f2_sp1_18,blob_18,,142.212,,autosome,2,24.351,119.431,,,,
,22nov16_30sep16_MSM_f2_sp1_22_rev,blob15,,111.352,,autosome,2,24.279,72.974,,,,
,3aug17_8may17_LEW_m2_sp1_3_rev,blob10,,104.906,,autosome,2,24.03,88.24,,,,
,2aug15_8jun15_G_f4_sp1_18_rev,blob9,,77.67,,autosome,2,23.954,64.656,,,,
"3,5,6,7,8,21",29nov16_13nov16_MSM_m2_sp1_13,blob_13,,130.619,,autosome,2,23.875,95.118,,,,
,27oct16_31aug16_MSM_m1_sp1_11,blob_7,,123.166,,autosome,2,23.868,111.07,,,,
,27oct16_31aug16_MSM_m1_sp1_26,blob_16,,111.409,,autosome,2,23.759,76.64,,,,
,22mar15_10mar15_PWD_m2_sp1_15_rev,blob3,,72.451,,autosome,2,23.682,66.473,,,,
,29nov16_13nov16_MSM_f1_sp1_24.1_rev,blob19,,95.937,,autosome,2,23.642,87.332,,,,
,22nov16_13nov16_MSM_f2_sp1_19,blob_2,,92.806,,autosome,2,23.557,88.302,,,,
,27oct16_31aug16_MSM_m1_sp1_26,blob_20,,139.294,,autosome,2,23.366,97.575,,,,
16 of 20,29nov16_13nov16_MSM_f1_sp1_5,blob_9,,125.404,,autosome,2,23.195,106.504,,,,
,27oct16_31aug16_MSM_m1_sp1_9_rev,blob4,,85.683,,autosome,2,23.032,63.294,,,,
,28jul15_22jun15_G_m2_sp1_4_rev,blob13,,88.481,,autosome,2,22.889,71.567,,,,
,4dec14_8oct14_PWD_f1_sp1_16_rev,blob9,,81.042,,autosome,2,22.596,58.633,,,,
,27oct16_31aug16_MSM_m1_sp1_19,blob_1 ,,96.887,,autosome,2,22.537,93.698,,,,
,29nov16_13nov16_MSM_m2_sp1_13_rev,blob15,,130.929,,autosome,2,22.473,93.776,,,,
,20jul15_18may15_PWD_m1_sp1_2.2_rev,blob16,,98.113,,autosome,2,22.412,64.897,,large green blob,,
,27oct16_31aug16_MSM_m1_sp1_9_rev,blob13,,84.743,,autosome,2,22.407,82.148,,,,
16 of 20,29nov16_13nov16_MSM_f1_sp1_5,blob_12,,116.616,,autosome,2,22.369,82.079,,,,
,27oct16_31aug16_MSM_m1_sp1_18_rev,blob12,,121.528,,autosome,2,22.26,104.244,,,,
,22nov16_13nov16_MSM_f2_sp1_18,blob_17,,95.22,,autosome,2,22.098,41.506,,,,
,7feb17_20dec16_LEW_m2_sp1_25_rev,blob3,,107.127,,autosome,2,22.057,89.41,,,,
"3,5,6,7,8,10",29nov16_13nov16_MSM_m2_sp1_13,blob_2,,119.134,,autosome,2,21.837,117.524,,,,
"3,5,6,7,8,20",29nov16_13nov16_MSM_m2_sp1_13,blob_12,,110.834,,autosome,2,21.728,101.119,,,,
,27oct16_31aug16_MSM_m1_sp1_9_rev,blob2,,71.914,,autosome,2,21.534,69.036,,,,
,13jul15_12jun15_WSB_f1_sp1_13_rev,blob3,,127.345,,autosome,2,21.474,76.985,,,,
,3aug17_8may17_LEW_m2_sp1_3_rev,blob12,,73.22,,autosome,2,21.339,60.094,,,,
,27oct16_31aug16_MSM_m1_sp1_18_rev,blob16,,74.898,,autosome,2,21.314,69.709,,,,
,15sep15_16jun15_WSB_f3_sp2_1_rev,blob19,,106.875,,autosome,2,21.265,71.485,,,,
,30jul15_12jun15_WSB_m2_sp1_3_rev,blob19,,101.713,,autosome,2,21.222,96.836,,in a 2-tangle. Think it is a 2-tangle not a 2-overlap,,
,30jul15_12jun15_WSB_m2_sp1_3_rev,blob5,,94.205,,autosome,2,21.222,83.216,,,,
,27oct16_31aug16_MSM_m1_sp1_19,blob_17,,130.569,,autosome,2,21.153,117.194,,,,
,2apr15_14sep14_WSB_f1_sp1_15_rev,blob4,,98.349,,autosome,2,21.121,80.437,,,,
16 of 20,29nov16_13nov16_MSM_f1_sp1_5,blob_16,,68.292,,autosome,2,21.011,67.291,,,,
,27oct16_31aug16_MSM_m1_sp1_11,blob_20,,80.038,,autosome,2,20.926,73.94,,,,
,4dec14_8oct14_PWD_f1_sp1_12_rev,blob6,,94.565,,autosome,2,20.856,82.272,,,,
,4dec14_8oct14_PWD_f1_sp1_12_rev,blob3,,104.076,,autosome,2,20.772,64.617,,,,
,15sep15_16jun15_WSB_f3_sp2_1_rev,blob5,,101.643,,autosome,2,20.751,87.085,,,,
,29nov16_13nov16_MSM_m2_sp1_13_rev,blob11,,108.964,,autosome,2,20.684,102.018,,,,
16 of 20,29nov16_13nov16_MSM_f1_sp1_5,blob_15,,91.68,,autosome,2,20.66,71.789,,,,
,29nov16_13nov16_MSM_f1_sp1_24.1_rev,blob10,,105.235,,autosome,2,20.523,88.803,,,,
,27oct16_31aug16_MSM_m1_sp1_18_rev,blob15,,73.478,,autosome,2,20.447,67.907,,,,
,4dec14_8oct14_PWD_f1_sp1_16_rev,blob1,,97.537,,autosome,2,20.285,54.075,,,,
,20jul15_18may15_PWD_m1_sp1_6.1_rev,blob7,,107.588,,autosome,2,20.284,90.775,,,,
,22nov16_30sep16_MSM_f2_sp1_22_rev,blob8,,87.826,,autosome,2,20.16,61.677,,,,
,27oct16_31aug16_MSM_m1_sp1_19,blob_7,,87.819,,autosome,2,20.06,80.546,,,,
,20jul15_18may15_PWD_m1_sp1_2.2_rev,blob9,,79.199,,autosome,2,19.807,64.442,,,,
,27oct16_31aug16_MSM_m1_sp1_11,blob_10,,96.369,,autosome,2,19.61,80.909,,,,
,20jul15_18may15_PWD_m1_sp1_6.1_rev,blob14,,97.589,,autosome,2,19.526,90.387,,,,
,27oct16_31aug16_MSM_m1_sp1_26,blob_15,,152.102,,autosome,2,19.427,93.969,,,,
,27oct16_31aug16_MSM_m1_sp1_9_rev,blob15,,114.834,,autosome,2,19.363,83.666,,,,
,29nov16_13nov16_MSM_m2_sp1_13_rev,blob2,,116.936,,autosome,2,19.316,113.086,,,,
,27oct16_31aug16_MSM_m1_sp1_18_rev,blob11,,98.245,,autosome,2,19.142,79.133,,,,
,1oct16_30jun16_CAST_m3_sp1_m3_5.1,blob_16,,95.218,,autosome,2,19.121,92.34,,,,
,14oct16_30jun16_CAST_m3_sp1_3.2,blob_8,,101.87,1,autosome,2,18.81,101.244,,,,
,22nov16_30sep16_MSM_f2_sp1_13.1_rev,blob18,,69.813,,autosome,2,18.694,58.677,,,,
,30jul15_12jun15_WSB_m2_sp1_3_rev,blob20,,93.362,,autosome,2,18.536,91.632,,in a 2-tangle. Think it is a 2-tangle not a 2-overlap,,
,28jul15_22jun15_G_m2_sp1_19_rev,blob8,,88.969,,autosome,2,18.53,86.386,,,,
,20jul15_18may15_PWD_m1_sp1_2.2_rev,blob11,,111.223,,autosome,2,18.478,105.177,,,,
,7feb17_20dec16_LEW_m2_sp1_25_rev,blob16,,91.944,,autosome,2,18.162,77.459,,,,
,3aug17_8may17_LEW_m2_sp1_5_rev,blob14,,117.495,,autosome,2,18,112.323,,,,
,22nov16_30sep16_MSM_f2_sp1_13.1_rev,blob16,,77.255,,autosome,2,17.693,63.223,,,,
,27oct16_31aug16_MSM_m1_sp1_11,blob_15,,87.673,,autosome,2,17.496,76.934,,,,
,28jul15_22jun15_G_m2_sp1_3_rev,blob20,,90.022,,autosome,2,17.469,81.142,,,,
,8jun15_23apr15_PWD_f2_sp1_20_rev,blob14,,79.616,,autosome,2,16.809,73.359,,,,
,30mar15_13oct14_G_f1_sp1_1.1_rev,blob1,,103.098,,autosome,2,16.643,84.674,,,,
,3aug17_8may17_LEW_m2_sp1_5_rev,blob13,,115.161,,autosome,2,16.433,108.07,,,,
,28jul15_22jun15_G_m2_sp1_3_rev,blob12,,95.636,,autosome,2,16.408,86.438,,,,
,14oct16_30jun16_CAST_m3_sp1_3.2,blob_19,,100.416,2,autosome,2,16.382,96.501,,,,
,27oct16_31aug16_MSM_m1_sp1_9_rev,blob14,,92.088,,autosome,2,16.314,81.859,,,,
,30jul15_12jun15_WSB_m2_sp1_3_rev,blob15,,76.727,,autosome,2,16.285,60.707,,,,
,28jul15_22jun15_G_m2_sp1_4_rev,blob10,,76.588,,autosome,2,16.246,63.741,,,,
,2aug15_8jun15_G_f4_sp1_7_rev,blob14,,76.415,,autosome,2,16.233,57.398,,"duplicate foci position: 16.261, 56.445",,
,2apr15_14sep14_WSB_f1_sp1_15_rev,blob3,,109.125,,autosome,2,16.145,73.882,,,,
,1oct16_30jun16_CAST_m3_sp1_m3_5.1,blob_14,,71.998,,autosome,2,16.071,68.813,,,,
,4dec14_8oct14_PWD_f1_sp1_12_rev,blob19,,118.13,,autosome,2,15.752,82.866,,very faint foci,,
,14oct16_30jun16_CAST_m3_sp1_3.2,blob_17,,81.315,6,autosome,2,15.719,48.129,,,,
16 of 20,29nov16_13nov16_MSM_f1_sp1_5,blob_10,,96.6,,autosome,2,15.652,76.443,,,,
,27oct16_31aug16_MSM_m1_sp1_26,blob_8,,119.988,,autosome,2,15.556,84.987,,,,
,30mar15_13oct14_G_f1_sp1_1.1_rev,blob5,,86.637,,autosome,2,15.285,65.725,,,,
,4dec14_8oct14_PWD_f1_sp1_16_rev,blob6,,111.09,,autosome,2,15.133,83.583,,,,
,7feb17_20dec16_LEW_m2_sp1_20_rev,blob16,,69.274,,autosome,2,15.127,40.152,,,,
,20jul15_18may15_PWD_m1_sp1_2.2_rev,blob6,,109.514,,autosome,2,15.027,94.319,,,,
,27oct16_31aug16_MSM_m1_sp1_19,blob_14,,72.893,,autosome,2,14.586,61.213,,,,
,30jul15_12jun15_WSB_m2_sp1_7.2_rev,blob17,,62.144,,autosome,2,14.24,56.731,,,,
,28jul15_22jun15_G_m2_sp1_3_rev,blob7,,95.791,,autosome,2,14.043,91.737,,,,
,29nov16_13nov16_MSM_m2_sp1_13_rev,blob16,,60.044,,autosome,2,13.301,52.391,,,,
,8jun15_23apr15_PWD_f2_sp1_20_rev,blob9,,72.432,,autosome,2,13.285,61.03,,,,
,20jul15_18may15_PWD_m1_sp1_2.2_rev,blob4,,71.537,,autosome,2,13.071,67.201,,,,
,27jul15_22jun15_G_m2_sp1_8_rev,blob10,,103.57,,autosome,2,13.071,77.996,,,,
"3,5,6,7,8,26",29nov16_13nov16_MSM_m2_sp1_13,blob_18,,61.317,,autosome,2,13.067,51.123,,,,
,22mar15_10mar15_PWD_m2_sp1_15_rev,blob13,,81.774,,autosome,2,13.042,62.01,,,,
,27oct16_31aug16_MSM_m1_sp1_11,blob_6,,70.169,,autosome,2,13,67.092,,,,
,22nov16_13nov16_MSM_f2_sp1_19,blob_16,,69.587,,autosome,2,12.807,46.545,,,,
,2apr15_14sep14_WSB_f1_sp1_15_rev,blob8,,88.901,,autosome,2,12.671,73.796,,,,
,22mar15_10mar15_PWD_m2_sp1_15_rev,blob18,,102.174,,autosome,2,12.595,89.116,,,,
,20jul15_18may15_PWD_m1_sp1_6.1_rev,blob5,,117.691,,autosome,2,12.162,112.937,,,,
,28jul15_22jun15_G_m2_sp1_19_rev,blob12,,107.759,,autosome,2,12.162,92.596,,,,
,2aug15_8jun15_G_f4_sp1_18_rev,blob4,,72.643,,autosome,2,12.06,35.239,,,,
,22mar15_10mar15_PWD_m2_sp1_15_rev,blob9,,110.845,,autosome,2,12,87.633,,,,
,20jul15_18may15_PWD_m1_sp1_2.2_rev,blob5,,95.361,,autosome,2,11.877,83.613,,,,
,27oct16_31aug16_MSM_m1_sp1_18_rev,blob2,,84.823,,autosome,2,11.739,57.896,,,,
,1oct16_30jun16_CAST_m3_sp1_m3_5.1,blob_12,,109.904,,autosome,2,11.416,99.274,,,,
,22nov16_13nov16_MSM_f2_sp1_19,blob_7,,108.467,,autosome,2,11.18,75.049,,,,
"3,5,6,7,8,16",29nov16_13nov16_MSM_m2_sp1_13,blob_8,,89.84,,autosome,2,11.123,62.499,,,,
,3aug17_8may17_LEW_m2_sp1_3_rev,blob11,,97.611,,autosome,2,11.075,89.445,,,,
,30jul15_12jun15_WSB_m2_sp1_3_rev,blob13,,83.084,,autosome,2,10.875,72.725,,,,
,7feb17_20dec16_LEW_m2_sp1_25_rev,blob11,,93.595,,autosome,2,10.557,93.595,,,,
,3aug17_8may17_LEW_m2_sp1_3_rev,blob2,,86.392,,autosome,2,10.227,78.933,,,,
,20jul15_18may15_PWD_m1_sp1_6.1_rev,blob11,,99.848,,autosome,2,9.899,88.858,,,,
,2aug15_8jun15_G_f4_sp1_7_rev,blob12,,156.266,,autosome,2,9.083,132.427,,,,
,7feb17_20dec16_LEW_m2_sp1_20_rev,blob7,,90.661,,autosome,2,8.595,66.345,,,,
,28jul15_22jun15_G_m2_sp1_19_rev,blob18,,86.495,,autosome,2,8.485,55.41,,,,
,28jul15_22jun15_G_m2_sp1_4_rev,blob18,,78.658,,autosome,2,8.123,74.44,,,,
,29nov16_13nov16_MSM_m2_sp1_13_rev,blob7,,92.445,,autosome,2,8.067,62.206,,,,
,29nov16_13nov16_MSM_m2_sp1_13_rev,blob4,,74.185,,autosome,2,8.067,69.644,,,,
"3,5,6,7,8,14",29nov16_13nov16_MSM_m2_sp1_13,blob_6,,73.722,,autosome,2,7.848,68.77,,,,
,22mar15_10mar15_PWD_m2_sp1_15_rev,blob6,,59.942,,autosome,2,7.211,52.213,,,,
,20jul15_18may15_PWD_m1_sp1_2.2_rev,blob17,,91.902,,autosome,2,7.071,80.81,,,,
,5aug17_14jul17_LEW_f1_sp1_1_rev,blob8,,106.103,,autosome,2,6.359,72.136,,,,
,22nov16_13nov16_MSM_f2_sp1_19,blob_19,,61.691,,autosome,2,6,43.761,,,,
,2aug15_8jun15_G_f4_sp1_7_rev,blob17,,107.61,,autosome,2,5.886,101.467,,,,
,1mar16_3jan16_G_m2_sp1_19.3_rev,blob5,,63.825,,autosome,2,4.472,49.967,,,,
,12jan17_4jan17_LEW_f1_sp1_22_rev,blob11,,137.554,,autosome,3,51.812,68.829,126.587,,,
"3,5,6,7,8,25",29nov16_13nov16_MSM_m2_sp1_13,blob_17,,108.925,,autosome,3,33.864,88.091,108.201,,,
16 of 20,29nov16_13nov16_MSM_f1_sp1_5,blob_1 ,,94.746,,autosome,3,28.692,36.807,72.236,,,
16 of 20,29nov16_13nov16_MSM_f1_sp1_5,blob_3,,109.034,,autosome,3,23.892,62.607,70.676,,,
,2aug15_8jun15_G_f4_sp1_18_rev,blob6,,85.091,,autosome,3,22.077,28.133,73.239,,,
,22nov16_13nov16_MSM_f2_sp1_18,blob_15,,111.061,,autosome,3,21.291,57.584,89.493,,,
,2apr15_14sep14_WSB_f1_sp1_15_rev,blob2,,86.747,,autosome,3,19.963,64.892,80.143,,,
,2apr15_14sep14_WSB_f1_sp1_15_rev,blob15,,103.146,,autosome,3,19.426,41.369,94.27,,,
,15sep15_16jun15_WSB_f3_sp2_1_rev,blob20,,101.495,,autosome,3,19.174,63.923,81.524,,,
,5aug17_14jul17_LEW_f1_sp1_11_rev,blob7,,108.871,,autosome,3,18.595,40.296,100.756,,,
,2aug15_8jun15_G_f4_sp1_7_rev,blob19,,137.405,,autosome,3,17.889,81.21,120.097,,,
,12jan17_4jan17_LEW_f1_sp1_22_rev,blob8,,91.697,,autosome,3,15.261,36.702,74.953,,,
,22nov16_30sep16_MSM_f2_sp1_22_rev,blob9,,80.085,,autosome,3,14.154,33.376,69.914,,,
,27oct16_31aug16_MSM_m1_sp1_18_rev,blob18,,91.158,,autosome,3,14.142,46.879,82.41,,,
,27oct16_31aug16_MSM_m1_sp1_11,blob_12,,128.832,,autosome,3,12.042,29.783,118.403,,,
,14oct16_30jun16_CAST_m3_sp1_3.2,blob_20,,154.866,,XY,,,,,,,
,18mar15_10mar15_WSB_m1_sp1_13_rev,blob16,,131.889,,XY,,,,,,,
,1mar16_3jan16_G_m2_sp1_19.3_rev,blob6,,197.226,,XY,,,,,,,
,1oct16_30jun16_CAST_m3_sp1_m3_5.1,blob_20,,147.261,,XY,,,,,,,
,20jul15_18may15_PWD_m1_sp1_2.2_rev,blob18,,170.213,,XY,,,,,,,
,20jul15_18may15_PWD_m1_sp1_6.1_rev,blob19,,181.711,,XY,,,,,,,
,22mar15_10mar15_PWD_m2_sp1_15_rev,blob20,,143.109,,XY,,,,,,,
,22nov16_13nov16_MSM_f2_sp1_19,blob_20,,110.632,,XY,,,,,,,
,27jul15_22jun15_G_m2_sp1_8_rev,blob20,,109.185,,XY,,,,,,,
,27oct16_31aug16_MSM_m1_sp1_11,blob_11,,146.713,,XY,,,,,,,
,27oct16_31aug16_MSM_m1_sp1_18_rev,blob19,,153.532,,XY,,,,,,,
,27oct16_31aug16_MSM_m1_sp1_19,blob_6,,195.389,,XY,,,,,,,
,27oct16_31aug16_MSM_m1_sp1_26,blob_5,,177.094,,XY,,,,,,,
,27oct16_31aug16_MSM_m1_sp1_9_rev,blob16,,139.948,,XY,,,,,,,
,28jul15_22jun15_G_m2_sp1_19_rev,blob20,,167.12,,XY,,,,,unpaired,,
,28jul15_22jun15_G_m2_sp1_3_rev,blob6,,129.965,,XY,,,,,,,
,28jul15_22jun15_G_m2_sp1_4_rev,blob20,,144.428,,XY,,,,,,,
"3,5,6,7,8,28",29nov16_13nov16_MSM_m2_sp1_13,blob_20,,177.877,,XY,,,,,,,
,29nov16_13nov16_MSM_m2_sp1_13_rev,blob17,,175.783,,XY,,,,,,,
,30jul15_12jun15_WSB_m2_sp1_3_rev,blob9,,147.185,,XY,,,,,,,
,30jul15_12jun15_WSB_m2_sp1_7.2_rev,blob14,,140.006,,XY,,,,,,,
,3aug17_8may17_LEW_m2_sp1_3_rev,blob19,,156.676,,XY,,,,,,,
,3aug17_8may17_LEW_m2_sp1_5_rev,blob6,,214.833,,XY,,,,,,,
,7feb17_20dec16_LEW_m2_sp1_20_rev,blob12,,146.066,,XY,,,,,,,
,7feb17_20dec16_LEW_m2_sp1_25_rev,blob17,,170.209,,XY,,,,,,,
check!,5aug17_14jul17_LEW_f1_sp1_11_rev,blob19,,,,,,,,,,,
check!,5aug17_14jul17_LEW_f1_sp1_11_rev,blob20,,,,,,,,,,,
,,,,,,,,,,,,,
,,,,,,,,,,,,,
,,,,,,,,,,,,,
,,,,,,,,,,,,,
,,,,,,,,,,,,,
,,,,,,,,,,,,,
