Batch,,Original Name,Random Name ,quality,n ,nMLH1.foci,REDO.crop,XY.paired,achiasmate,asynased,notes,N shape XY
Batch15,X,19nov17_30oct17_SPIC_m2_sp1_2_rev.tif,146-26603-8086.tif,,18,,no,yes,,0,,
Batch15,X,5jun19_27oct18_MOLF_m3_sp1_17_rev.tif,23182-27900-21809.tif,,19,,no,yes?,,,,
Batch15,X,4jun19_28sep18_MOLF_m1_sp1_10.3_rev.tif,30466-27902-10370.tif,,19,,no,yes,,,,
Batch15,X,8jan15_30dec14_WSB_m2_sp1_27.1_rev.tif,32316-2394-14573.tif,,19,,yes,yes,,0,,
Batch15,X,5jun19_27oct18_MOLF_m3_sp1_16.2_rev.tif,3144-26350-10157.tif,,19,,no,,,,,
Batch15,X,4jun19_28sep18_TOM_m1_sp1_33.2_rev.tif,3023-14078-15463.tif,5,19,,no,,,,,
Batch15,X,19nov17_30oct17_SPIC_m2_sp1_4_rev.tif,15248-11692-27770.tif,,20,13,no,yes,,0,,
Batch15,X,6jun19_27oct18_MOLF_m1_sp1_30.1_rev.tif,16238-344-5467.tif,5,20,13,no,yes,,0,,
Batch15,X,6jun19_28jun18_SPIC_m2_sp1_15_rev.tif,19793-22471-31124.tif,,20,15,no,,,0,,
Batch15,X,5jun19_27oct18_MOLF_m3_sp1_4_rev.tif,7893-26590-29991.tif,5?,20,10?,no,yes,,,,
Batch15,X,19nov17_30oct17_SPIC_m2_sp1_10_rev.tif,6451-4622-2442.tif,5?,20,11?,yes,yes,,0,,
Batch15,X,4jun19_28sep18_MOLF_m1_sp1_21.1_rev.tif,0-5227-22854.tif,,20,15?,no,yes,,0,,
Batch15,X,6jun19_28jun18_SPIC_m2_sp1_2_rev.tif,4931-58-25389.tif,,20,16?,no,,,,,
Batch15,X,9mar15_24sep14_WSB_m1_sp1_7.5_rev.tif,26261-15178-28365.tif,,20,17?,no,no,,0,,
Batch15,X,5jun19_27oct18_MOLF_m3_sp1_7_rev.tif,2602-26206-2971.tif,,20,18?,no,yes,4?,0,,
Batch15,X,6jun19_27oct18_MOLF_m1_sp1_18.1_rev.tif,1605-15115-28985.tif,,20,19?,no,yes,,0,potential duplicate,y
Batch15,X,19nov17_30oct17_SPIC_m2_sp1_8_rev.tif,12363-3151-21129.tif,,20,,no,yes,,0,,
Batch15,X,4jun19_28sep18_TOM_m1_sp1_28.2_rev.tif,13600-10130-14943.tif,,20,,no,,,0,,
Batch15,X,19nov17_30oct17_SPIC_m2_sp1_11_rev.tif,157-14266-24208.tif,,20,,no,yes,,,,y
Batch15,X,19nov17_30oct17_SPIC_m2_sp1_7_rev.tif,16201-15420-14081.tif,5,20,,no,,,0,,
Batch15,X,4jun19_28sep18_MOLF_m1_sp1_1_rev.tif,17160-28385-24009.tif,5,20,,no,,,,,
Batch15,X,4jun19_28sep18_TOM_m1_sp1_13_rev.tif,17468-18577-18135.tif,5,20,,no,no,,0,,
Batch15,X,2sep15_10mar15_WSB_m2_sp1_13.1_rev.tif,19379-2215-719.tif,5?,20,,no,yes,,,,
Batch15,X,4jun19_28sep18_TOM_m1_sp1_8_rev.tif,19738-22416-18667.tif,,20,,no,yes,,0,,
Batch15,X,9mar15_24sep14_WSB_m1_sp1_10.1_rev.tif,20282-30980-23680.tif,,20,,no,no,,,,
Batch15,X,6jun19_27oct18_MOLF_m1_sp1_4_rev.tif,20803-26151-31829.tif,5,20,,no,yes,,,,
Batch15,X,5jun19_27oct18_MOLF_m3_sp1_5_rev.tif,21265-11055-948.tif,,20,,no,,,,,
Batch15,X,26sep18_19may18_SPIC_m2_sp1_15.2_rev.tif,21777-16967-20253.tif,,20,,no,no,,0,,
Batch15,X,4jun19_28sep18_MOLF_m1_sp1_30.1_rev.tif,21880-15648-22829.tif,,20,,no,yes,,0,,
Batch15,X,4jun19_28sep18_TOM_m1_sp1_18_rev.tif,28256-14001-14987.tif,,20,,no,yes,,0,,
Batch15,X,19nov17_30oct17_SPIC_m2_sp1_9_rev.tif,6971-12402-7834.tif,5?,20,,no,yes?,,,bad signal,y
Batch15,X,4jun19_28sep18_MOLF_m1_sp1_21.2_rev.tif,7056-7312-4779.tif,,20,,no,yes,,0,,
Batch15,X,5jun19_27oct18_MOLF_m3_sp1_8_rev.tif,8070-1363-10736.tif,,20,,no,yes,,,,
Batch15,X,19nov17_30oct17_SPIC_m2_sp1_1_rev.tif,8210-27090-31707.tif,,20,,no,yes,,0,,
Batch15,X,4jun19_28sep18_MOLF_m1_sp1_20.2_rev.tif,8621-17566-13552.tif,,20,,no,yes,,0,,
Batch15,X,4jun19_28sep18_MOLF_m1_sp1_28.1_rev.tif,9675-18510-14656.tif,5,20,,no,no,,,bad signal,
Batch15,X,4jun19_28sep18_TOM_m1_sp1_6_rev.tif,10533-12952-20729.tif,,20,,no,,,0,,
Batch15,X,5jun19_27oct18_MOLF_m3_sp1_12_rev.tif,12264-21437-11361.tif,,20,,no,yes,,0,,
Batch15,X,4jun19_28sep18_TOM_m1_sp1_10.1_rev.tif,15409-6953-21315.tif,5?,20,,no,yes,,0,,
Batch15,X,6jun19_28jun18_SPIC_m2_sp1_4.2_rev.tif,1698-6715-25175.tif,,20,,no,,,,,
Batch15,X,4jun19_28sep18_TOM_m1_sp1_21.2_rev.tif,5138-2964-12883.tif,,20,,no,yes,,0,,
Batch15,X,4jun19_28sep18_TOM_m1_sp1_10.2_rev.tif,605-11146-5765.tif,5?,20,,no,,,,,
Batch15,X,19nov17_30oct17_SPIC_m2_sp1_13_rev.tif,6977-28631-9863.tif,,20,,no,yes,,0,,
Batch15,X,9jan19_27oct18_MOLF_m2_sp1_20.2_rev.tif,7286-2187-31071.tif,5,20,,no,yes,,,,
Batch15,X,9mar15_24sep14_WSB_m1_sp1_8_rev.tif,28302-21213-9192.tif,,21,,,,,,,
Batch15,X,18jul19_1mar19_MOLF_m1_sp1_1.1_rev.tif,14990-19390-21574.tif,,22,,yes,,,0,crop right side,
Batch15,X,4jun19_28sep18_TOM_m1_sp1_16_rev.tif,10334-8330-12075.tif,5?5?,19?,,,,,,,
Batch15,X,19nov17_30oct17_SPIC_m2_sp1_6_rev.tif,15513-721-14303.tif,,19?,,no,yes,,0,,
Batch15,X,4jun19_28sep18_TOM_m1_sp1_20_rev.tif,417-15929-4742.tif,,19?,,no,yes,,0,,
Batch15,X,5jun19_27oct18_MOLF_m3_sp1_24.1_rev.tif,7174-28507-19279.tif,,19?,,no,yes,,,,
Batch15,X,18jul19_1mar19_MOLF_m1_sp1_6_rev.tif,27482-20149-26234.tif,5,20?21?,,no,?,,,,
Batch15,X,9jan19_27oct18_MOLF_m2_sp1_16.2_rev.tif,5882-4065-6420.tif,,21?,23,,,,,,
Batch15,X,9jan19_27oct18_MOLF_m2_sp1_4.3_rev.tif,4942-24441-22096.tif,,21?,,no,yes?,,0,,
Batch15,X,8jan15_30dec14_WSB_m2_sp1_33_rev.tif,526-15127-8645.tif,,22?,,,,,,,
Batch15,X,4jun19_28sep18_TOM_m1_sp1_19_rev.tif,11911-21030-11779.tif,,,,,,,,,
Batch15,X,6jun19_27oct18_MOLF_m1_sp1_10_rev.tif,15346-26066-21129.tif,,,,,,,,,
Batch15,X,6jun19_27oct18_MOLF_m1_sp1_1_rev.tif,2021-13357-19100.tif,,,,no,,,,,
Batch15,X,4jun19_28sep18_TOM_m1_sp1_32.2_rev.tif,23440-8580-6638.tif,,,,,,,,,
Batch15,X,19nov17_30oct17_SPIC_m2_sp1_12_rev.tif,25083-6825-26561.tif,,,,,,,,,
Batch15,X,4jun19_28sep18_TOM_m1_sp1_5_rev.tif,2533-17089-26615.tif,,,,,,,,,
Batch15,X,4jun19_28sep18_TOM_m1_sp1_7_rev.tif,8345-24740-17973.tif,,,,,,,,,
Batch15,X,4jun19_28sep18_TOM_m1_sp1_21.1_rev.tif,911-533-32597.tif,,,,,,,,,
Batch15,X multi cells,2mar15_30dec14_WSB_m4_sp3_20_rev.tif,30080-31590-7124.tif,,,,,,,,,
Batch15,X multi cells,2mar15_30dec14_WSB_m4_sp3_23_rev.tif,30948-31295-27289.tif,,,,,,,,,
Batch15,X multi cells,2mar15_30dec14_WSB_m4_sp3_10_rev.tif,556-1244-21473.tif,,,,,,,,,
Batch15,X?,2mar15_30dec14_WSB_m4_sp3_31_rev.tif,24746-21592-16480.tif,5,20,15,no,no,,0,sc seperating,
Batch15,X?,19nov17_30oct17_SPIC_m2_sp1_3_rev.tif,1250-28615-24486.tif,5?,20,12?,no,yes,,0,,y
Batch15,X?,18mar15_10mar15_WSB_m1_sp1_16_rev.tif,20413-19599-1602.tif,,20?,,yes,yes?,,,,
Batch15,X?,5jun19_27oct18_MOLF_m3_sp1_13.1_rev.tif,13431-2785-3472.tif,5?,,,,,,,,
Batch15,,18jul19_1mar19_MOLF_m1_sp1_23.1_rev.tif,17007-30833-24198.tif,5,20,15,no,yes,4,0,,
Batch15,,5jun19_27oct18_MOLF_m3_sp1_13.2_rev.tif,15854-25862-25299.tif,5,20,15,no,yes,4,0,,
Batch15,,4jun19_28sep18_TOM_m1_sp1_17.2_rev.tif,19784-18080-2687.tif,5,20,16,no,yes,3,0,,
Batch15,,4jun19_28sep18_TOM_m1_sp1_15_rev.tif,20262-32257-26248.tif,5,20,16,no,yes,4,0,,
Batch15,,6jun19_28jun18_SPIC_m2_sp1_12.2_rev.tif,25880-25088-21778.tif,5,20,16,no,yes,3,0,,
Batch15,,2sep15_10mar15_WSB_m2_sp1_7_rev.tif,26037-8572-19583.tif,5,20,16,no,yes,3,0,,
Batch15,,4jun19_28sep18_MOLF_m1_sp1_33..1_rev.tif,1142-20918-26354.tif,5,20,17,no,yes,2,0,,
Batch15,,4jun19_28sep18_MOLF_m1_sp1_9.1_rev.tif,5060-2807-10367.tif,5,20,17,no,yes,3,0,,
Batch15,,9mar15_24sep14_WSB_m1_sp1_13.3_rev.tif,239-24761-31801.tif,4,20,17,no,yes,2,0,,
Batch15,,9mar15_24sep14_WSB_m1_sp1_7.1_rev.tif,11530-18980-8918.tif,5,20,18,no,yes,2,0,,
Batch15,,6jun19_27oct18_MOLF_m1_sp1_21_rev.tif,18721-23492-4179.tif,5,20,18,no,yes,4,0,,
Batch15,,9mar15_24sep14_WSB_m1_sp1_10.4_rev.tif,19783-9591-6544.tif,3,20,18,no,yes,2,1,,
Batch15,,18mar15_10mar15_WSB_m1_sp1_6_rev.tif,20158-10054-19570.tif,4,20,18,no,yes,1,0,,y
Batch15,,6jun19_28jun18_SPIC_m2_sp1_20.1_rev.tif,20215-6227-19107.tif,5,20,18,no,yes,3,0,,
Batch15,,4jun19_28sep18_MOLF_m1_sp1_10.1_rev.tif,27371-14538-3501.tif,5,20,18,no,yes,2,0,,
Batch15,,18jul19_1mar19_MOLF_m1_sp1_17_rev.tif,29255-23320-15498.tif,5,20,18,no,yes,2,0,,
Batch15,,6jun19_28jun18_SPIC_m2_sp1_16.1_rev.tif,30348-9914-30301.tif,5,20,18,no,yes,4,1,,
Batch15,,5jun19_27oct18_MOLF_m3_sp1_3.1_rev.tif,31906-30635-7375.tif,5,20,18,no,yes,1,0,,
Batch15,,18jul19_1mar19_MOLF_m1_sp1_21.1_rev.tif,32188-29316-18229.tif,4,20,18,no,yes,2,0,,
Batch15,,8jan15_30dec14_WSB_m2_sp1_20.2_rev.tif,8181-4190-14006.tif,5,20,18,yes,yes,1,0,crop lower left,
Batch15,,9jan19_27oct18_MOLF_m2_sp1_2_rev.tif,27652-31901-25174.tif,5,20,18,no,yes,0,0,,
Batch15,,9mar15_24sep14_WSB_m1_sp1_7.4_rev.tif,5007-20021-3187.tif,4,20,18,no,yes,2,0,,
Batch15,,8jan15_30dec14_WSB_m2_sp1_20.1_rev.tif,10856-21171-6044.tif,2,20,19,yes,yes,1,0,crop upper 4 chrms,
Batch15,,6jun19_27oct18_MOLF_m1_sp1_20_rev.tif,12520-20203-22808.tif,3,20,19,no,yes,1,0,,
Batch15,,2mar15_30dec14_WSB_m4_sp3_29_rev.tif,14383-16830-3005.tif,4,20,19,no,yes,3,0,,y
Batch15,,6jun19_27oct18_MOLF_m1_sp1_25.1_rev.tif,14838-15840-17391.tif,5,20,19,no,yes,3,0,,
Batch15,,6jun19_28jun18_SPIC_m2_sp1_1_rev.tif,16009-14209-6492.tif,5,20,19,no,yes,2,0,,
Batch15,,6jun19_27oct18_MOLF_m1_sp1_28_rev.tif,19718-26300-3226.tif,5,20,19,no,yes,2,0,,
Batch15,,4jun19_28sep18_TOM_m1_sp1_24_rev.tif,2008-17528-5674.tif,5,20,19,no,yes,2,0,,
Batch15,,4jun19_28sep18_MOLF_m1_sp1_11_rev.tif,28099-1544-22223.tif,5,20,19,no,yes,1,0,,
Batch15,,9jan19_27oct18_MOLF_m2_sp1_23.1_rev.tif,31049-28660-16174.tif,4,20,19,no,no,1,0,,
Batch15,,6jun19_28jun18_SPIC_m2_sp1_32.2_rev.tif,31528-27720-12486.tif,5,20,19,no,no,2,0,,
Batch15,,2sep15_10mar15_WSB_m2_sp1_4_rev.tif,3294-26085-22929.tif,5,20,19,no,yes,2,0,many chrms seperating,
Batch15,,5jun19_27oct18_MOLF_m3_sp1_27_rev.tif,3404-32442-6517.tif,5,20,19,no,yes,2,0,,
Batch15,,18mar15_10mar15_WSB_m1_sp1_13_rev.tif,5183-7191-5399.tif,1,20,19,no,yes,0,0,,y
Batch15,,8jan15_30dec14_WSB_m2_sp1_48_rev.tif,6554-16203-22712.tif,3,20,19,no,yes,1,0,,
Batch15,,2mar15_30dec14_WSB_m4_sp3_26_rev.tif,8012-10914-30208.tif,3,20,19,no,yes,1,0,,
Batch15,,6jun19_28jun18_SPIC_m2_sp1_16.2_rev.tif,9889-14658-21573.tif,5,20,19,no,yes,2,0,,
Batch15,,2sep15_10mar15_WSB_m2_sp1_1_rev.tif,26492-19831-30510.tif,5,20,19,no,yes,1,0,,
Batch15,,4jun19_28sep18_MOLF_m1_sp1_10.2_rev.tif,10033-22287-17253.tif,4,20,20,no,yes,2,0,,
Batch15,,4jun19_28sep18_MOLF_m1_sp1_4.2_rev.tif,11516-15768-7788.tif,5,20,20,no,yes,2,0,,
Batch15,,9mar15_24sep14_WSB_m1_sp1_19_rev.tif,12382-26988-729.tif,2,20,20,no,yes,2,0,,
Batch15,,4jun19_28sep18_TOM_m1_sp1_9_rev.tif,14351-185-1392.tif,5,20,20,no,yes,2,0,,
Batch15,,8jan15_30dec14_WSB_m2_sp1_34_rev.tif,17295-31523-25155.tif,4,20,20,no,yes,1,0,,
Batch15,,6jun19_28jun18_SPIC_m2_sp1_18_rev.tif,18019-31507-23674.tif,4,20,20,no,yes,2,0,,
Batch15,,8jan15_30dec14_WSB_m2_sp1_5_rev.tif,18439-7962-32495.tif,3,20,20,yes,yes,2,0,some extra noise,
Batch15,,4jun19_28sep18_MOLF_m1_sp1_16_rev.tif,18572-10619-12374.tif,4,20,20,no,yes,0,0,,
Batch15,,4jun19_28sep18_MOLF_m1_sp1_31_rev.tif,19879-4420-12927.tif,4,20,20,no,yes,1,0,,
Batch15,,9mar15_24sep14_WSB_m1_sp1_13.1_rev.tif,20875-20817-22474.tif,5,20,20,no,no,3,0,,
Batch15,,4jun19_28sep18_MOLF_m1_sp1_2_rev.tif,23670-24316-3976.tif,5,20,20,no,yes,2,0,,
Batch15,,9mar15_24sep14_WSB_m1_sp1_15_rev.tif,24383-67-18717.tif,3,20,20,no,yes,0,0,,
Batch15,,4jun19_28sep18_MOLF_m1_sp1_12.1_rev.tif,25256-9153-21750.tif,3,20,20,no,yes,1,0,,
Batch15,,9mar15_24sep14_WSB_m1_sp1_13.2_rev.tif,25326-5640-11931.tif,3,20,20,no,no,0,0,,
Batch15,,4jun19_28sep18_MOLF_m1_sp1_8_rev.tif,2649-29468-20684.tif,5,20,20,no,yes,1,0,,
Batch15,,8jan15_30dec14_WSB_m2_sp1_4_rev.tif,26534-31025-22971.tif,2,20,20,no,yes,0,0,,
Batch15,,9mar15_24sep14_WSB_m1_sp1_12.2_rev.tif,2866-2106-3878.tif,4,20,20,no,yes,1,0,,
Batch15,,6jun19_28jun18_SPIC_m2_sp1_26_rev.tif,28785-31086-17005.tif,3,20,20,no,yes,0,0,,
Batch15,,4jun19_28sep18_MOLF_m1_sp1_33.2_rev.tif,28986-29081-23367.tif,5,20,20,no,yes,1,0,,
Batch15,,5jun19_27oct18_MOLF_m3_sp1_6_rev.tif,29750-7789-11975.tif,5,20,20,no,yes,0,1,,
Batch15,,5jun19_27oct18_MOLF_m3_sp1_14_rev.tif,32025-27763-14422.tif,4,20,20,no,yes,2,0,,
Batch15,,18jul19_31may19_SKIVE_m2_sp1_2_rev.tif,5937-9220-32647.tif,4,20,20,no,yes,1,0,,
Batch15,,8jan15_30dec14_WSB_m2_sp1_15.2_rev.tif,8123-29920-23061.tif,5,20,20,yes,yes,5,0,,
Batch15,,4jun19_28sep18_MOLF_m1_sp1_4.1_rev.tif,8844-16885-22746.tif,5,20,20,no,yes,1,0,,
Batch15,,9mar15_24sep14_WSB_m1_sp1_11_rev.tif,9782-26791-16025.tif,2,20,20,no,yes,1,1,,
Batch15,,8jan15_30dec14_WSB_m2_sp1_40.1_rev.tif,9982-13681-18078.tif,3,20,20,yes,no,0,0,crop bottom left 2,
Batch15,,9jan19_27oct18_MOLF_m2_sp1_17.1_rev.tif,27511-3402-29709.tif,3,20,20,no,yes,1,0,,
Batch15,,2mar15_30dec14_WSB_m4_sp3_8.1_rev.tif,25382-9096-18961.tif,5,20,20,yes,yes,0,0,crop top right corner,
Batch15,,6jun19_27oct18_MOLF_m1_sp1_22.1_rev.tif,12079-22322-25304.tif,5,20,20,no,yes,2,0,,
Batch15,,6jun19_28jun18_SPIC_m2_sp1_12.1_rev.tif,2262-6682-4150.tif,5,20,20,no,yes,1,0,,
Batch15,,26sep18_19may18_SPIC_m2_sp1_20_rev.tif,26784-12891-3652.tif,2,20,20,yes,yes,2,0,,
Batch15,,8jan15_30dec14_WSB_m2_sp1_44_rev.tif,10711-18071-27617.tif,3,20,21,no,yes,0,0,,
Batch15,,4jun19_28sep18_TOM_m1_sp1_26.1_rev.tif,10796-8268-21922.tif,5,20,21,no,yes,1,0,,
Batch15,,6jun19_28jun18_SPIC_m2_sp1_32.1_rev.tif,13667-19378-5858.tif,4,20,21,no,yes,1,0,,
Batch15,,4jun19_28sep18_TOM_m1_sp1_2.1_rev.tif,13809-15489-15092.tif,5,20,21,no,yes,1,0,,
Batch15,,6jun19_28jun18_SPIC_m2_sp1_31.2_rev.tif,16327-24172-12788.tif,5,20,21,no,yes,0,0,,
Batch15,,5jun19_27oct18_MOLF_m3_sp1_9.1_rev.tif,18944-20557-6493.tif,5,20,21,no,yes,1,0,,
Batch15,,18mar15_10mar15_WSB_m1_sp1_21_rev.tif,19197-12493-20340.tif,5,20,21,no,yes,1,0,,
Batch15,,18mar15_10mar15_WSB_m1_sp1_3.1_rev.tif,19356-6827-11324.tif,1,20,21,no,yes,0,0,,
Batch15,,8jan15_30dec14_WSB_m2_sp1_30_rev.tif,2018-20128-4777.tif,5,20,21,yes,yes,2,0,1 chrm far near bottom right corner?,
Batch15,,18mar15_10mar15_WSB_m1_sp1_14_rev.tif,20331-27552-17375.tif,2,20,21,no,yes,0,0,,
Batch15,,6jun19_28jun18_SPIC_m2_sp1_14_rev.tif,20952-5836-11370.tif,5,20,21,no,yes,0,0,,
Batch15,,6jun19_28jun18_SPIC_m2_sp1_6.2_rev.tif,21834-30293-25857.tif,2,20,21,no,no,0,0,,
Batch15,,4jun19_28sep18_MOLF_m1_sp1_27.1_rev.tif,2197-8104-21166.tif,4,20,21,no,no,0,0,,
Batch15,,4jun19_28sep18_MOLF_m1_sp1_5_rev.tif,22249-9144-1253.tif,4,20,21,no,yes,1,0,,y
Batch15,,4jun19_28sep18_TOM_m1_sp1_28.1_rev.tif,22290-29005-20456.tif,4,20,21,no,yes,2,0,,
Batch15,,2mar15_30dec14_WSB_m4_sp3_7_rev.tif,22468-24566-30108.tif,3,20,21,no,yes,2,0,,
Batch15,,8jan15_30dec14_WSB_m2_sp1_3_rev.tif,24108-9558-20953.tif,3,20,21,no,yes,0,0,,
Batch15,,2sep15_10mar15_WSB_m2_sp1_3_rev.tif,24573-18662-25755.tif,4,20,21,no,yes,0,0,,
Batch15,,18jul19_1mar19_MOLF_m1_sp1_19.2_rev.tif,25980-26808-606.tif,3,20,21,no,yes,1,0,,
Batch15,,4jun19_28sep18_MOLF_m1_sp1_13_rev.tif,27365-15483-10586.tif,2,20,21,no,yes,0,0,,
Batch15,,8jan15_30dec14_WSB_m2_sp1_23_rev.tif,27367-25785-6342.tif,3,20,21,no,yes,1,0,,
Batch15,,8jan15_30dec14_WSB_m2_sp1_1_rev.tif,27954-19196-5892.tif,3,20,21,no,yes,0,0,,
Batch15,,26sep18_19may18_SPIC_m2_sp1_1_rev.tif,29310-23631-10410.tif,4,20,21,no,yes,0,0,channels slightly offset,
Batch15,,18jul19_1mar19_MOLF_m1_sp1_22_rev.tif,29911-17123-9197.tif,3,20,21,no,yes,0,0,,
Batch15,,9mar15_24sep14_WSB_m1_sp1_9.1_rev.tif,31950-31804-21765.tif,4,20,21,no,yes,3,0,,y
Batch15,,18jul19_1mar19_MOLF_m1_sp1_19.1_rev.tif,32365-13756-27320.tif,3,20,21,no,yes,2,0,,
Batch15,,9mar15_24sep14_WSB_m1_sp1_17.1_rev.tif,32738-28212-11931.tif,3,20,21,no,yes,0,0,,
Batch15,,4jun19_28sep18_MOLF_m1_sp1_35.2_rev.tif,3448-24857-11594.tif,5,20,21,no,yes,2,0,,
Batch15,,8jan15_30dec14_WSB_m2_sp1_6_rev.tif,3957-28737-28531.tif,2,20,21,no,yes,0,0,crop lower back,
Batch15,,6jun19_28jun18_SPIC_m2_sp1_17_rev.tif,5151-986-31647.tif,3,20,21,no,yes,1,0,,y
Batch15,,8jan15_30dec14_WSB_m2_sp1_35_rev.tif,5440-19810-21277.tif,5,20,21,no,yes,2,0,bad signal,
Batch15,,4jun19_28sep18_MOLF_m1_sp1_20.1_rev.tif,5800-1138-13905.tif,4,20,21,no,yes,1,0,,
Batch15,,10apr15_31mar15_WSB_m3_sp1_22.3_rev.tif,9063-9892-12561.tif,2,20,21,no,no,1,0,,
Batch15,,10apr15_31mar15_WSB_m3_sp1_1_rev.tif,9086-9574-15078.tif,4,20,21,no,yes,1,0,,
Batch15,,4jun19_28sep18_MOLF_m1_sp1_35.1_rev.tif,9651-24050-14293.tif,4,20,21,no,yes,0,0,,
Batch15,,6jun19_27oct18_MOLF_m1_sp1_6_rev.tif,795-13340-15200.tif,4,20,21,no,yes,2,0,,
Batch15,,6jun19_28jun18_SPIC_m2_sp1_10_rev.tif,15662-32162-1182.tif,4,20,21,yes,yes,1,0,,
Batch15,,8jan15_30dec14_WSB_m2_sp1_18_rev.tif,26319-23474-26701.tif,3,20,21,no,yes,1,0,,
Batch15,,9jan19_27oct18_MOLF_m2_sp1_26.1_rev.tif,388-2630-31772.tif,2,20,21,no,yes,0,0,,
Batch15,,5jun19_27oct18_MOLF_m3_sp1_10.1_rev.tif,14426-1244-13889.tif,5,20,22,no,yes,2,0,,
Batch15,,26sep18_19may18_SPIC_m2_sp1_8_rev.tif,14839-25001-24204.tif,2,20,22,no,yes,2,0,,
Batch15,,4jun19_28sep18_MOLF_m1_sp1_12.2_rev.tif,15499-18975-29340.tif,4,20,22,no,yes,0,0,,
Batch15,,4jun19_28sep18_MOLF_m1_sp1_29.1_rev.tif,1640-680-22447.tif,4,20,22,no,yes,1,0,,
Batch15,,8jan15_30dec14_WSB_m2_sp1_15.1_rev.tif,16812-29091-4472.tif,2,20,22,yes,yes,0,0,crop top left corner,
Batch15,,10apr15_31mar15_WSB_m3_sp1_7.1_rev.tif,17216-4992-14871.tif,2,20,22,no,yes,1,0,,
Batch15,,18mar15_10mar15_WSB_m1_sp1_7_rev.tif,17366-3940-9272.tif,1,20,22,no,no,0,0,,
Batch15,,9mar15_24sep14_WSB_m1_sp1_10.2_rev.tif,1839-24750-31935.tif,3,20,22,no,yes,0,0,,
Batch15,,8jan15_30dec14_WSB_m2_sp1_42_rev.tif,18600-2238-22077.tif,2,20,22,no,yes,1,0,,
Batch15,,4jun19_28sep18_MOLF_m1_sp1_6_rev.tif,19268-14436-30335.tif,4,20,22,no,yes,0,0,possible duplicate?,
Batch15,,8jan15_30dec14_WSB_m2_sp1_38_rev.tif,19569-32423-13557.tif,3,20,22,yes,no,2,0,,
Batch15,,6jun19_28jun18_SPIC_m2_sp1_23.2_rev.tif,19611-1724-8525.tif,3,20,22,no,yes,1,0,,
Batch15,,10apr15_31mar15_WSB_m3_sp1_15_rev.tif,20130-23898-29017.tif,2,20,22,no,yes,0,0,,
Batch15,,26sep18_19may18_SPIC_m2_sp1_11_rev.tif,2014-14540-10272.tif,3,20,22,no,yes,1,0,,y
Batch15,,2mar15_30dec14_WSB_m4_sp3_8.2_rev.tif,22365-17650-13117.tif,5,20,22,yes,yes,0,0,no blue channel,
Batch15,,6jun19_28jun18_SPIC_m2_sp1_30.4_rev.tif,23420-29448-16173.tif,3,20,22,no,no,1,0,,
Batch15,,4jun19_28sep18_MOLF_m1_sp1_25.1_rev.tif,23577-24577-4235.tif,3,20,22,no,yes,0,0,,
Batch15,,9mar15_24sep14_WSB_m1_sp1_3.2_rev.tif,237-11588-2633.tif,4,20,22,no,yes,1,0,,
Batch15,,4jun19_28sep18_MOLF_m1_sp1_32_rev.tif,23815-31601-11298.tif,3,20,22,no,yes,0,0,,
Batch15,,8jan15_30dec14_WSB_m2_sp1_31_rev.tif,24242-20313-26517.tif,4,20,22,no,yes,1,0,,
Batch15,,10apr15_31mar15_WSB_m3_sp1_3.1_rev.tif,2498-22540-21023.tif,4,20,22,yes,yes,0,0,,
Batch15,,2mar15_30dec14_WSB_m4_sp3_19_rev.tif,25350-29070-29273.tif,3,20,22,yes,yes,1,0,,
Batch15,,10apr15_31mar15_WSB_m3_sp1_6.2_rev.tif,25949-10473-26444.tif,1,20,22,no,yes,1,0,possible duplicate?,
Batch15,,4jun19_28sep18_MOLF_m1_sp1_36_rev.tif,25963-20761-21323.tif,3,20,22,no,yes,0,0,,y
Batch15,,18jul19_31may19_SKIVE_m2_sp1_1_rev.tif,27506-3804-5354.tif,4,20,22,no,yes,0,0,,
Batch15,,10apr15_31mar15_WSB_m3_sp1_3.2_rev.tif,29316-27945-4779.tif,1,20,22,no,yes,0,0,,
Batch15,,9jan19_27oct18_MOLF_m2_sp1_11_rev.tif,29430-12175-18051.tif,4,20,22,no,yes,1,0,1 swished chrm,
Batch15,,2sep15_10mar15_WSB_m2_sp1_8.1_rev.tif,29601-31786-17776.tif,5,20,22,no,yes,2,0,,
Batch15,,2mar15_30dec14_WSB_m4_sp3_11_rev.tif,30086-26796-14952.tif,4,20,22,no,yes,2,0,,
Batch15,,2mar15_30dec14_WSB_m4_sp3_32_rev.tif,3012-3348-26845.tif,3,20,22,yes,yes,0,0,central clump,
Batch15,,6jun19_28jun18_SPIC_m2_sp1_5_rev.tif,31231-14591-10307.tif,4,20,22,no,yes,2,0,,
Batch15,,4jun19_28sep18_MOLF_m1_sp1_19.1_rev.tif,3208-20133-29286.tif,5,20,22,no,yes,1,0,,
Batch15,,8jan15_30dec14_WSB_m2_sp1_45_rev.tif,32723-5440-2851.tif,3,20,22,yes,yes,0,0,crop things in corner,
Batch15,,18mar15_10mar15_WSB_m1_sp1_23_rev.tif,3307-11059-9095.tif,3,20,22,yes,yes,0,0,20 are center circle,
Batch15,,8jan15_30dec14_WSB_m2_sp1_17_rev.tif,3894-18816-13775.tif,2,20,22,no,yes,0,0,,y
Batch15,,18jul19_1mar19_MOLF_m1_sp1_29.2_rev.tif,4463-18484-2583.tif,4,20,22,no,yes,1,0,,
Batch15,,6jun19_28jun18_SPIC_m2_sp1_16.3_rev.tif,4854-20069-386.tif,1,20,22,no,yes,1,0,,
Batch15,,4jun19_28sep18_MOLF_m1_sp1_23_rev.tif,4856-16482-27298.tif,4,20,22,no,yes,0,0,,
Batch15,,9jan19_27oct18_MOLF_m2_sp1_28_rev.tif,728-32467-18366.tif,3,20,22,no,yes,0,0,,
Batch15,,2sep15_10mar15_WSB_m2_sp1_12_rev.tif,7402-29986-21482.tif,5,20,22,no,yes,1,0,,
Batch15,,9mar15_24sep14_WSB_m1_sp1_7.3_rev.tif,8558-30627-19512.tif,2,20,22,no,yes,0,0,,
Batch15,,2mar15_30dec14_WSB_m4_sp3_16_rev.tif,9626-13855-11570.tif,2,20,22,no,yes,2,0,,y
Batch15,,9jan19_27oct18_MOLF_m2_sp1_7.1_rev.tif,9814-11898-26599.tif,3,20,22,no,yes,0,0,,
Batch15,,18jul19_1mar19_MOLF_m1_sp1_9.1_rev.tif,11892-28501-22378.tif,2,20,22,no,yes,1,0,,
Batch15,,10apr15_31mar15_WSB_m3_sp1_24_rev.tif,1299-25506-16880.tif,1,20,22,no,yes,1,0,,
Batch15,,6jun19_28jun18_SPIC_m2_sp1_13_rev.tif,26923-9443-2531.tif,5,20,22,no,yes,2,0,,
Batch15,,6jun19_28jun18_SPIC_m2_sp1_8.1_rev.tif,5442-32220-7032.tif,3,20,22,no,yes,1,0,,
Batch15,,18jul19_1mar19_MOLF_m1_sp1_11_rev.tif,6633-10265-32739.tif,2,20,22,no,yes,0,0,,
Batch15,,9mar15_24sep14_WSB_m1_sp1_7.2_rev.tif,6898-13682-292.tif,2,20,22,no,yes,0,0,,
Batch15,,2mar15_30dec14_WSB_m4_sp3_15_rev.tif,11423-1849-2074.tif,,20,23,no,yes,0,0,several broken SC,
Batch15,,18mar15_10mar15_WSB_m1_sp1_18_rev.tif,12768-10578-1735.tif,4,20,23,no,yes,0,2,,
Batch15,,8jan15_30dec14_WSB_m2_sp1_19_rev.tif,14304-876-25261.tif,3,20,23,yes,yes,0,0,crop lower left,
Batch15,,6jun19_28jun18_SPIC_m2_sp1_29_rev.tif,15376-9706-9036.tif,3,20,23,no,yes,0,0,,
Batch15,,9jan19_27oct18_MOLF_m2_sp1_1_rev.tif,16168-1182-18888.tif,3,20,23,no,yes,0,0,,
Batch15,,9jan19_27oct18_MOLF_m2_sp1_5.1_rev.tif,17008-9233-1375.tif,1,20,23,no,yes,0,0,,
Batch15,,8jan15_30dec14_WSB_m2_sp1_7_rev.tif,17166-29399-18717.tif,4,20,23,no,yes,1,0,,
Batch15,,9jan19_27oct18_MOLF_m2_sp1_4.1_rev.tif,17410-13175-3446.tif,2,20,23,no,yes,0,0,,
Batch15,,10apr15_31mar15_WSB_m3_sp1_11_rev.tif,17975-24561-2770.tif,2,20,23,yes,yes,0,0,central bright bivs,
Batch15,,8jan15_30dec14_WSB_m2_sp1_46_rev.tif,18728-10618-3344.tif,3,20,23,no,yes,0,0,,
Batch15,,18mar15_10mar15_WSB_m1_sp1_15_rev.tif,18746-4305-27971.tif,4,20,23,no,yes,0,0,,
Batch15,,5jun19_27oct18_MOLF_m3_sp1_11_rev.tif,18756-5846-26044.tif,5,20,23,no,yes,0,0,,
Batch15,,5jun19_27oct18_MOLF_m3_sp1_16.1_rev.tif,18827-12100-2623.tif,4,20,23,yes,yes,1,0,,
Batch15,,4jun19_28sep18_TOM_m1_sp1_22_rev.tif,19188-31844-20560.tif,5,20,23,no,yes,2,0,,
Batch15,,9jan19_27oct18_MOLF_m2_sp1_27_rev.tif,19195-22315-22114.tif,2,20,23,no,yes,0,0,,
Batch15,,9mar15_24sep14_WSB_m1_sp1_10.3_rev.tif,20307-16879-20225.tif,4,20,23,no,yes,1,0,,
Batch15,,18jul19_1mar19_MOLF_m1_sp1_8.2_rev.tif,20880-17088-3971.tif,1,20,23,no,yes,0,0,,
Batch15,,18jul19_1mar19_MOLF_m1_sp1_16_rev.tif,22126-31235-3418.tif,3,20,23,no,yes,0,0,,
Batch15,,18jul19_1mar19_MOLF_m1_sp1_18_rev.tif,23667-10281-6698.tif,3,20,23,no,yes,0,0,,
Batch15,,8jan15_30dec14_WSB_m2_sp1_32_rev.tif,26362-15468-32098.tif,2,20,23,no,yes,1,0,,
Batch15,,9jan19_27oct18_MOLF_m2_sp1_30_rev.tif,26703-30692-20435.tif,2,20,23,no,yes,0,0,,
Batch15,,26sep18_19may18_SPIC_m2_sp1_14.1_rev.tif,28447-20960-8499.tif,5,20,23,no,yes,2,0,,
Batch15,,18jul19_31may19_SKIVE_m2_sp1_10.1_rev.tif,28526-1352-32252.tif,4,20,23,no,yes,0,0,,
Batch15,,18jul19_1mar19_MOLF_m1_sp1_12_rev.tif,28961-29830-25132.tif,4,20,23,no,yes,0,0,,
Batch15,,9mar15_24sep14_WSB_m1_sp1_20_rev.tif,29228-22189-27965.tif,4,20,23,no,yes,0,0,,
Batch15,,18jul19_1mar19_MOLF_m1_sp1_15_rev.tif,2967-28380-10176.tif,2,20,23,no,yes,0,0,,
Batch15,,10apr15_31mar15_WSB_m3_sp1_22.1_rev.tif,31344-1505-30062.tif,2,20,23,yes,yes,0,0,,y
Batch15,,9mar15_24sep14_WSB_m1_sp1_13.4_rev.tif,31632-16568-15787.tif,2,20,23,no,yes,0,0,,
Batch15,,9jan19_27oct18_MOLF_m2_sp1_19.1_rev.tif,31798-14863-1306.tif,2,20,23,no,yes,0,0,,
Batch15,,4jun19_28sep18_MOLF_m1_sp1_27.2_rev.tif,32717-22793-20991.tif,4,20,23,no,yes,1,0,,
Batch15,,8jan15_30dec14_WSB_m2_sp1_36_rev.tif,4916-3082-12132.tif,3,20,23,yes,yes,2,0,central clump,
Batch15,,10apr15_31mar15_WSB_m3_sp1_19.1_rev.tif,5857-25836-12407.tif,1,20,23,no,yes,0,0,,
Batch15,,4jun19_28sep18_MOLF_m1_sp1_7.1_rev.tif,6441-4589-24141.tif,4,20,23,no,yes,0,0,,
Batch15,,6jun19_28jun18_SPIC_m2_sp1_30.5_rev.tif,9681-18015-1589.tif,3,20,23,no,yes,1,0,,
Batch15,,9mar15_24sep14_WSB_m1_sp1_17.2_rev.tif,9856-16884-6872.tif,5,20,23,yes,yes,0,0,,
Batch15,,10apr15_31mar15_WSB_m3_sp1_4_rev.tif,9991-19390-9957.tif,2,20,23,no,yes,0,0,,
Batch15,,8jan15_30dec14_WSB_m2_sp1_29_rev.tif,13247-6879-15125.tif,5,20,23,no,yes,1,0,,
Batch15,,10apr15_31mar15_WSB_m3_sp1_13_rev.tif,15663-8034-14932.tif,1,20,23,no,yes,0,0,,
Batch15,,26sep18_19may18_SPIC_m2_sp1_16_rev.tif,10214-27037-8817.tif,3,20,24,no,yes,2,0,,
Batch15,,9jan19_27oct18_MOLF_m2_sp1_20.1_rev.tif,10328-30322-13043.tif,4,20,24,no,yes,0,0,,
Batch15,,6jun19_28jun18_SPIC_m2_sp1_8.2_rev.tif,10970-14532-15559.tif,2,20,24,no,yes,2,0,,
Batch15,,6jun19_27oct18_MOLF_m1_sp1_12_rev.tif,12242-18013-28029.tif,5,20,24,no,yes,2,0,,
Batch15,,8jan15_30dec14_WSB_m2_sp1_37_rev.tif,12344-28616-8927.tif,3,20,24,no,yes,0,0,,
Batch15,,4jun19_28sep18_TOM_m1_sp1_32.1_rev.tif,124-23876-8406.tif,3,20,24,no,yes,1,0,,
Batch15,,9jan19_27oct18_MOLF_m2_sp1_29_rev.tif,13205-25785-23040.tif,1,20,24,no,yes,0,0,,
Batch15,,26sep18_19may18_SPIC_m2_sp1_24_rev.tif,14764-23659-24891.tif,4,20,24,no,yes,2,0,,
Batch15,,18jul19_31may19_SKIVE_m2_sp1_17.2_rev.tif,15944-14410-26022.tif,3,20,24,no,yes,1,0,,
Batch15,,18jul19_1mar19_MOLF_m1_sp1_28_rev.tif,17375-14661-25697.tif,3,20,24,no,yes,0,0,,
Batch15,,10apr15_31mar15_WSB_m3_sp1_16_rev.tif,18067-24114-12444.tif,1,20,24,no,yes,0,0,,
Batch15,,18jul19_31may19_SKIVE_m2_sp1_7_rev.tif,18678-14485-16775.tif,3,20,24,no,yes,0,0,,
Batch15,,26sep18_19may18_SPIC_m2_sp1_5_rev.tif,19951-4065-4823.tif,3,20,24,no,yes,0,0,,
Batch15,,9jan19_27oct18_MOLF_m2_sp1_24_rev.tif,21564-30610-26114.tif,3,20,24,no,yes,1,0,,
Batch15,,8jan15_30dec14_WSB_m2_sp1_43_rev.tif,2158-5629-25690.tif,4,20,24,no,yes,1,0,,
Batch15,,18jul19_1mar19_MOLF_m1_sp1_2_rev.tif,22343-9950-916.tif,5,20,24,no,yes,0,0,,
Batch15,,6jun19_27oct18_MOLF_m1_sp1_23.2_rev.tif,23140-18264-11762.tif,3,20,24,no,yes,0,0,,
Batch15,,9jan19_27oct18_MOLF_m2_sp1_22.1_rev.tif,24097-20688-21664.tif,1,20,24,no,yes,0,0,,
Batch15,,26sep18_19may18_SPIC_m2_sp1_2_rev.tif,24373-17753-1461.tif,3,20,24,no,yes,0,0,,
Batch15,,8jan15_30dec14_WSB_m2_sp1_24_rev.tif,24962-15439-8664.tif,4,20,24,yes,yes,1,0,,
Batch15,,6jun19_28jun18_SPIC_m2_sp1_23.1_rev.tif,25015-18148-15057.tif,4,20,24,no,yes,0,0,,
Batch15,,9mar15_24sep14_WSB_m1_sp1_4.1_rev.tif,27279-19308-11450.tif,3,20,24,no,yes,0,0,,
Batch15,,10apr15_31mar15_WSB_m3_sp1_7.2_rev.tif,30010-6222-19981.tif,1,20,24,no,yes,0,0,,
Batch15,,18mar15_10mar15_WSB_m1_sp1_27_rev.tif,3868-29303-14114.tif,4,20,24,no,yes,0,3,1 SC broken,
Batch15,,10apr15_31mar15_WSB_m3_sp1_17.1_rev.tif,4092-18098-23040.tif,1,20,24,no,yes,1,0,,y
Batch15,,9mar15_24sep14_WSB_m1_sp1_1_rev.tif,5244-707-22412.tif,2,20,24,no,yes,0,0,,y
Batch15,,26sep18_19may18_SPIC_m2_sp1_17_rev.tif,6014-19820-20821.tif,3,20,24,no,yes,0,0,,
Batch15,,26sep18_19may18_SPIC_m2_sp1_10_rev.tif,6057-15134-22856.tif,3,20,24,no,yes,1,0,,
Batch15,,9mar15_24sep14_WSB_m1_sp1_5_rev.tif,8778-17823-7747.tif,3,20,24,no,yes,0,0,,
Batch15,,18jul19_1mar19_MOLF_m1_sp1_10_rev.tif,9033-9283-14583.tif,4,20,24,no,yes,0,0,,
Batch15,,6jun19_28jun18_SPIC_m2_sp1_27_rev.tif,9720-16495-24501.tif,5,20,24,no,yes,1,0,,
Batch15,,9jan19_27oct18_MOLF_m2_sp1_3_rev.tif,12912-4109-22731.tif,3,20,24,no,yes,0,0,,
Batch15,,10apr15_31mar15_WSB_m3_sp1_5_rev.tif,11643-13767-23593.tif,3,20,24,no,yes,0,0,,
Batch15,,18jul19_1mar19_MOLF_m1_sp1_30.2_rev.tif,1196-1302-21911.tif,2,20,24,no,yes,0,0,,
Batch15,,9mar15_24sep14_WSB_m1_sp1_2.1_rev.tif,7879-19207-2146.tif,2,20,24,no,yes,1,0,,
Batch15,,18jul19_1mar19_MOLF_m1_sp1_7.2_rev.tif,11357-31504-5649.tif,2,20,25,no,yes,1,0,,
Batch15,,4jun19_28sep18_MOLF_m1_sp1_17.1_rev.tif,11391-7368-6351.tif,3,20,25,no,yes,0,0,,
Batch15,,18jul19_1mar19_MOLF_m1_sp1_8.1_rev.tif,14126-10028-8228.tif,3,20,25,no,yes,0,0,,
Batch15,,18jul19_1mar19_MOLF_m1_sp1_1.2_rev.tif,1492-20842-18643.tif,3,20,25,no,yes,1,0,,
Batch15,,4jun19_28sep18_MOLF_m1_sp1_25.2_rev.tif,15003-30743-143.tif,4,20,25,no,yes,1,0,,
Batch15,,4jun19_28sep18_TOM_m1_sp1_3_rev.tif,15103-26549-10566.tif,3,20,25,no,yes,0,0,,
Batch15,,9jan19_27oct18_MOLF_m2_sp1_15_rev.tif,15267-17609-6608.tif,2,20,25,no,yes,1,0,,
Batch15,,6jun19_27oct18_MOLF_m1_sp1_23.1_rev.tif,16519-17026-21672.tif,3,20,25,no,yes,1,0,,
Batch15,,18jul19_1mar19_MOLF_m1_sp1_14.2_rev.tif,17302-10157-14866.tif,3,20,25,no,yes,1,0,,
Batch15,,4jun19_28sep18_MOLF_m1_sp1_34_rev.tif,17550-8628-23430.tif,4,20,25,no,yes,0,0,,
Batch15,,4jun19_28sep18_TOM_m1_sp1_27_rev.tif,18676-26032-22868.tif,5,20,25,no,yes,0,0,,
Batch15,,8jan15_30dec14_WSB_m2_sp1_22_rev.tif,19359-17017-18173.tif,4,20,25,yes,yes,0,0,crop right side,
Batch15,,26sep18_19may18_SPIC_m2_sp1_3_rev.tif,22524-9223-16501.tif,3,20,25,no,yes,0,0,,
Batch15,,10apr15_31mar15_WSB_m3_sp1_23_rev.tif,23950-7228-23919.tif,1,20,25,no,yes,0,0,,
Batch15,,18mar15_10mar15_WSB_m1_sp1_12.1_rev.tif,24569-20956-29599.tif,4,20,25,no,yes,0,1,,
Batch15,,8jan15_30dec14_WSB_m2_sp1_21_rev.tif,24870-15587-15922.tif,3,20,25,yes,yes,0,0,,y
Batch15,,18jul19_1mar19_MOLF_m1_sp1_29.1_rev.tif,27668-31000-26659.tif,2,20,25,no,yes,1,0,,
Batch15,,6jun19_27oct18_MOLF_m1_sp1_5_rev.tif,28454-6866-24293.tif,5,20,25,no,yes,1,0,,
Batch15,,18jul19_1mar19_MOLF_m1_sp1_8.3_rev.tif,30259-4458-28508.tif,3,20,25,no,yes,0,0,,
Batch15,,18jul19_1mar19_MOLF_m1_sp1_13_rev.tif,31269-30251-16947.tif,4,20,25,no,yes,1,0,,
Batch15,,18jul19_1mar19_MOLF_m1_sp1_21.2_rev.tif,3768-2902-28727.tif,3,20,25,no,yes,0,0,,
Batch15,,18jul19_1mar19_MOLF_m1_sp1_20_rev.tif,4489-15650-9914.tif,2,20,25,no,yes,0,0,,
Batch15,,9jan19_27oct18_MOLF_m2_sp1_13_rev.tif,5213-19608-16789.tif,5,20,25,no,yes,1,0,,n
Batch15,,10apr15_31mar15_WSB_m3_sp1_14_rev.tif,5647-27037-13670.tif,1,20,25,no,yes,0,0,,
Batch15,,8jan15_30dec14_WSB_m2_sp1_28_rev.tif,6432-18105-17031.tif,3,20,25,no,yes,1,0,,
Batch15,,9mar15_24sep14_WSB_m1_sp1_3.1_rev.tif,8259-6723-19832.tif,4,20,25,no,yes,0,0,,
Batch15,,8jan15_30dec14_WSB_m2_sp1_8_rev.tif,9498-1444-5042.tif,4,20,25,no,yes,1,0,,n
Batch15,,6jun19_27oct18_MOLF_m1_sp1_13_rev.tif,5640-26647-24201.tif,4,20,25,no,no,0,0,,
Batch15,,6jun19_27oct18_MOLF_m1_sp1_27_rev.tif,8014-7101-13629.tif,5,20,25,no,yes,0,0,,
Batch15,,9jan19_27oct18_MOLF_m2_sp1_21_rev.tif,15067-24817-31677.tif,3,20,26,no,yes,0,0,,
Batch15,,6jun19_28jun18_SPIC_m2_sp1_30.6_rev.tif,17763-8753-14706.tif,3,20,26,no,yes,0,0,,
Batch15,,18jul19_31may19_SKIVE_m2_sp1_25.1_rev.tif,1787-12455-17876.tif,1,20,26,no,yes,0,0,,
Batch15,,18mar15_10mar15_WSB_m1_sp1_26_rev.tif,18319-11177-17759.tif,4,20,26,no,yes,0,4,,
Batch15,,9jan19_27oct18_MOLF_m2_sp1_12.1_rev.tif,18336-11727-19547.tif,4,20,26,no,yes,0,0,,
Batch15,,9jan19_27oct18_MOLF_m2_sp1_18_rev.tif,21887-16549-7860.tif,2,20,26,no,yes,0,0,,
Batch15,,26sep18_19may18_SPIC_m2_sp1_6_rev.tif,22466-26383-2218.tif,3,20,26,no,yes,1,0,,
Batch15,,18jul19_1mar19_MOLF_m1_sp1_4.1_rev.tif,23810-3103-21818.tif,3,20,26,no,yes,0,0,,
Batch15,,18jul19_31may19_SKIVE_m2_sp1_12_rev.tif,25288-18841-5274.tif,2,20,26,no,yes,0,0,,
Batch15,,2mar15_30dec14_WSB_m4_sp3_14_rev.tif,26970-16129-27083.tif,4,20,26,yes,yes,1,0,no blue channel,
Batch15,,26sep18_19may18_SPIC_m2_sp1_9_rev.tif,26987-27628-17408.tif,3,20,26,no,no,0,0,,
Batch15,,26sep18_19may18_SPIC_m2_sp1_12.1_rev.tif,27447-26730-28761.tif,3,20,26,no,yes,0,0,,
Batch15,,18jul19_31may19_SKIVE_m2_sp1_23_rev.tif,29026-22988-24321.tif,1,20,26,no,no,0,0,,
Batch15,,10apr15_31mar15_WSB_m3_sp1_21_rev.tif,29078-29131-12308.tif,1,20,26,no,yes,0,0,1 SC kinda broken,
Batch15,,9jan19_27oct18_MOLF_m2_sp1_16.1_rev.tif,29313-9612-18374.tif,2,20,26,yes,es,0,0,,
Batch15,,18jul19_1mar19_MOLF_m1_sp1_30.1_rev.tif,30774-29301-20981.tif,2,20,26,no,yes,1,0,,
Batch15,,26sep18_19may18_SPIC_m2_sp1_22_rev.tif,31440-24899-23297.tif,2,20,26,no,yes,0,0,,
Batch15,,18jul19_31may19_SKIVE_m2_sp1_14_rev.tif,3768-6708-15177.tif,1,20,26,no,yes,0,0,,
Batch15,,4jun19_28sep18_TOM_m1_sp1_31_rev.tif,4669-11716-13815.tif,5,20,26,no,yes,1,0,,
Batch15,,10apr15_31mar15_WSB_m3_sp1_18_rev.tif,6130-23549-9707.tif,1,20,26,no,yes,0,0,,y
Batch15,,6jun19_28jun18_SPIC_m2_sp1_7_rev.tif,8065-10401-16081.tif,3,20,26,no,yes,1,0,,
Batch15,,26sep18_19may18_SPIC_m2_sp1_12.2_rev.tif,8486-8038-29532.tif,5,20,26,no,yes,0,0,,
Batch15,,18jul19_1mar19_MOLF_m1_sp1_27.1_rev.tif,900-21751-6407.tif,2,20,26,no,yes,1,0,,
Batch15,,26sep18_19may18_SPIC_m2_sp1_19_rev.tif,28646-25107-16797.tif,3,20,26,no,yes,0,0,,
Batch15,,18jul19_1mar19_MOLF_m1_sp1_23.2_rev.tif,7657-11530-28991.tif,1,20,26,no,yes,0,0,,
Batch15,,18jul19_31may19_SKIVE_m2_sp1_13.3_rev.tif,10377-4455-23531.tif,1,20,27,no,yes,0,0,,
Batch15,,18jul19_31may19_SKIVE_m2_sp1_16_rev.tif,11051-6760-7779.tif,3,20,27,no,yes,0,0,,
Batch15,,18jul19_31may19_SKIVE_m2_sp1_22.1_rev.tif,11400-25478-1771.tif,1,20,27,no,yes,1,0,,
Batch15,,18jul19_31may19_SKIVE_m2_sp1_5_rev.tif,13085-20399-509.tif,2,20,27,no,yes,0,0,,
Batch15,,18jul19_31may19_SKIVE_m2_sp1_22.2_rev.tif,13964-16747-24062.tif,3,20,27,yes,yes,0,0,,
Batch15,,18jul19_31may19_SKIVE_m2_sp1_13.1_rev.tif,16043-17130-972.tif,1,20,27,yes,yes,0,0,,
Batch15,,9mar15_24sep14_WSB_m1_sp1_16.1_rev.tif,16782-6961-20888.tif,2,20,27,no,yes,0,0,,
Batch15,,2mar15_30dec14_WSB_m4_sp3_22_rev.tif,17304-4822-27756.tif,4,20,27,yes,yes,1,0,crop bottom left 2,
Batch15,,9jan19_27oct18_MOLF_m2_sp1_25_rev.tif,20874-27094-20980.tif,3,20,27,no,yes,0,0,,
Batch15,,18jul19_31may19_SKIVE_m2_sp1_27.2_rev.tif,22836-14574-24732.tif,3,20,27,no,yes,0,0,,
Batch15,,9mar15_24sep14_WSB_m1_sp1_14.1_rev.tif,24516-29712-14101.tif,1,20,27,no,yes,0,0,,
Batch15,,26sep18_19may18_SPIC_m2_sp1_15.1_rev.tif,24741-7553-11016.tif,2,20,27,no,yes,1,0,,
Batch15,,10apr15_31mar15_WSB_m3_sp1_20_rev.tif,25644-14516-24835.tif,1,20,27,no,no,0,0,,
Batch15,,18mar15_10mar15_WSB_m1_sp1_24_rev.tif,31606-16789-4968.tif,3,20,27,no,yes,0,5,,y
Batch15,,26sep18_19may18_SPIC_m2_sp1_21_rev.tif,3436-23739-14374.tif,2,20,27,no,yes,0,0,,y
Batch15,,18jul19_31may19_SKIVE_m2_sp1_13.2_rev.tif,6522-19426-9475.tif,2,20,27,no,yes,0,0,,
Batch15,,9mar15_24sep14_WSB_m1_sp1_6.1_rev.tif,8283-14905-32670.tif,3,20,27,no,no,1,0,,
Batch15,,10apr15_31mar15_WSB_m3_sp1_6.1_rev.tif,12514-2571-11207.tif,3,20,28,no,no,0,0,,
Batch15,,4jun19_28sep18_MOLF_m1_sp1_37_rev.tif,14516-20844-17816.tif,4,20,28,no,yes,0,0,,
Batch15,,18jul19_1mar19_MOLF_m1_sp1_14.1_rev.tif,14847-10847-20388.tif,1,20,28,no,yes,0,0,,
Batch15,,18jul19_31may19_SKIVE_m2_sp1_19_rev.tif,1556-32406-14474.tif,2,20,28,no,yes,0,0,,
Batch15,,4jun19_28sep18_MOLF_m1_sp1_14_rev.tif,19207-17807-11775.tif,5,20,28,no,yes,0,0,,
Batch15,,9mar15_24sep14_WSB_m1_sp1_6.2_rev.tif,23589-20316-28294.tif,4,20,28,no,yes,1,0,,
Batch15,,18jul19_31may19_SKIVE_m2_sp1_3_rev.tif,24784-1208-25117.tif,4,20,28,no,yes,0,0,,
Batch15,,26sep18_19may18_SPIC_m2_sp1_23_rev.tif,32053-25663-4705.tif,4,20,28,no,yes,0,0,,
Batch15,,8jan15_30dec14_WSB_m2_sp1_26_rev.tif,4259-8836-23750.tif,3,20,28,yes,yes,0,0,central clump,
Batch15,,18jul19_31may19_SKIVE_m2_sp1_11_rev.tif,5664-7466-22606.tif,4,20,28,no,yes,0,0,,
Batch15,,26sep18_19may18_SPIC_m2_sp1_25_rev.tif,9939-18529-359.tif,1,20,28,no,yes,0,0,,
Batch15,,18jul19_31may19_SKIVE_m2_sp1_10.4_rev.tif,10565-23209-4723.tif,4,20,29,no,yes,0,0,,
Batch15,,2mar15_30dec14_WSB_m4_sp3_27_rev.tif,13367-8012-6352.tif,3,20,29,no,yes,0,0,,
Batch15,,6jun19_28jun18_SPIC_m2_sp1_31.1_rev.tif,13473-25195-5240.tif,3,20,29,no,yes,0,0,,
Batch15,,10apr15_31mar15_WSB_m3_sp1_22.2_rev.tif,15577-336-3315.tif,3,20,29,yes,yes,0,0,crop bottom ,
Batch15,,18jul19_31may19_SKIVE_m2_sp1_15_rev.tif,16348-9052-27427.tif,2,20,29,no,yes,0,0,,
Batch15,,26sep18_19may18_SPIC_m2_sp1_12.3_rev.tif,18759-22610-9787.tif,3,20,29,no,yes,0,0,,
Batch15,,4jun19_28sep18_TOM_m1_sp1_23_rev.tif,19778-6136-12327.tif,4,20,29,no,yes,1,0,,
Batch15,,18jul19_31may19_SKIVE_m2_sp1_18_rev.tif,21018-6928-4459.tif,1,20,29,no,yes,0,0,,
Batch15,,4jun19_28sep18_TOM_m1_sp1_25_rev.tif,21073-29270-7237.tif,4,20,29,no,yes,0,0,,
Batch15,,18jul19_31may19_SKIVE_m2_sp1_26_rev.tif,21422-30257-19937.tif,2,20,29,no,yes,0,0,,
Batch15,,9jan19_27oct18_MOLF_m2_sp1_14_rev.tif,24134-22316-31167.tif,3,20,29,no,yes,0,0,,
Batch15,,18jul19_31may19_SKIVE_m2_sp1_27.1_rev.tif,24277-8929-30007.tif,2,20,29,no,yes,0,0,,
Batch15,,18jul19_31may19_SKIVE_m2_sp1_21.2_rev.tif,25037-8540-2857.tif,2,20,29,no,yes,0,0,,
Batch15,,18jul19_31may19_SKIVE_m2_sp1_30_rev.tif,27639-23272-7622.tif,2,20,29,no,yes,0,0,,
Batch15,,18jul19_31may19_SKIVE_m2_sp1_8_rev.tif,28401-24292-29608.tif,1,20,29,no,yes,0,0,,
Batch15,,18jul19_1mar19_MOLF_m1_sp1_27.2_rev.tif,28687-23554-29942.tif,2,20,29,no,yes,0,0,,
Batch15,,10apr15_31mar15_WSB_m3_sp1_12_rev.tif,32432-28546-31228.tif,1,20,29,no,yes,0,0,,
Batch15,,9mar15_24sep14_WSB_m1_sp1_12.1_rev.tif,8606-21490-19710.tif,2,20,29,no,yes,0,0,,
Batch15,,26sep18_19may18_SPIC_m2_sp1_18_rev.tif,26034-21697-7630.tif,2,20,29,no,yes,0,0,,
Batch15,,18jul19_31may19_SKIVE_m2_sp1_21.1_rev.tif,15006-26003-17278.tif,1,20,30,no,yes,0,0,,
Batch15,,18jul19_1mar19_MOLF_m1_sp1_4.2_rev.tif,20677-2811-388.tif,3,20,30,no,yes,0,0,,
Batch15,,6jun19_28jun18_SPIC_m2_sp1_6.1_rev.tif,23328-28737-22694.tif,4,20,30,no,yes,0,0,,
Batch15,,18jul19_31may19_SKIVE_m2_sp1_4_rev.tif,32262-8111-25971.tif,3,20,30,no,yes,0,0,,
Batch15,,26sep18_19may18_SPIC_m2_sp1_13_rev.tif,785-12746-19228.tif,4,20,30,no,yes,0,0,,
Batch15,,26sep18_19may18_SPIC_m2_sp1_7_rev.tif,14398-9095-3600.tif,3,20,32,no,yes,0,0,,y
Batch15,,2mar15_30dec14_WSB_m4_sp3_24_rev.tif,16960-28505-337.tif,2,20,32,yes,yes,0,0,a few broken SC,
Batch15,,18jul19_31may19_SKIVE_m2_sp1_24_rev.tif,24948-31637-437.tif,1,20,32,no,yes,0,0,,y
Batch15,,18jul19_31may19_SKIVE_m2_sp1_20_rev.tif,972-32305-6998.tif,2,20,32,no,yes,0,0,,
Batch15,,18jul19_1mar19_MOLF_m1_sp1_3_rev.tif,23685-21849-7479.tif,2,20,33,no,yes,0,0,,
Batch15,,9jan19_27oct18_MOLF_m2_sp1_7.2_rev.tif,19783-4767-8927.tif,5,20,16,no,yes,3,1,,
Batch15,,8jan15_30dec14_WSB_m2_sp1_40.2_rev.tif,27387-3565-28138.tif,3,23,20,no,no,1,0,,
