fileName,chromosomeLength,centromere_ABS_Position,centromere_PER_Position,avergeRED,numberCrossOvers,boxNumber,Obj.ID,SC.pass,foci.pass,curated(1pass.0fail),curation.notes,hand.foci.count,Foci1,Foci2,Foci3
27mar16_6mar16_PWD_m1_sp1_1_rev,68,2.8571,0.041717,0.73768,2,1,27mar16_6mar16_PWD_m1_sp1_1_rev_1,1,0,0,,1,57,,
27mar16_6mar16_PWD_m1_sp1_1_rev,65,5.7334,0.087616,0.66959,3,10,27mar16_6mar16_PWD_m1_sp1_1_rev_10,1,0,0,,1,48,,
27mar16_6mar16_PWD_m1_sp1_1_rev,52,6.0549,0.11739,0.62729,2,12,27mar16_6mar16_PWD_m1_sp1_1_rev_12,0,,,,,,,
27mar16_6mar16_PWD_m1_sp1_1_rev,113,8.7135,0.077364,0.6736,2,15,27mar16_6mar16_PWD_m1_sp1_1_rev_15,1,1,1,,2,47,110,
27mar16_6mar16_PWD_m1_sp1_1_rev,90,4.2351,0.046992,0.64301,2,16,27mar16_6mar16_PWD_m1_sp1_1_rev_16,0,,,,,,,
27mar16_6mar16_PWD_m1_sp1_1_rev,70,1.8462,0.026346,0.74644,2,4,27mar16_6mar16_PWD_m1_sp1_1_rev_4,1,0,0,,1,40,,
27mar16_6mar16_PWD_m1_sp1_1_rev,118,4.5376,0.038585,0.68772,4,5,27mar16_6mar16_PWD_m1_sp1_1_rev_5,1,0,,,2,23,110,
27mar16_6mar16_PWD_m1_sp1_1_rev,128,4.5963,0.036006,0.68858,3,6,27mar16_6mar16_PWD_m1_sp1_1_rev_6,1,0,,,2,42,125,
27mar16_6mar16_PWD_m1_sp1_1_rev,84,2.8125,0.033443,0.74443,3,7,27mar16_6mar16_PWD_m1_sp1_1_rev_7,0,,,kink might make bad SC estimate,,,,
27mar16_6mar16_PWD_m1_sp1_1_rev,46,3.7736,0.08223,0.58897,1,8,27mar16_6mar16_PWD_m1_sp1_1_rev_8,0,,,,,,,
27mar16_6mar16_PWD_m1_sp1_1_rev,92,5.0578,0.054921,0.6525,1,9,27mar16_6mar16_PWD_m1_sp1_1_rev_9,0,,,,,,,
27mar16_6mar16_PWD_m1_sp1_2.1_rev,86,3.4375,0.039777,0.64125,1,1,27mar16_6mar16_PWD_m1_sp1_2.1_rev_1,1,1,1,,1,79,,
27mar16_6mar16_PWD_m1_sp1_2.1_rev,73,8.7082,0.11944,0.53835,2,10,27mar16_6mar16_PWD_m1_sp1_2.1_rev_10,1,0,0,,1,66,,
27mar16_6mar16_PWD_m1_sp1_2.1_rev,52,3.0192,0.057927,0.53558,1,11,27mar16_6mar16_PWD_m1_sp1_2.1_rev_11,?,,,"whole file shows full segmentation, but biv specific is only partial",,,,
27mar16_6mar16_PWD_m1_sp1_2.1_rev,50,3.4768,0.068919,0.61216,1,12,27mar16_6mar16_PWD_m1_sp1_2.1_rev_12,1,1,1,,1,43,,
27mar16_6mar16_PWD_m1_sp1_2.1_rev,68,5.0878,0.075018,0.51313,1,13,27mar16_6mar16_PWD_m1_sp1_2.1_rev_13,1,1,1,,1,52,,
27mar16_6mar16_PWD_m1_sp1_2.1_rev,121,4.4104,0.036478,0.56702,2,14,27mar16_6mar16_PWD_m1_sp1_2.1_rev_14,0,,,,,,,
27mar16_6mar16_PWD_m1_sp1_2.1_rev,78,3.1746,0.040891,0.57266,2,15,27mar16_6mar16_PWD_m1_sp1_2.1_rev_15,1,1,1,,2,18,68,
27mar16_6mar16_PWD_m1_sp1_2.1_rev,63,2.0588,0.032798,0.53544,1,17,27mar16_6mar16_PWD_m1_sp1_2.1_rev_17,1,1,1,,1,16,,
27mar16_6mar16_PWD_m1_sp1_2.1_rev,47,5.8226,0.12296,0.50751,1,18,27mar16_6mar16_PWD_m1_sp1_2.1_rev_18,1,1,1,,1,43,,
27mar16_6mar16_PWD_m1_sp1_2.1_rev,96,2.5806,0.026983,0.67413,2,2,27mar16_6mar16_PWD_m1_sp1_2.1_rev_2,1,1,1,,2,32,89,
27mar16_6mar16_PWD_m1_sp1_2.1_rev,79,3.3898,0.043032,0.6176,2,3,27mar16_6mar16_PWD_m1_sp1_2.1_rev_3,1,1,1,,2,25,70,
27mar16_6mar16_PWD_m1_sp1_2.1_rev,53,3.9258,0.074129,0.71859,1,4,27mar16_6mar16_PWD_m1_sp1_2.1_rev_4,1,1,1,,1,38,,
27mar16_6mar16_PWD_m1_sp1_2.1_rev,64,4.3333,0.067409,0.56314,1,5,27mar16_6mar16_PWD_m1_sp1_2.1_rev_5,1,1,1,,1,48,,
27mar16_6mar16_PWD_m1_sp1_2.1_rev,109,3.8233,0.034951,0.54021,2,6,27mar16_6mar16_PWD_m1_sp1_2.1_rev_6,1,1,1,,2,40,97,
27mar16_6mar16_PWD_m1_sp1_2.1_rev,92,5.1111,0.055458,0.59292,2,7,27mar16_6mar16_PWD_m1_sp1_2.1_rev_7,1,1,1,,2,16,79,
27mar16_6mar16_PWD_m1_sp1_2.1_rev,157,4.0893,0.026031,0.60933,2,8,27mar16_6mar16_PWD_m1_sp1_2.1_rev_8,0,,,,,,,
27mar16_6mar16_PWD_m1_sp1_2.2_rev,137,6.6946,0.048817,0.513,2,1,27mar16_6mar16_PWD_m1_sp1_2.2_rev_1,1,0,0,,1,93,,
27mar16_6mar16_PWD_m1_sp1_2.2_rev,37,6.1581,0.16602,0.55275,2,10,27mar16_6mar16_PWD_m1_sp1_2.2_rev_10,0,,,,,,,
27mar16_6mar16_PWD_m1_sp1_2.2_rev,90,5.0938,0.056449,0.58438,3,11,27mar16_6mar16_PWD_m1_sp1_2.2_rev_11,1,0,0,,2,23,81,
27mar16_6mar16_PWD_m1_sp1_2.2_rev,55,3.7633,0.068676,0.5519,3,12,27mar16_6mar16_PWD_m1_sp1_2.2_rev_12,0,,,,,,,
27mar16_6mar16_PWD_m1_sp1_2.2_rev,99,6.6503,0.067103,0.56134,3,13,27mar16_6mar16_PWD_m1_sp1_2.2_rev_13,1,0,0,,1,68,,
27mar16_6mar16_PWD_m1_sp1_2.2_rev,89,6.3524,0.071667,0.57326,3,14,27mar16_6mar16_PWD_m1_sp1_2.2_rev_14,1,0,0,,1,78,,
27mar16_6mar16_PWD_m1_sp1_2.2_rev,58,5.5992,0.096054,0.58394,1,15,27mar16_6mar16_PWD_m1_sp1_2.2_rev_15,0,,,,,,,
27mar16_6mar16_PWD_m1_sp1_2.2_rev,61,6.7758,0.1108,0.62225,4,17,27mar16_6mar16_PWD_m1_sp1_2.2_rev_17,1,0,0,might not be good segmentation,1,50,,
27mar16_6mar16_PWD_m1_sp1_2.2_rev,88,4.889,0.055324,0.57524,3,18,27mar16_6mar16_PWD_m1_sp1_2.2_rev_18,1,0,0,,2,28,86,
27mar16_6mar16_PWD_m1_sp1_2.2_rev,127,7.6107,0.060007,0.48901,2,2,27mar16_6mar16_PWD_m1_sp1_2.2_rev_2,1,0,0,,1,55,,
27mar16_6mar16_PWD_m1_sp1_2.2_rev,56,5.0515,0.089907,0.61808,2,3,27mar16_6mar16_PWD_m1_sp1_2.2_rev_3,0,,,the length doesn't look right,,,,
27mar16_6mar16_PWD_m1_sp1_2.2_rev,109,3.27,0.029956,0.58651,4,4,27mar16_6mar16_PWD_m1_sp1_2.2_rev_4,1,0,0,,2,23,105,
27mar16_6mar16_PWD_m1_sp1_2.2_rev,65,5.6509,0.086888,0.59253,1,6,27mar16_6mar16_PWD_m1_sp1_2.2_rev_6,1,1,1,,1,26,,
27mar16_6mar16_PWD_m1_sp1_2.2_rev,57,5.0187,0.087521,0.5299,1,9,27mar16_6mar16_PWD_m1_sp1_2.2_rev_9,1,1,1,,1,26,,
27mar16_6mar16_PWD_m1_sp1_3_rev,73,5.3071,0.072996,0.75806,1,1,27mar16_6mar16_PWD_m1_sp1_3_rev_1,1,1,1,,1,62,,
27mar16_6mar16_PWD_m1_sp1_3_rev,37,3.9039,0.10486,0.78903,4,10,27mar16_6mar16_PWD_m1_sp1_3_rev_10,0,,,,,,,
27mar16_6mar16_PWD_m1_sp1_3_rev,65,7.1993,0.11009,0.7626,3,11,27mar16_6mar16_PWD_m1_sp1_3_rev_11,0,,,,,,,
27mar16_6mar16_PWD_m1_sp1_3_rev,106,4.1044,0.038743,0.64813,2,12,27mar16_6mar16_PWD_m1_sp1_3_rev_12,1,1,1,,2,23,96,
27mar16_6mar16_PWD_m1_sp1_3_rev,122,3.2836,0.027012,0.6142,1,13,27mar16_6mar16_PWD_m1_sp1_3_rev_13,1,1,1,,1,118,,
27mar16_6mar16_PWD_m1_sp1_3_rev,57,5.0133,0.087462,0.61496,1,14,27mar16_6mar16_PWD_m1_sp1_3_rev_14,0,,,,,,,
27mar16_6mar16_PWD_m1_sp1_3_rev,105,2.8125,0.026908,0.71923,3,15,27mar16_6mar16_PWD_m1_sp1_3_rev_15,1,0,0,,0,,,
27mar16_6mar16_PWD_m1_sp1_3_rev,60,6.053,0.10048,0.70275,1,16,27mar16_6mar16_PWD_m1_sp1_3_rev_16,0,,,,,,,
27mar16_6mar16_PWD_m1_sp1_3_rev,95,5.5172,0.058118,0.70583,3,18,27mar16_6mar16_PWD_m1_sp1_3_rev_18,1?0?,,,strange kink,,,,
27mar16_6mar16_PWD_m1_sp1_3_rev,97,4.7411,0.049065,0.63892,2,19,27mar16_6mar16_PWD_m1_sp1_3_rev_19,1,1,1,,2,28,85,
27mar16_6mar16_PWD_m1_sp1_3_rev,112,5.4057,0.048262,0.73862,2,2,27mar16_6mar16_PWD_m1_sp1_3_rev_2,1,1,1,,2,38,99,
27mar16_6mar16_PWD_m1_sp1_3_rev,74,3.678,0.049915,0.62667,1,20,27mar16_6mar16_PWD_m1_sp1_3_rev_20,1,1,1,,1,52,,
27mar16_6mar16_PWD_m1_sp1_3_rev,36,3.4453,0.096318,0.71422,4,6,27mar16_6mar16_PWD_m1_sp1_3_rev_6,0,,,,,,,
27mar16_6mar16_PWD_m1_sp1_3_rev,114,7.7055,0.067762,0.68478,2,8,27mar16_6mar16_PWD_m1_sp1_3_rev_8,1,1,1,,2,35,102,
27mar16_6mar16_PWD_m1_sp1_3_rev,77,6.9745,0.090276,0.72188,1,9,27mar16_6mar16_PWD_m1_sp1_3_rev_9,1,1,1,,1,70,,
27mar16_6mar16_PWD_m1_sp1_4_rev,108,5.0714,0.04687,0.36074,2,10,27mar16_6mar16_PWD_m1_sp1_4_rev_10,0,,,,,,,
27mar16_6mar16_PWD_m1_sp1_4_rev,51,5.6318,0.10961,0.41001,1,11,27mar16_6mar16_PWD_m1_sp1_4_rev_11,1,1,1,,1,46,,
27mar16_6mar16_PWD_m1_sp1_4_rev,103,5.7848,0.056172,0.33105,2,12,27mar16_6mar16_PWD_m1_sp1_4_rev_12,1,1,1,,2,31,82,
27mar16_6mar16_PWD_m1_sp1_4_rev,49,5.1772,0.10459,0.35218,1,13,27mar16_6mar16_PWD_m1_sp1_4_rev_13,1,1,1,,1,46,,
27mar16_6mar16_PWD_m1_sp1_4_rev,60,3.613,0.060181,0.34767,2,14,27mar16_6mar16_PWD_m1_sp1_4_rev_14,0,,,,,,,
27mar16_6mar16_PWD_m1_sp1_4_rev,72,3.9481,0.054479,0.31402,1,15,27mar16_6mar16_PWD_m1_sp1_4_rev_15,1,1,1,,1,50,,
27mar16_6mar16_PWD_m1_sp1_4_rev,72,4.1846,0.057973,0.32875,1,16,27mar16_6mar16_PWD_m1_sp1_4_rev_16,1,1,1,,1,55,,
27mar16_6mar16_PWD_m1_sp1_4_rev,53,8.9359,0.16862,0.34667,1,17,27mar16_6mar16_PWD_m1_sp1_4_rev_17,1,1,1,,1,31,,
27mar16_6mar16_PWD_m1_sp1_4_rev,74,5.0877,0.069087,0.43592,4,2,27mar16_6mar16_PWD_m1_sp1_4_rev_2,,,,broken up segmentation,,,,
27mar16_6mar16_PWD_m1_sp1_4_rev,83,4.5735,0.055154,0.40187,2,3,27mar16_6mar16_PWD_m1_sp1_4_rev_3,0,,,,,,,
27mar16_6mar16_PWD_m1_sp1_4_rev,73,3.8467,0.052392,0.43443,3,4,27mar16_6mar16_PWD_m1_sp1_4_rev_4,1,0,0,,1,64,,
27mar16_6mar16_PWD_m1_sp1_4_rev,109,4.2138,0.038662,0.3443,2,5,27mar16_6mar16_PWD_m1_sp1_4_rev_5,1,1,1,,2,22,96,
27mar16_6mar16_PWD_m1_sp1_4_rev,60,3.5808,0.059489,0.37963,1,6,27mar16_6mar16_PWD_m1_sp1_4_rev_6,0,,,,,,,
27mar16_6mar16_PWD_m1_sp1_5_rev,109,6.7944,0.062308,0.55034,6,1,27mar16_6mar16_PWD_m1_sp1_5_rev_1,1,0,0,,2,25,61,
27mar16_6mar16_PWD_m1_sp1_5_rev,62,1.7143,0.02761,0.57355,4,12,27mar16_6mar16_PWD_m1_sp1_5_rev_12,1,0,0,,1,26,,
27mar16_6mar16_PWD_m1_sp1_5_rev,115,2.9719,0.025949,0.54171,5,13,27mar16_6mar16_PWD_m1_sp1_5_rev_13,0,,,,,,,
27mar16_6mar16_PWD_m1_sp1_5_rev,97,4.8382,0.049788,0.48234,4,14,27mar16_6mar16_PWD_m1_sp1_5_rev_14,1,0,0,,1,23,,
27mar16_6mar16_PWD_m1_sp1_5_rev,39,2.5,0.063365,0.52403,1,15,27mar16_6mar16_PWD_m1_sp1_5_rev_15,0,,,,,,,
27mar16_6mar16_PWD_m1_sp1_5_rev,50,6.1965,0.12503,0.5263,4,16,27mar16_6mar16_PWD_m1_sp1_5_rev_16,1,0,0,,1,36,,
27mar16_6mar16_PWD_m1_sp1_5_rev,86,5.1717,0.060262,0.49897,4,18,27mar16_6mar16_PWD_m1_sp1_5_rev_18,1,0,0,,1,12,,
27mar16_6mar16_PWD_m1_sp1_5_rev,80,5.3015,0.066086,0.5699,4,2,27mar16_6mar16_PWD_m1_sp1_5_rev_2,1,0,0,,1,66,,
27mar16_6mar16_PWD_m1_sp1_5_rev,95,8.493,0.089571,0.54939,6,3,27mar16_6mar16_PWD_m1_sp1_5_rev_3,1,0,0,,1,58,,
27mar16_6mar16_PWD_m1_sp1_5_rev,91,6.13,0.067476,0.56411,7,4,27mar16_6mar16_PWD_m1_sp1_5_rev_4,1,,,,1?,72,,
27mar16_6mar16_PWD_m1_sp1_5_rev,66,8.286,0.12508,0.58003,1,5,27mar16_6mar16_PWD_m1_sp1_5_rev_5,0,,,,,,,
27mar16_6mar16_PWD_m1_sp1_5_rev,126,10.113,0.080439,0.56221,4,7,27mar16_6mar16_PWD_m1_sp1_5_rev_7,0,,,,,,,
27mar16_6mar16_PWD_m1_sp1_5_rev,99,3.4182,0.034657,0.49175,3,9,27mar16_6mar16_PWD_m1_sp1_5_rev_9,1,0,0,,1,32,,
6mar15_1mar15_PWD_m1_sp4_1.1_rev,51,10,0.19525,0.44052,6,1,6mar15_1mar15_PWD_m1_sp4_1.1_rev_1,0,,,,,,,
6mar15_1mar15_PWD_m1_sp4_1.1_rev,81,2.715,0.033371,0.36999,9,11,6mar15_1mar15_PWD_m1_sp4_1.1_rev_11,1,0,0,,2,63,69,
6mar15_1mar15_PWD_m1_sp4_1.1_rev,61,4.3873,0.07174,0.40402,1,12,6mar15_1mar15_PWD_m1_sp4_1.1_rev_12,1,1,1,,1,31,,
6mar15_1mar15_PWD_m1_sp4_1.1_rev,31,4.2684,0.13794,0.38836,3,4,6mar15_1mar15_PWD_m1_sp4_1.1_rev_4,0,,,,,,,
6mar15_1mar15_PWD_m1_sp4_1.1_rev,116,3.5825,0.030987,0.33526,13,8,6mar15_1mar15_PWD_m1_sp4_1.1_rev_8,1,0,0,,2,65,111,
6mar15_1mar15_PWD_m1_sp4_1.1_rev,68,8.4322,0.12421,0.37519,8,9,6mar15_1mar15_PWD_m1_sp4_1.1_rev_9,0,,,,,,,
6mar15_1mar15_PWD_m1_sp4_2_rev,101,3.6982,0.036448,0.83025,5,1,6mar15_1mar15_PWD_m1_sp4_2_rev_1,1,0,0,,3,29,34,95
6mar15_1mar15_PWD_m1_sp4_2_rev,135,3.6883,0.027314,0.71646,4,11,6mar15_1mar15_PWD_m1_sp4_2_rev_11,0,,,,,,,
6mar15_1mar15_PWD_m1_sp4_2_rev,109,9.0234,0.08246,0.79936,8,13,6mar15_1mar15_PWD_m1_sp4_2_rev_13,1,0,0,,2,46,102,
6mar15_1mar15_PWD_m1_sp4_2_rev,73,5.1037,0.069919,0.76068,4,15,6mar15_1mar15_PWD_m1_sp4_2_rev_15,1,0,0,,1,42,,
6mar15_1mar15_PWD_m1_sp4_2_rev,89,2.4615,0.02766,0.77618,5,16,6mar15_1mar15_PWD_m1_sp4_2_rev_16,0,,,,,,,
6mar15_1mar15_PWD_m1_sp4_2_rev,58,5.8372,0.10151,0.85293,2,3,6mar15_1mar15_PWD_m1_sp4_2_rev_3,1,0,0,,1,49,,
6mar15_1mar15_PWD_m1_sp4_2_rev,59,4.1823,0.070958,0.8248,4,4,6mar15_1mar15_PWD_m1_sp4_2_rev_4,0,,,,,,,
6mar15_1mar15_PWD_m1_sp4_2_rev,53,2.3881,0.044639,0.78361,5,5,6mar15_1mar15_PWD_m1_sp4_2_rev_5,1,0,0,,1,28,,
6mar15_1mar15_PWD_m1_sp4_2_rev,50,4.0956,0.08129,0.732,3,7,6mar15_1mar15_PWD_m1_sp4_2_rev_7,0,,,,,,,
6mar15_1mar15_PWD_m1_sp4_2_rev,88,4.5203,0.051093,0.74016,4,8,6mar15_1mar15_PWD_m1_sp4_2_rev_8,1,0,0,,2,16,63,
6mar15_1mar15_PWD_m1_sp4_3_rev,77,3.2268,0.04214,0.75332,2,1,6mar15_1mar15_PWD_m1_sp4_3_rev_1,1,0,0,,2,18,61,
6mar15_1mar15_PWD_m1_sp4_3_rev,125,5.7177,0.045607,0.64081,3,10,6mar15_1mar15_PWD_m1_sp4_3_rev_10,1,0,0,,2,44,97,
6mar15_1mar15_PWD_m1_sp4_3_rev,103,2.5352,0.024513,0.69392,4,13,6mar15_1mar15_PWD_m1_sp4_3_rev_13,1,0,0,,2,33,89,
6mar15_1mar15_PWD_m1_sp4_3_rev,73,7.6644,0.10447,0.74472,2,15,6mar15_1mar15_PWD_m1_sp4_3_rev_15,1,1,1,,2,25,65,
6mar15_1mar15_PWD_m1_sp4_3_rev,72,3.7887,0.05282,0.78236,5,2,6mar15_1mar15_PWD_m1_sp4_3_rev_2,0,,,,,,,
6mar15_1mar15_PWD_m1_sp4_3_rev,96,4.4523,0.046499,0.69654,4,3,6mar15_1mar15_PWD_m1_sp4_3_rev_3,1,0,0,,2,27,78,
6mar15_1mar15_PWD_m1_sp4_3_rev,75,3.6041,0.048281,0.73908,1,4,6mar15_1mar15_PWD_m1_sp4_3_rev_4,1,1,1,,1,65,,
6mar15_1mar15_PWD_m1_sp4_3_rev,56,3.8161,0.068068,0.81053,1,5,6mar15_1mar15_PWD_m1_sp4_3_rev_5,1,1,1,,1,36,,
6mar15_1mar15_PWD_m1_sp4_3_rev,58,4.6936,0.081194,0.74835,2,7,6mar15_1mar15_PWD_m1_sp4_3_rev_7,1,0,0,,1,49,,
6mar15_1mar15_PWD_m1_sp4_4_rev,106,3.9416,0.037034,0.79459,2,1,6mar15_1mar15_PWD_m1_sp4_4_rev_1,1,0,0,,1,15,,
6mar15_1mar15_PWD_m1_sp4_4_rev,87,4.5917,0.052963,0.82639,5,11,6mar15_1mar15_PWD_m1_sp4_4_rev_11,1,0,0,,3,33,47,65
6mar15_1mar15_PWD_m1_sp4_4_rev,99,3.9908,0.040298,0.77893,3,12,6mar15_1mar15_PWD_m1_sp4_4_rev_12,1,0,0,tweak at the end might mess up segmentation,2,20,91,
6mar15_1mar15_PWD_m1_sp4_4_rev,114,11.2591,0.098513,0.88559,13,13,6mar15_1mar15_PWD_m1_sp4_4_rev_13,0,,,,,,,
6mar15_1mar15_PWD_m1_sp4_4_rev,101,6.4456,0.064067,0.82258,5,14,6mar15_1mar15_PWD_m1_sp4_4_rev_14,1,0,0,faint 3rd foci,2,19,88,
6mar15_1mar15_PWD_m1_sp4_4_rev,86,5.6146,0.065181,0.75348,3,15,6mar15_1mar15_PWD_m1_sp4_4_rev_15,1,0,0,,1,56,,
6mar15_1mar15_PWD_m1_sp4_4_rev,79,9.2074,0.11612,0.80928,4,16,6mar15_1mar15_PWD_m1_sp4_4_rev_16,1,0,0,,1,66,,
6mar15_1mar15_PWD_m1_sp4_4_rev,83,4.934,0.059531,0.77771,3,17,6mar15_1mar15_PWD_m1_sp4_4_rev_17,1,0,0,,2,34,80,
6mar15_1mar15_PWD_m1_sp4_4_rev,90,4.4999,0.049972,0.84755,5,2,6mar15_1mar15_PWD_m1_sp4_4_rev_2,1,0,0,,2,31,81,
6mar15_1mar15_PWD_m1_sp4_4_rev,62,5.1965,0.084126,0.84396,3,3,6mar15_1mar15_PWD_m1_sp4_4_rev_3,1,0,0,faint foci,1,44,,
6mar15_1mar15_PWD_m1_sp4_4_rev,97,7.7438,0.080169,0.81102,5,4,6mar15_1mar15_PWD_m1_sp4_4_rev_4,1,0,0,,2,29,81,
6mar15_1mar15_PWD_m1_sp4_4_rev,116,5.9758,0.051343,0.83549,6,5,6mar15_1mar15_PWD_m1_sp4_4_rev_5,1,0,0,,2,37,101,
6mar15_1mar15_PWD_m1_sp4_4_rev,78,4.4692,0.057216,0.8568,6,6,6mar15_1mar15_PWD_m1_sp4_4_rev_6,1,0,0,,2,31,67,
6mar15_1mar15_PWD_m1_sp4_4_rev,71,4.4129,0.062239,0.81112,2,7,6mar15_1mar15_PWD_m1_sp4_4_rev_7,1,1,1,,2,34,62,
6mar15_1mar15_PWD_m1_sp4_4_rev,102,6.2415,0.061445,0.7835,6,8,6mar15_1mar15_PWD_m1_sp4_4_rev_8,1,0,0,,2,15,95,
6mar15_1mar15_PWD_m1_sp4_4_rev,55,6.3347,0.11463,0.85817,5,9,6mar15_1mar15_PWD_m1_sp4_4_rev_9,1,0,0,,1,46,,
6mar15_1mar15_PWD_m1_sp4_5_rev,90,7.0834,0.078422,0.61295,2,1,6mar15_1mar15_PWD_m1_sp4_5_rev_1,1,1,1,offset blue channels,2,27,72,
6mar15_1mar15_PWD_m1_sp4_5_rev,84,4.8893,0.058086,0.64711,2,11,6mar15_1mar15_PWD_m1_sp4_5_rev_11,1,1,1,,2,11,70,
6mar15_1mar15_PWD_m1_sp4_5_rev,72,1.2698,0.017515,0.65713,3,13,6mar15_1mar15_PWD_m1_sp4_5_rev_13,1,0,0,,2,13,53,
6mar15_1mar15_PWD_m1_sp4_5_rev,88,2.3188,0.02646,0.68757,2,15,6mar15_1mar15_PWD_m1_sp4_5_rev_15,1,1,1,,2,17,71,
6mar15_1mar15_PWD_m1_sp4_5_rev,94,7.2835,0.077865,0.64558,1,2,6mar15_1mar15_PWD_m1_sp4_5_rev_2,1,1,1,,1,83,,
6mar15_1mar15_PWD_m1_sp4_5_rev,125,0.3125,0.0025036,0.55086,4,3,6mar15_1mar15_PWD_m1_sp4_5_rev_3,1,0,0,,1,121,,
6mar15_1mar15_PWD_m1_sp4_5_rev,53,8.8189,0.16582,0.56133,1,4,6mar15_1mar15_PWD_m1_sp4_5_rev_4,1,1,1,,1,17,,
6mar15_1mar15_PWD_m1_sp4_5_rev,107,9.5176,0.089328,0.60254,2,5,6mar15_1mar15_PWD_m1_sp4_5_rev_5,1,1,1,,2,56,96,
6mar15_1mar15_PWD_m1_sp4_5_rev,57,8.6967,0.15238,0.66878,1,6,6mar15_1mar15_PWD_m1_sp4_5_rev_6,1,1,1,,1,50,,
6mar15_1mar15_PWD_m1_sp4_5_rev,62,0.63492,0.010281,0.68291,4,8,6mar15_1mar15_PWD_m1_sp4_5_rev_8,1,0,0,,1,47,,
6mar15_1mar15_PWD_m1_sp4_6.1_rev,97,5.9755,0.061812,0.69047,3,1,6mar15_1mar15_PWD_m1_sp4_6.1_rev_1,1,0,0,,2,29,87,
6mar15_1mar15_PWD_m1_sp4_6.1_rev,42,6.0569,0.14417,0.72419,2,10,6mar15_1mar15_PWD_m1_sp4_6.1_rev_10,0,,,,,,,
6mar15_1mar15_PWD_m1_sp4_6.1_rev,93,4.259,0.045714,0.57968,2,11,6mar15_1mar15_PWD_m1_sp4_6.1_rev_11,1,1,1,,2,17,80,
6mar15_1mar15_PWD_m1_sp4_6.1_rev,86,4.5622,0.052796,0.60439,2,12,6mar15_1mar15_PWD_m1_sp4_6.1_rev_12,1,0,0,faint second foci,1,77,,
6mar15_1mar15_PWD_m1_sp4_6.1_rev,98,8.1312,0.08288,0.6987,4,2,6mar15_1mar15_PWD_m1_sp4_6.1_rev_2,1,0,0,,2,20,77,
6mar15_1mar15_PWD_m1_sp4_6.1_rev,118,4.7031,0.03971,0.62559,3,5,6mar15_1mar15_PWD_m1_sp4_6.1_rev_5,1,0,0,,2,18,109,
6mar15_1mar15_PWD_m1_sp4_6.1_rev,57,6.6097,0.11498,0.69405,1,6,6mar15_1mar15_PWD_m1_sp4_6.1_rev_6,1,1,1,,1,47,,
6mar15_1mar15_PWD_m1_sp4_6.1_rev,63,6.1175,0.097419,0.7112,1,7,6mar15_1mar15_PWD_m1_sp4_6.1_rev_7,1,1,1,,1,53,,
6mar15_1mar15_PWD_m1_sp4_6.1_rev,106,5.1588,0.048819,0.61647,3,9,6mar15_1mar15_PWD_m1_sp4_6.1_rev_9,1,0,0,small kink at the end,2,30,104,
6mar15_1mar15_PWD_m1_sp4_6.2_rev,113,4.6377,0.041187,0.41141,5,10,6mar15_1mar15_PWD_m1_sp4_6.2_rev_10,1,,,small kink at the end,1,75,,
6mar15_1mar15_PWD_m1_sp4_6.2_rev,65,6.9456,0.10692,0.41484,6,11,6mar15_1mar15_PWD_m1_sp4_6.2_rev_11,1,,,,,,,
6mar15_1mar15_PWD_m1_sp4_6.2_rev,115,5.4644,0.047485,0.40677,4,12,6mar15_1mar15_PWD_m1_sp4_6.2_rev_12,0,,,,,,,
6mar15_1mar15_PWD_m1_sp4_6.2_rev,105,6.9332,0.066144,0.46535,3,13,6mar15_1mar15_PWD_m1_sp4_6.2_rev_13,1,0,0,,1,96,,
6mar15_1mar15_PWD_m1_sp4_6.2_rev,111,3.8863,0.034998,0.41547,11,7,6mar15_1mar15_PWD_m1_sp4_6.2_rev_7,1,,,,,,,
6mar15_1mar15_PWD_m1_sp4_6.2_rev,89,4.9367,0.055636,0.45078,6,9,6mar15_1mar15_PWD_m1_sp4_6.2_rev_9,1,0,0,,1,25,,
6mar15_1mar15_PWD_m1_sp4_7_rev,81,5.0168,0.061609,0.62246,5,1,6mar15_1mar15_PWD_m1_sp4_7_rev_1,1,,,"several foci on this one, noise?",,,,
6mar15_1mar15_PWD_m1_sp4_7_rev,74,3.1836,0.043265,0.67611,5,10,6mar15_1mar15_PWD_m1_sp4_7_rev_10,1,0,0,,1,64,,
6mar15_1mar15_PWD_m1_sp4_7_rev,78,3.9602,0.050697,0.61317,4,11,6mar15_1mar15_PWD_m1_sp4_7_rev_11,1,,,"several foci on this one, noise?",,,,
6mar15_1mar15_PWD_m1_sp4_7_rev,54,4.2272,0.078107,0.66776,3,12,6mar15_1mar15_PWD_m1_sp4_7_rev_12,1,0,0,,1,50,,
6mar15_1mar15_PWD_m1_sp4_7_rev,110,3.3255,0.030313,0.63647,4,13,6mar15_1mar15_PWD_m1_sp4_7_rev_13,1,0,0,,2,25,93,
6mar15_1mar15_PWD_m1_sp4_7_rev,97,5.4398,0.055884,0.66003,3,15,6mar15_1mar15_PWD_m1_sp4_7_rev_15,1,0,0,,2,45,92,
6mar15_1mar15_PWD_m1_sp4_7_rev,81,4.4968,0.055342,0.67819,1,16,6mar15_1mar15_PWD_m1_sp4_7_rev_16,1,1,1,,1,78,,
6mar15_1mar15_PWD_m1_sp4_7_rev,59,4.3464,0.073147,0.68975,6,17,6mar15_1mar15_PWD_m1_sp4_7_rev_17,1,0,0,faint foci near end,1,42,,
6mar15_1mar15_PWD_m1_sp4_7_rev,76,4.2382,0.0556,0.69388,2,18,6mar15_1mar15_PWD_m1_sp4_7_rev_18,1,0,0,,1,56,,
6mar15_1mar15_PWD_m1_sp4_7_rev,85,8.0267,0.094181,0.68194,9,19,6mar15_1mar15_PWD_m1_sp4_7_rev_19,1,0,0,,2,21,69,
6mar15_1mar15_PWD_m1_sp4_7_rev,106,5.2895,0.04973,0.58531,3,2,6mar15_1mar15_PWD_m1_sp4_7_rev_2,1,0,0,,2,20,101,
6mar15_1mar15_PWD_m1_sp4_7_rev,55,5.8838,0.10703,0.59344,3,3,6mar15_1mar15_PWD_m1_sp4_7_rev_3,0,,,,,,,
6mar15_1mar15_PWD_m1_sp4_7_rev,98,5.8916,0.059927,0.54333,2,4,6mar15_1mar15_PWD_m1_sp4_7_rev_4,1,1,1,,2,28,90,
6mar15_1mar15_PWD_m1_sp4_7_rev,73,3.1028,0.04251,0.56978,5,5,6mar15_1mar15_PWD_m1_sp4_7_rev_5,1,0,0,,2,49,71,
6mar15_1mar15_PWD_m1_sp4_7_rev,118,4.6365,0.039229,0.54872,3,6,6mar15_1mar15_PWD_m1_sp4_7_rev_6,1,0,0,think middle foci is noise,2,37,104,
6mar15_1mar15_PWD_m1_sp4_7_rev,109,6.7269,0.061925,0.643,4,7,6mar15_1mar15_PWD_m1_sp4_7_rev_7,1,0,0,,2,44,103,
6mar15_1mar15_PWD_m1_sp4_7_rev,68,5.5209,0.08145,0.62479,4,8,6mar15_1mar15_PWD_m1_sp4_7_rev_8,1,0,0,,1,56,,
6mar15_1mar15_PWD_m1_sp4_7_rev,86,5.7726,0.067285,0.6238,3,9,6mar15_1mar15_PWD_m1_sp4_7_rev_9,1,0,0,,2,10,67,
6mar15_1mar15_PWD_m1_sp4_8_rev,79,7.5611,0.096281,0.5739,2,1,6mar15_1mar15_PWD_m1_sp4_8_rev_1,1,0,0,,1,40,,
6mar15_1mar15_PWD_m1_sp4_8_rev,85,3.2907,0.0385,0.56379,5,10,6mar15_1mar15_PWD_m1_sp4_8_rev_10,1,0,0,faint middle foci,2,13,78,
6mar15_1mar15_PWD_m1_sp4_8_rev,56,5.0989,0.091136,0.61723,3,11,6mar15_1mar15_PWD_m1_sp4_8_rev_11,1,0,0,,1,36,,
6mar15_1mar15_PWD_m1_sp4_8_rev,96,6.9402,0.072496,0.59986,2,12,6mar15_1mar15_PWD_m1_sp4_8_rev_12,1,1,1,,2,27,80,
6mar15_1mar15_PWD_m1_sp4_8_rev,55,10.504,0.19233,0.56838,6,13,6mar15_1mar15_PWD_m1_sp4_8_rev_13,0,,,,,,,
6mar15_1mar15_PWD_m1_sp4_8_rev,117,4.6245,0.03965,0.56406,5,14,6mar15_1mar15_PWD_m1_sp4_8_rev_14,1,0,0,,2,22,115,
6mar15_1mar15_PWD_m1_sp4_8_rev,74,4.3094,0.05802,0.57976,9,15,6mar15_1mar15_PWD_m1_sp4_8_rev_15,0,,,,,,,
6mar15_1mar15_PWD_m1_sp4_8_rev,77,3.4155,0.044177,0.59588,4,16,6mar15_1mar15_PWD_m1_sp4_8_rev_16,1,0,0,faint flanking foci,1,46,,
6mar15_1mar15_PWD_m1_sp4_8_rev,78,4.6981,0.060338,0.54818,1,17,6mar15_1mar15_PWD_m1_sp4_8_rev_17,1,1,1,,1,27,,
6mar15_1mar15_PWD_m1_sp4_8_rev,86,4.1628,0.048163,0.53843,3,18,6mar15_1mar15_PWD_m1_sp4_8_rev_18,1,0,0,,2,43,80,
6mar15_1mar15_PWD_m1_sp4_8_rev,149,4.1685,0.028065,0.62884,20,2,6mar15_1mar15_PWD_m1_sp4_8_rev_2,0,,,,,,,
6mar15_1mar15_PWD_m1_sp4_8_rev,105,3.7017,0.035228,0.60265,2,3,6mar15_1mar15_PWD_m1_sp4_8_rev_3,1,1,1,,2,17,100,
6mar15_1mar15_PWD_m1_sp4_8_rev,59,4.6225,0.078759,0.61406,1,4,6mar15_1mar15_PWD_m1_sp4_8_rev_4,1,1,1,,1,41,,
6mar15_1mar15_PWD_m1_sp4_8_rev,87,3.2836,0.037751,0.60487,4,5,6mar15_1mar15_PWD_m1_sp4_8_rev_5,1,0,0,faint foci,1,72,,
6mar15_1mar15_PWD_m1_sp4_8_rev,94,3.0817,0.032834,0.57768,3,6,6mar15_1mar15_PWD_m1_sp4_8_rev_6,1,0,0,,2,28,90,
6mar15_1mar15_PWD_m1_sp4_8_rev,70,4.1468,0.059215,0.56014,4,7,6mar15_1mar15_PWD_m1_sp4_8_rev_7,1,0,0,,1,45,,
6mar15_1mar15_PWD_m1_sp4_8_rev,96,2.9508,0.030791,0.58556,4,8,6mar15_1mar15_PWD_m1_sp4_8_rev_8,1,0,0,,2,24,88,
6mar15_1mar15_PWD_m1_sp4_8_rev,90,3.1199,0.034649,0.56473,3,9,6mar15_1mar15_PWD_m1_sp4_8_rev_9,1,0,0,,2,27,76,
7mar15_1mar15_PWD_m1_sp4_1.1_rev,97,5.0619,0.052435,0.6991,7,1,7mar15_1mar15_PWD_m1_sp4_1.1_rev_1,1,0,0,,1,17,,
7mar15_1mar15_PWD_m1_sp4_1.1_rev,88,4.91,0.055608,0.58675,3,10,7mar15_1mar15_PWD_m1_sp4_1.1_rev_10,1,0,0,,2,17,84,
7mar15_1mar15_PWD_m1_sp4_1.1_rev,135,3.3381,0.024735,0.51866,4,11,7mar15_1mar15_PWD_m1_sp4_1.1_rev_11,1,0,0,kinda faint flanking foci,1,68,,
7mar15_1mar15_PWD_m1_sp4_1.1_rev,54,5.5907,0.10302,0.57765,6,12,7mar15_1mar15_PWD_m1_sp4_1.1_rev_12,1,0,0,,1,50,,
7mar15_1mar15_PWD_m1_sp4_1.1_rev,80,4.8886,0.061347,0.51693,5,13,7mar15_1mar15_PWD_m1_sp4_1.1_rev_13,1,0,0,,2,13,71,
7mar15_1mar15_PWD_m1_sp4_1.1_rev,71,5.8179,0.081382,0.51651,6,16,7mar15_1mar15_PWD_m1_sp4_1.1_rev_16,0,,,bad segmentation,,,,
7mar15_1mar15_PWD_m1_sp4_1.1_rev,85,10.3316,0.12086,0.53344,2,17,7mar15_1mar15_PWD_m1_sp4_1.1_rev_17,0,,,I think segmentation should be longer,,,,
7mar15_1mar15_PWD_m1_sp4_1.1_rev,81,4.18,0.051732,0.75936,3,3,7mar15_1mar15_PWD_m1_sp4_1.1_rev_3,0,,,,,,,
7mar15_1mar15_PWD_m1_sp4_1.1_rev,114,22.3968,0.19728,0.65302,7,4,7mar15_1mar15_PWD_m1_sp4_1.1_rev_4,0,,,,,,,
7mar15_1mar15_PWD_m1_sp4_1.1_rev,127,3.981,0.031272,0.6054,3,5,7mar15_1mar15_PWD_m1_sp4_1.1_rev_5,1,0,0,faint middle foci,2,23,118,
7mar15_1mar15_PWD_m1_sp4_1.1_rev,89,2.6015,0.029319,0.60048,2,6,7mar15_1mar15_PWD_m1_sp4_1.1_rev_6,1,1,1,,1,47,,
7mar15_1mar15_PWD_m1_sp4_1.1_rev,104,4.3235,0.041465,0.53351,3,7,7mar15_1mar15_PWD_m1_sp4_1.1_rev_7,1,0,0,,2,50,88,
7mar15_1mar15_PWD_m1_sp4_1.1_rev,81,2.3351,0.028796,0.6516,2,8,7mar15_1mar15_PWD_m1_sp4_1.1_rev_8,1,1,1,,2,24,72,
7mar15_1mar15_PWD_m1_sp4_1.1_rev,91,4.8056,0.052683,0.5887,1,9,7mar15_1mar15_PWD_m1_sp4_1.1_rev_9,1,1,1,,1,86,,
7mar15_1mar15_PWD_m1_sp4_1.2_rev,127,5.6547,0.04451,0.4487,1,10,7mar15_1mar15_PWD_m1_sp4_1.2_rev_10,1,1,1,,1,28,,
7mar15_1mar15_PWD_m1_sp4_1.2_rev,82,4.5866,0.055859,0.49066,1,11,7mar15_1mar15_PWD_m1_sp4_1.2_rev_11,1,1,1,,1,61,,
7mar15_1mar15_PWD_m1_sp4_1.2_rev,68,4.2026,0.061493,0.50526,2,13,7mar15_1mar15_PWD_m1_sp4_1.2_rev_13,1,0,0,,1,44,,
7mar15_1mar15_PWD_m1_sp4_1.2_rev,106,4.4976,0.042469,0.49635,8,14,7mar15_1mar15_PWD_m1_sp4_1.2_rev_14,1,0,0,,1,92,,
7mar15_1mar15_PWD_m1_sp4_1.2_rev,111,5.975,0.054034,0.48504,5,15,7mar15_1mar15_PWD_m1_sp4_1.2_rev_15,1,0,0,faint middle foci,2,22,106,
7mar15_1mar15_PWD_m1_sp4_1.2_rev,82,4.2448,0.051899,0.49513,1,2,7mar15_1mar15_PWD_m1_sp4_1.2_rev_2,1,1,1,"werid segmentation, broken. But measures seem right",1,71,,
7mar15_1mar15_PWD_m1_sp4_1.2_rev,55,5.7757,0.10596,0.51029,3,3,7mar15_1mar15_PWD_m1_sp4_1.2_rev_3,1,0,0,,1,29,,
7mar15_1mar15_PWD_m1_sp4_1.2_rev,99,4.3148,0.043407,0.46474,5,5,7mar15_1mar15_PWD_m1_sp4_1.2_rev_5,0,,,,,,,
7mar15_1mar15_PWD_m1_sp4_1.2_rev,63,6.6454,0.10576,0.45437,1,7,7mar15_1mar15_PWD_m1_sp4_1.2_rev_7,1,1,1,,1,56,,
7mar15_1mar15_PWD_m1_sp4_1.2_rev,115,5.2586,0.045885,0.45337,2,8,7mar15_1mar15_PWD_m1_sp4_1.2_rev_8,1,1,1,,2,27,94,
7mar15_1mar15_PWD_m1_sp4_1.2_rev,86,6.4435,0.075294,0.48505,2,9,7mar15_1mar15_PWD_m1_sp4_1.2_rev_9,1,0,0,faint foci at end,1,27,,
7mar15_1mar15_PWD_m1_sp4_12_rev,100,4.4817,0.04466,0.41273,5,10,7mar15_1mar15_PWD_m1_sp4_12_rev_10,1,0,0,some faint foci,1,23,,
7mar15_1mar15_PWD_m1_sp4_12_rev,85,4.1765,0.049082,0.43881,8,12,7mar15_1mar15_PWD_m1_sp4_12_rev_12,1,0,0,,1,25,,
7mar15_1mar15_PWD_m1_sp4_12_rev,65,7.0313,0.10809,0.45251,5,14,7mar15_1mar15_PWD_m1_sp4_12_rev_14,1,0,0,,2,13,53,
7mar15_1mar15_PWD_m1_sp4_12_rev,91,7.9602,0.087491,0.44176,7,15,7mar15_1mar15_PWD_m1_sp4_12_rev_15,1,0,0,faint foci,1,73,,
7mar15_1mar15_PWD_m1_sp4_12_rev,83,6.8204,0.082398,0.49531,7,16,7mar15_1mar15_PWD_m1_sp4_12_rev_16,1,0,0,,1,42,,
7mar15_1mar15_PWD_m1_sp4_12_rev,116,4.2419,0.036511,0.38345,6,17,7mar15_1mar15_PWD_m1_sp4_12_rev_17,1,0,0,,1,97,,
7mar15_1mar15_PWD_m1_sp4_12_rev,83,5.7864,0.069586,0.43211,3,18,7mar15_1mar15_PWD_m1_sp4_12_rev_18,1,0,0,,2,23,79,
7mar15_1mar15_PWD_m1_sp4_12_rev,127,3.1694,0.025047,0.39481,8,19,7mar15_1mar15_PWD_m1_sp4_12_rev_19,1,0,0,,2,34,123,
7mar15_1mar15_PWD_m1_sp4_12_rev,110,5.5538,0.050484,0.49344,9,2,7mar15_1mar15_PWD_m1_sp4_12_rev_2,1,0,0,,1,77,,
7mar15_1mar15_PWD_m1_sp4_12_rev,97,3.4878,0.035975,0.46527,8,20,7mar15_1mar15_PWD_m1_sp4_12_rev_20,1,0,0,,2,33,83,
7mar15_1mar15_PWD_m1_sp4_12_rev,66,5.2718,0.079742,0.57141,4,3,7mar15_1mar15_PWD_m1_sp4_12_rev_3,1,0,0,,1,51,,
7mar15_1mar15_PWD_m1_sp4_12_rev,125,3.5285,0.02824,0.42711,4,4,7mar15_1mar15_PWD_m1_sp4_12_rev_4,1,0,0,,2,19,118,
7mar15_1mar15_PWD_m1_sp4_12_rev,145,2.4638,0.016953,0.51427,10,5,7mar15_1mar15_PWD_m1_sp4_12_rev_5,0,,,,,,,
7mar15_1mar15_PWD_m1_sp4_12_rev,79,7.2702,0.091507,0.41216,4,7,7mar15_1mar15_PWD_m1_sp4_12_rev_7,0,,,,,,,
7mar15_1mar15_PWD_m1_sp4_12_rev,115,3.4826,0.030177,0.5114,9,8,7mar15_1mar15_PWD_m1_sp4_12_rev_8,1,0,0,,2,33,114,
7mar15_1mar15_PWD_m1_sp4_12_rev,147,4.5431,0.030884,0.35627,6,9,7mar15_1mar15_PWD_m1_sp4_12_rev_9,1,0,0,,2,55,144,
7mar15_1mar15_PWD_m1_sp4_15_rev,49,3.0472,0.06223,0.74327,4,1,7mar15_1mar15_PWD_m1_sp4_15_rev_1,0,,,,,,,
7mar15_1mar15_PWD_m1_sp4_15_rev,54,4.9331,0.091149,0.7456,6,11,7mar15_1mar15_PWD_m1_sp4_15_rev_11,1,0,0,,1,40,,
7mar15_1mar15_PWD_m1_sp4_15_rev,98,8.1142,0.083142,0.74314,5,12,7mar15_1mar15_PWD_m1_sp4_15_rev_12,1,0,0,,2,15,95,
7mar15_1mar15_PWD_m1_sp4_15_rev,82,2.0588,0.025249,0.69938,7,13,7mar15_1mar15_PWD_m1_sp4_15_rev_13,1,0,0,,2,34,71,
7mar15_1mar15_PWD_m1_sp4_15_rev,90,6.4004,0.071071,0.66489,6,14,7mar15_1mar15_PWD_m1_sp4_15_rev_14,1,0,0,faint first foci,2,51,77,
7mar15_1mar15_PWD_m1_sp4_15_rev,52,3.0007,0.057299,0.7376,4,15,7mar15_1mar15_PWD_m1_sp4_15_rev_15,1,0,0,,1,47,,
7mar15_1mar15_PWD_m1_sp4_15_rev,75,2.8986,0.038825,0.77491,3,4,7mar15_1mar15_PWD_m1_sp4_15_rev_4,1,0,0,,1,20,,
7mar15_1mar15_PWD_m1_sp4_15_rev,90,4.1083,0.045655,0.75902,9,5,7mar15_1mar15_PWD_m1_sp4_15_rev_5,1,0,0,,2,16,75,
7mar15_1mar15_PWD_m1_sp4_15_rev,100,7.4928,0.075023,0.72936,7,6,7mar15_1mar15_PWD_m1_sp4_15_rev_6,0,,,,,,,
7mar15_1mar15_PWD_m1_sp4_15_rev,97,7.3929,0.076032,0.74662,5,7,7mar15_1mar15_PWD_m1_sp4_15_rev_7,0,,,strange segmentation,,,,
7mar15_1mar15_PWD_m1_sp4_15_rev,89,4.5185,0.050637,0.70003,4,9,7mar15_1mar15_PWD_m1_sp4_15_rev_9,1,0,0,,1,31,,
7mar15_1mar15_PWD_m1_sp4_16_rev,116,4.0168,0.034499,0.73518,3,11,7mar15_1mar15_PWD_m1_sp4_16_rev_11,1,0,0,,1,77,,
7mar15_1mar15_PWD_m1_sp4_16_rev,77,7.2621,0.094633,0.77372,3,12,7mar15_1mar15_PWD_m1_sp4_16_rev_12,1,0,0,,1,58,,
7mar15_1mar15_PWD_m1_sp4_16_rev,122,9.1932,0.07506,0.76251,5,13,7mar15_1mar15_PWD_m1_sp4_16_rev_13,1,,,strange segmentation at end,1,78,,
7mar15_1mar15_PWD_m1_sp4_16_rev,92,4.2881,0.046449,0.75399,4,14,7mar15_1mar15_PWD_m1_sp4_16_rev_14,1,0,0,,1,36,,
7mar15_1mar15_PWD_m1_sp4_16_rev,103,5.928,0.057742,0.78151,5,15,7mar15_1mar15_PWD_m1_sp4_16_rev_15,1,0,0,,2,17,86,
7mar15_1mar15_PWD_m1_sp4_16_rev,112,4.5436,0.040447,0.74401,7,2,7mar15_1mar15_PWD_m1_sp4_16_rev_2,1,0,0,,2,25,103,
7mar15_1mar15_PWD_m1_sp4_16_rev,57,5.4449,0.095207,0.78783,4,3,7mar15_1mar15_PWD_m1_sp4_16_rev_3,1,0,0,,1,29,,
7mar15_1mar15_PWD_m1_sp4_16_rev,90,6.3778,0.070482,0.77113,7,4,7mar15_1mar15_PWD_m1_sp4_16_rev_4,1,0,0,,1,62,,
7mar15_1mar15_PWD_m1_sp4_16_rev,84,2.7498,0.032738,0.74941,3,5,7mar15_1mar15_PWD_m1_sp4_16_rev_5,1,0,0,,2,16,71,
7mar15_1mar15_PWD_m1_sp4_16_rev,78,3.3435,0.04272,0.76233,4,6,7mar15_1mar15_PWD_m1_sp4_16_rev_6,1,0,0,,1,36,,
7mar15_1mar15_PWD_m1_sp4_16_rev,150,2.5714,0.017144,0.75231,8,7,7mar15_1mar15_PWD_m1_sp4_16_rev_7,0,,,,,,,
7mar15_1mar15_PWD_m1_sp4_16_rev,62,7.8657,0.12634,0.77944,5,9,7mar15_1mar15_PWD_m1_sp4_16_rev_9,1,0,0,,2,3,50,
7mar15_1mar15_PWD_m1_sp4_17_rev,63,3.9145,0.062358,0.38375,4,1,7mar15_1mar15_PWD_m1_sp4_17_rev_1,1,0,0,,1,40,,
7mar15_1mar15_PWD_m1_sp4_17_rev,64,4.9161,0.076733,0.37543,4,10,7mar15_1mar15_PWD_m1_sp4_17_rev_10,1,0,0,,1,27,,
7mar15_1mar15_PWD_m1_sp4_17_rev,53,5.8291,0.11029,0.31846,3,13,7mar15_1mar15_PWD_m1_sp4_17_rev_13,0,,,,,,,
7mar15_1mar15_PWD_m1_sp4_17_rev,119,1.2698,0.010642,0.40485,6,14,7mar15_1mar15_PWD_m1_sp4_17_rev_14,0,,,,,,,
7mar15_1mar15_PWD_m1_sp4_17_rev,98,5.7875,0.059293,0.36603,5,15,7mar15_1mar15_PWD_m1_sp4_17_rev_15,1,0,0,faint foci near cent,2,60,89,
7mar15_1mar15_PWD_m1_sp4_17_rev,82,6.1439,0.074643,0.36166,3,16,7mar15_1mar15_PWD_m1_sp4_17_rev_16,1,0,0,,1,79,,
7mar15_1mar15_PWD_m1_sp4_17_rev,91,4.6063,0.050348,0.34342,3,17,7mar15_1mar15_PWD_m1_sp4_17_rev_17,1,0,0,,1,80,,
7mar15_1mar15_PWD_m1_sp4_17_rev,87,4.59,0.053061,0.33468,2,3,7mar15_1mar15_PWD_m1_sp4_17_rev_3,1,0,0,,1,61,,
7mar15_1mar15_PWD_m1_sp4_17_rev,85,6.1815,0.072783,0.37076,1,5,7mar15_1mar15_PWD_m1_sp4_17_rev_5,1,1,1,,1,78,,
7mar15_1mar15_PWD_m1_sp4_17_rev,103,10.303,0.099995,0.36691,4,6,7mar15_1mar15_PWD_m1_sp4_17_rev_6,0,,,,,,,
7mar15_1mar15_PWD_m1_sp4_18_rev,92,3.2023,0.034798,0.33442,3,1,7mar15_1mar15_PWD_m1_sp4_18_rev_1,1,0,0,,2,27,78,
7mar15_1mar15_PWD_m1_sp4_18_rev,109,5.5278,0.050856,0.27637,4,10,7mar15_1mar15_PWD_m1_sp4_18_rev_10,1,0,0,faint foci,1,85,,
7mar15_1mar15_PWD_m1_sp4_18_rev,90,5.4824,0.06082,0.31343,1,11,7mar15_1mar15_PWD_m1_sp4_18_rev_11,1,1,1,,1,75,,
7mar15_1mar15_PWD_m1_sp4_18_rev,58,3.8016,0.065474,0.31674,3,12,7mar15_1mar15_PWD_m1_sp4_18_rev_12,1,0,0,faint middle foci,1,37,,
7mar15_1mar15_PWD_m1_sp4_18_rev,81,7.8998,0.096961,0.28724,2,13,7mar15_1mar15_PWD_m1_sp4_18_rev_13,1,1,1,,2,14,65,
7mar15_1mar15_PWD_m1_sp4_18_rev,69,6.5756,0.095674,0.28752,1,14,7mar15_1mar15_PWD_m1_sp4_18_rev_14,1,1,1,,1,62,,
7mar15_1mar15_PWD_m1_sp4_18_rev,82,5.6651,0.069068,0.36241,7,2,7mar15_1mar15_PWD_m1_sp4_18_rev_2,1,0,0,,1,68,,
7mar15_1mar15_PWD_m1_sp4_18_rev,96,7.2301,0.075493,0.3457,2,3,7mar15_1mar15_PWD_m1_sp4_18_rev_3,1,1,1,,2,23,80,
7mar15_1mar15_PWD_m1_sp4_18_rev,131,3.9306,0.030026,0.34305,6,4,7mar15_1mar15_PWD_m1_sp4_18_rev_4,0,,,,,,,
7mar15_1mar15_PWD_m1_sp4_18_rev,93,2.5714,0.027546,0.32054,8,8,7mar15_1mar15_PWD_m1_sp4_18_rev_8,1,,,,,,,
7mar15_1mar15_PWD_m1_sp4_18_rev,123,4.7868,0.038903,0.29079,1,9,7mar15_1mar15_PWD_m1_sp4_18_rev_9,1,1,1,,1,117,,
7mar15_1mar15_PWD_m1_sp4_19_rev,79,4.5708,0.057927,0.47165,5,1,7mar15_1mar15_PWD_m1_sp4_19_rev_1,1,0,0,,1,33,,
7mar15_1mar15_PWD_m1_sp4_19_rev,138,3.1369,0.02271,0.49429,4,11,7mar15_1mar15_PWD_m1_sp4_19_rev_11,0,,,,,,,
7mar15_1mar15_PWD_m1_sp4_19_rev,95,3.7508,0.039633,0.45761,1,12,7mar15_1mar15_PWD_m1_sp4_19_rev_12,1,1,1,,1,87,,
7mar15_1mar15_PWD_m1_sp4_19_rev,80,2.3601,0.029531,0.45566,1,13,7mar15_1mar15_PWD_m1_sp4_19_rev_13,1,1,1,,1,60,,
7mar15_1mar15_PWD_m1_sp4_19_rev,83,4.7209,0.057074,0.43831,6,14,7mar15_1mar15_PWD_m1_sp4_19_rev_14,1,0,0,,1,43,,
7mar15_1mar15_PWD_m1_sp4_19_rev,117,3.0556,0.026024,0.4526,3,3,7mar15_1mar15_PWD_m1_sp4_19_rev_3,1,0,0,faint middle foci,1,100,,
7mar15_1mar15_PWD_m1_sp4_19_rev,39,6.359,0.1649,0.46574,1,4,7mar15_1mar15_PWD_m1_sp4_19_rev_4,0,,,,,,,
7mar15_1mar15_PWD_m1_sp4_19_rev,179,5.9198,0.033113,0.46877,3,5,7mar15_1mar15_PWD_m1_sp4_19_rev_5,0,,,,,,,
7mar15_1mar15_PWD_m1_sp4_19_rev,110,5.9865,0.054451,0.42629,7,7,7mar15_1mar15_PWD_m1_sp4_19_rev_7,1,0,0,other faint foci,1,87,,
7mar15_1mar15_PWD_m1_sp4_19_rev,62,3.6761,0.059595,0.51631,1,8,7mar15_1mar15_PWD_m1_sp4_19_rev_8,1,1,1,,1,45,,
7mar15_1mar15_PWD_m1_sp4_19_rev,102,4.6597,0.04574,0.4611,2,9,7mar15_1mar15_PWD_m1_sp4_19_rev_9,1,1,1,,2,19,98,
7mar15_1mar15_PWD_m1_sp4_2_rev,47,4.8219,0.10186,0.36413,1,1,7mar15_1mar15_PWD_m1_sp4_2_rev_1,1,1,1,,1,40,,
7mar15_1mar15_PWD_m1_sp4_2_rev,78,4.3466,0.055823,0.3458,3,10,7mar15_1mar15_PWD_m1_sp4_2_rev_10,1,0,0,,1,60,,
7mar15_1mar15_PWD_m1_sp4_2_rev,96,9.8815,0.10304,0.51674,10,11,7mar15_1mar15_PWD_m1_sp4_2_rev_11,0,,,,,,,
7mar15_1mar15_PWD_m1_sp4_2_rev,92,2.8888,0.031495,0.33252,13,12,7mar15_1mar15_PWD_m1_sp4_2_rev_12,1,0,0,,1,89,,
7mar15_1mar15_PWD_m1_sp4_2_rev,90,5.4741,0.060968,0.31728,4,13,7mar15_1mar15_PWD_m1_sp4_2_rev_13,1,0,0,,1,73,,
7mar15_1mar15_PWD_m1_sp4_2_rev,93,5.123,0.05513,0.32991,4,15,7mar15_1mar15_PWD_m1_sp4_2_rev_15,1,0,0,,1,44,,
7mar15_1mar15_PWD_m1_sp4_2_rev,67,9.7037,0.14568,0.35939,2,2,7mar15_1mar15_PWD_m1_sp4_2_rev_2,0,,,,,,,
7mar15_1mar15_PWD_m1_sp4_2_rev,64,6.0805,0.094809,0.36681,2,3,7mar15_1mar15_PWD_m1_sp4_2_rev_3,1,0,0,"two bivs in the whole box, but measures seem right",1,58,,
7mar15_1mar15_PWD_m1_sp4_2_rev,80,3.6754,0.045791,0.39388,5,4,7mar15_1mar15_PWD_m1_sp4_2_rev_4,1,0,0,,2,18,61,
7mar15_1mar15_PWD_m1_sp4_2_rev,68,3.4335,0.050536,0.33653,6,5,7mar15_1mar15_PWD_m1_sp4_2_rev_5,1,0,0,,1,48,,
7mar15_1mar15_PWD_m1_sp4_2_rev,89,3.3752,0.037903,0.35641,2,6,7mar15_1mar15_PWD_m1_sp4_2_rev_6,1,1,1,,2,16,83,
7mar15_1mar15_PWD_m1_sp4_2_rev,121,2.1538,0.017736,0.32228,6,7,7mar15_1mar15_PWD_m1_sp4_2_rev_7,0,,,,,,,
7mar15_1mar15_PWD_m1_sp4_2_rev,61,2.2857,0.037241,0.3583,2,8,7mar15_1mar15_PWD_m1_sp4_2_rev_8,1,1,1,,2,21,54,
7mar15_1mar15_PWD_m1_sp4_2_rev,107,5.6523,0.052916,0.33012,4,9,7mar15_1mar15_PWD_m1_sp4_2_rev_9,0,,,,,,,
7mar15_1mar15_PWD_m1_sp4_20_rev,70,5.9701,0.08567,0.75143,5,1,7mar15_1mar15_PWD_m1_sp4_20_rev_1,1,0,0,,1,25,,
7mar15_1mar15_PWD_m1_sp4_20_rev,104,4.3424,0.04186,0.7514,5,11,7mar15_1mar15_PWD_m1_sp4_20_rev_11,1,0,0,,2,39,95,
7mar15_1mar15_PWD_m1_sp4_20_rev,52,7.1733,0.13717,0.7932,5,12,7mar15_1mar15_PWD_m1_sp4_20_rev_12,1,0,0,,1,28,,
7mar15_1mar15_PWD_m1_sp4_20_rev,82,3.3524,0.040807,0.77806,7,13,7mar15_1mar15_PWD_m1_sp4_20_rev_13,1,,,,,,,
7mar15_1mar15_PWD_m1_sp4_20_rev,73,4.2863,0.058458,0.83346,3,14,7mar15_1mar15_PWD_m1_sp4_20_rev_14,0,,,,,,,
7mar15_1mar15_PWD_m1_sp4_20_rev,77,2.4412,0.031845,0.79183,4,15,7mar15_1mar15_PWD_m1_sp4_20_rev_15,1,0,0,,2,14,68,
7mar15_1mar15_PWD_m1_sp4_20_rev,68,4.1845,0.061979,0.81171,2,18,7mar15_1mar15_PWD_m1_sp4_20_rev_18,1,0,0,,1,33,,
7mar15_1mar15_PWD_m1_sp4_20_rev,100,2.7692,0.027592,0.70535,4,2,7mar15_1mar15_PWD_m1_sp4_20_rev_2,1,0,0,,2,18,91,
7mar15_1mar15_PWD_m1_sp4_20_rev,66,2.3188,0.034943,0.7369,6,3,7mar15_1mar15_PWD_m1_sp4_20_rev_3,1,0,0,,2,17,64,
7mar15_1mar15_PWD_m1_sp4_20_rev,84,3.1856,0.038047,0.7497,5,4,7mar15_1mar15_PWD_m1_sp4_20_rev_4,1,0,0,"middle foci, might be real",2,16,75,
7mar15_1mar15_PWD_m1_sp4_20_rev,66,4.7385,0.071867,0.73131,8,5,7mar15_1mar15_PWD_m1_sp4_20_rev_5,1,0,0,,2,34,58,
7mar15_1mar15_PWD_m1_sp4_20_rev,46,5.462,0.11909,0.76436,3,6,7mar15_1mar15_PWD_m1_sp4_20_rev_6,1,0,0,,1,22,,
7mar15_1mar15_PWD_m1_sp4_20_rev,76,8.2321,0.10893,0.73422,4,7,7mar15_1mar15_PWD_m1_sp4_20_rev_7,1,0,0,,1,59,,
7mar15_1mar15_PWD_m1_sp4_20_rev,98,2.7692,0.02813,0.72596,5,8,7mar15_1mar15_PWD_m1_sp4_20_rev_8,1,0,0,,2,24,84,
7mar15_1mar15_PWD_m1_sp4_20_rev,84,2,0.023683,0.73228,4,9,7mar15_1mar15_PWD_m1_sp4_20_rev_9,1,0,0,,2,23,81,
7mar15_1mar15_PWD_m1_sp4_21_rev,87,10.9706,0.12612,0.6779,5,10,7mar15_1mar15_PWD_m1_sp4_21_rev_10,1,0,0,,2,35,81,
7mar15_1mar15_PWD_m1_sp4_21_rev,91,5.1736,0.057082,0.73999,6,11,7mar15_1mar15_PWD_m1_sp4_21_rev_11,1,0,0,,1,88,,
7mar15_1mar15_PWD_m1_sp4_21_rev,111,13.5237,0.1216,0.7543,9,2,7mar15_1mar15_PWD_m1_sp4_21_rev_2,0,,,,,,,
7mar15_1mar15_PWD_m1_sp4_21_rev,113,4.8515,0.042852,0.67825,6,5,7mar15_1mar15_PWD_m1_sp4_21_rev_5,1,0,0,,2,36,89,
7mar15_1mar15_PWD_m1_sp4_21_rev,109,8.1763,0.074821,0.69672,9,9,7mar15_1mar15_PWD_m1_sp4_21_rev_9,0,,,,,,,
7mar15_1mar15_PWD_m1_sp4_22_rev,77,6.1167,0.079148,0.39989,2,1,7mar15_1mar15_PWD_m1_sp4_22_rev_1,1,1,1,,2,33,72,
7mar15_1mar15_PWD_m1_sp4_22_rev,129,4.0634,0.03154,0.35627,1,10,7mar15_1mar15_PWD_m1_sp4_22_rev_10,0,,,,,,,
7mar15_1mar15_PWD_m1_sp4_22_rev,109,4.0855,0.037357,0.3302,2,11,7mar15_1mar15_PWD_m1_sp4_22_rev_11,1,1,1,,2,6,101,
7mar15_1mar15_PWD_m1_sp4_22_rev,104,3.67,0.035141,0.3463,2,12,7mar15_1mar15_PWD_m1_sp4_22_rev_12,0,,,,,,,
7mar15_1mar15_PWD_m1_sp4_22_rev,82,5.1912,0.063461,0.36994,1,13,7mar15_1mar15_PWD_m1_sp4_22_rev_13,0,,,,,,,
7mar15_1mar15_PWD_m1_sp4_22_rev,54,4.6926,0.08719,0.33067,5,14,7mar15_1mar15_PWD_m1_sp4_22_rev_14,1,0,0,,1,45,,
7mar15_1mar15_PWD_m1_sp4_22_rev,58,4.3907,0.07608,0.33097,1,15,7mar15_1mar15_PWD_m1_sp4_22_rev_15,1,1,1,,1,35,,
7mar15_1mar15_PWD_m1_sp4_22_rev,94,6.6009,0.070482,0.33156,3,16,7mar15_1mar15_PWD_m1_sp4_22_rev_16,1,0,0,,1,23,,
7mar15_1mar15_PWD_m1_sp4_22_rev,98,6.5656,0.067233,0.4062,2,2,7mar15_1mar15_PWD_m1_sp4_22_rev_2,1,1,1,,2,25,92,
7mar15_1mar15_PWD_m1_sp4_22_rev,111,3.7036,0.033335,0.38312,3,3,7mar15_1mar15_PWD_m1_sp4_22_rev_3,1,,,kink at end might mess up SC,1,47,105,
7mar15_1mar15_PWD_m1_sp4_22_rev,58,3.6758,0.063529,0.40268,1,4,7mar15_1mar15_PWD_m1_sp4_22_rev_4,0,,,,,,,
7mar15_1mar15_PWD_m1_sp4_22_rev,77,2.5291,0.032657,0.37268,1,6,7mar15_1mar15_PWD_m1_sp4_22_rev_6,1,1,1,,1,46,,
7mar15_1mar15_PWD_m1_sp4_22_rev,81,3.662,0.045023,0.39022,2,7,7mar15_1mar15_PWD_m1_sp4_22_rev_7,1,1,1,first foci is faint,2,41,67,
7mar15_1mar15_PWD_m1_sp4_22_rev,56,3.2508,0.058017,0.38682,2,8,7mar15_1mar15_PWD_m1_sp4_22_rev_8,1,0,0,,1,51,,
7mar15_1mar15_PWD_m1_sp4_22_rev,103,3.7052,0.036014,0.34995,2,9,7mar15_1mar15_PWD_m1_sp4_22_rev_9,1,1,1,,2,17,65,
7mar15_1mar15_PWD_m1_sp4_23_rev,80,5.0129,0.062553,0.39627,2,1,7mar15_1mar15_PWD_m1_sp4_23_rev_1,1,1,1,,2,27,75,
7mar15_1mar15_PWD_m1_sp4_23_rev,87,4.4169,0.050521,0.35878,3,10,7mar15_1mar15_PWD_m1_sp4_23_rev_10,1,0,0,,1,63,,
7mar15_1mar15_PWD_m1_sp4_23_rev,58,9.1913,0.15786,0.4205,4,13,7mar15_1mar15_PWD_m1_sp4_23_rev_13,0,,,,,,,
7mar15_1mar15_PWD_m1_sp4_23_rev,104,4.5275,0.043688,0.3723,2,14,7mar15_1mar15_PWD_m1_sp4_23_rev_14,1,1,1,second foci is faint,2,22,99,
7mar15_1mar15_PWD_m1_sp4_23_rev,117,3.9821,0.033979,0.35392,3,15,7mar15_1mar15_PWD_m1_sp4_23_rev_15,1,1,1,,3,15,41,104
7mar15_1mar15_PWD_m1_sp4_23_rev,95,5.9777,0.06268,0.40629,2,16,7mar15_1mar15_PWD_m1_sp4_23_rev_16,1,0,0,,1,46,,
7mar15_1mar15_PWD_m1_sp4_23_rev,105,3.8061,0.036387,0.32412,5,4,7mar15_1mar15_PWD_m1_sp4_23_rev_4,1,0,0,2 faint foci before,1,82,,
7mar15_1mar15_PWD_m1_sp4_23_rev,111,4.833,0.043683,0.36529,4,6,7mar15_1mar15_PWD_m1_sp4_23_rev_6,0,,,,,,,
7mar15_1mar15_PWD_m1_sp4_23_rev,82,3.7107,0.045336,0.38893,3,7,7mar15_1mar15_PWD_m1_sp4_23_rev_7,1,0,0,,1,15,,
7mar15_1mar15_PWD_m1_sp4_23_rev,201,6.7805,0.033755,0.37704,13,8,7mar15_1mar15_PWD_m1_sp4_23_rev_8,0,,,,,,,
7mar15_1mar15_PWD_m1_sp4_23_rev,99,4.7457,0.048091,0.33098,4,9,7mar15_1mar15_PWD_m1_sp4_23_rev_9,1,0,0,1 faint foci,2,22,69,
7mar15_1mar15_PWD_m1_sp4_24.1_rev,100,5.6448,0.056524,0.63956,4,1,7mar15_1mar15_PWD_m1_sp4_24.1_rev_1,1,0,0,,2,50,88,
7mar15_1mar15_PWD_m1_sp4_24.1_rev,57,3.4772,0.061133,0.70526,2,3,7mar15_1mar15_PWD_m1_sp4_24.1_rev_3,0,,,,,,,
7mar15_1mar15_PWD_m1_sp4_24.1_rev,97,3.6066,0.037002,0.59352,7,4,7mar15_1mar15_PWD_m1_sp4_24.1_rev_4,1,0,0,,0,,,
7mar15_1mar15_PWD_m1_sp4_24.2_rev,105,5.8898,0.056345,0.35841,5,11,7mar15_1mar15_PWD_m1_sp4_24.2_rev_11,1,0,0,,1,103,,
7mar15_1mar15_PWD_m1_sp4_24.2_rev,80,6.514,0.081242,0.32434,6,3,7mar15_1mar15_PWD_m1_sp4_24.2_rev_3,0,,,,,,,
7mar15_1mar15_PWD_m1_sp4_24.2_rev,75,3.9317,0.052322,0.30996,7,4,7mar15_1mar15_PWD_m1_sp4_24.2_rev_4,0,,,,,,,
7mar15_1mar15_PWD_m1_sp4_25.1_rev,79,8.5493,0.1082,0.34518,3,10,7mar15_1mar15_PWD_m1_sp4_25.1_rev_10,1,0,0,,2,29,75,
7mar15_1mar15_PWD_m1_sp4_25.1_rev,74,3.0769,0.041413,0.32559,4,11,7mar15_1mar15_PWD_m1_sp4_25.1_rev_11,1,0,0,,2,29,69,
7mar15_1mar15_PWD_m1_sp4_25.1_rev,54,6.941,0.12867,0.30504,5,12,7mar15_1mar15_PWD_m1_sp4_25.1_rev_12,0,,,,,,,
7mar15_1mar15_PWD_m1_sp4_25.1_rev,91,3.0503,0.033673,0.37453,6,5,7mar15_1mar15_PWD_m1_sp4_25.1_rev_5,0,,,,,,,
7mar15_1mar15_PWD_m1_sp4_25.1_rev,25,4.2898,0.16928,0.39506,3,6,7mar15_1mar15_PWD_m1_sp4_25.1_rev_6,0,,,,,,,
7mar15_1mar15_PWD_m1_sp4_25.2_rev,62,2.2222,0.035901,0.29167,3,10,7mar15_1mar15_PWD_m1_sp4_25.2_rev_10,1,0,0,,1,48,,
7mar15_1mar15_PWD_m1_sp4_25.2_rev,79,4.9125,0.062513,0.27809,2,11,7mar15_1mar15_PWD_m1_sp4_25.2_rev_11,0,,,,,,,
7mar15_1mar15_PWD_m1_sp4_25.2_rev,107,3.3488,0.031342,0.27696,3,12,7mar15_1mar15_PWD_m1_sp4_25.2_rev_12,1,0,0,,2,11,55,
7mar15_1mar15_PWD_m1_sp4_25.2_rev,92,4.2191,0.045876,0.28264,2,3,7mar15_1mar15_PWD_m1_sp4_25.2_rev_3,1,1,1,,2,24,81,
7mar15_1mar15_PWD_m1_sp4_25.2_rev,85,5.6882,0.067259,0.3156,1,5,7mar15_1mar15_PWD_m1_sp4_25.2_rev_5,1,1,1,,1,80,,
7mar15_1mar15_PWD_m1_sp4_25.2_rev,47,5.7416,0.12118,0.26302,6,6,7mar15_1mar15_PWD_m1_sp4_25.2_rev_6,0,,,,,,,
7mar15_1mar15_PWD_m1_sp4_25.2_rev,74,5.3808,0.072521,0.28454,1,7,7mar15_1mar15_PWD_m1_sp4_25.2_rev_7,1,,,might have missed a foci,,,,
7mar15_1mar15_PWD_m1_sp4_25.2_rev,128,4.5243,0.035391,0.29604,2,8,7mar15_1mar15_PWD_m1_sp4_25.2_rev_8,1,1,1,,2,11,100,
7mar15_1mar15_PWD_m1_sp4_3_rev,78,3.1058,0.039925,0.32941,6,10,7mar15_1mar15_PWD_m1_sp4_3_rev_10,1,0,0,,2,18,65,
7mar15_1mar15_PWD_m1_sp4_3_rev,78,4.9769,0.064058,0.3469,3,11,7mar15_1mar15_PWD_m1_sp4_3_rev_11,1,0,0,,1,58,,
7mar15_1mar15_PWD_m1_sp4_3_rev,102,4.7387,0.046671,0.33912,1,13,7mar15_1mar15_PWD_m1_sp4_3_rev_13,1,1,1,,1,47,,
7mar15_1mar15_PWD_m1_sp4_3_rev,92,2.1538,0.023506,0.33427,9,14,7mar15_1mar15_PWD_m1_sp4_3_rev_14,0,,,,,,,
7mar15_1mar15_PWD_m1_sp4_3_rev,47,5.7149,0.12082,0.34928,5,15,7mar15_1mar15_PWD_m1_sp4_3_rev_15,1,0,0,,1,41,,
7mar15_1mar15_PWD_m1_sp4_3_rev,98,2.4242,0.024631,0.32874,16,17,7mar15_1mar15_PWD_m1_sp4_3_rev_17,1,0,0,,1,87,,
7mar15_1mar15_PWD_m1_sp4_3_rev,76,4.7309,0.062355,0.34354,1,19,7mar15_1mar15_PWD_m1_sp4_3_rev_19,1,1,1,,1,43,,
7mar15_1mar15_PWD_m1_sp4_3_rev,52,3.5626,0.068369,0.3654,3,2,7mar15_1mar15_PWD_m1_sp4_3_rev_2,0,,,,,,,
7mar15_1mar15_PWD_m1_sp4_3_rev,68,2.9622,0.043556,0.37964,1,20,7mar15_1mar15_PWD_m1_sp4_3_rev_20,1,1,1,,1,63,,
7mar15_1mar15_PWD_m1_sp4_3_rev,42,2.2951,0.054085,0.3218,1,21,7mar15_1mar15_PWD_m1_sp4_3_rev_21,0,,,,,,,
7mar15_1mar15_PWD_m1_sp4_3_rev,47,4.3352,0.092477,0.36772,1,22,7mar15_1mar15_PWD_m1_sp4_3_rev_22,0,,,,,,,
7mar15_1mar15_PWD_m1_sp4_3_rev,59,5.337,0.08983,0.38492,1,3,7mar15_1mar15_PWD_m1_sp4_3_rev_3,1,1,1,,1,49,,
7mar15_1mar15_PWD_m1_sp4_3_rev,65,2.8571,0.044016,0.38134,1,5,7mar15_1mar15_PWD_m1_sp4_3_rev_5,1,1,1,,1,54,,
7mar15_1mar15_PWD_m1_sp4_3_rev,75,4.4196,0.059196,0.33464,4,6,7mar15_1mar15_PWD_m1_sp4_3_rev_6,0,,,,,,,
7mar15_1mar15_PWD_m1_sp4_3_rev,92,3.7777,0.04124,0.33851,12,8,7mar15_1mar15_PWD_m1_sp4_3_rev_8,,,,foci very faint,,,,
7mar15_1mar15_PWD_m1_sp4_4_rev,68,3.0769,0.045173,0.70897,2,1,7mar15_1mar15_PWD_m1_sp4_4_rev_1,1,0,0,,1,25,,
7mar15_1mar15_PWD_m1_sp4_4_rev,80,5.0718,0.063768,0.61793,7,10,7mar15_1mar15_PWD_m1_sp4_4_rev_10,1,,,,,,,
7mar15_1mar15_PWD_m1_sp4_4_rev,52,1.791,0.034704,0.68446,2,11,7mar15_1mar15_PWD_m1_sp4_4_rev_11,1,0,0,faint foci,1,42,,
7mar15_1mar15_PWD_m1_sp4_4_rev,89,3.6424,0.041048,0.67557,2,12,7mar15_1mar15_PWD_m1_sp4_4_rev_12,1,0,0,,1,21,,
7mar15_1mar15_PWD_m1_sp4_4_rev,92,6.0076,0.064964,0.58214,13,13,7mar15_1mar15_PWD_m1_sp4_4_rev_13,1,,,,0,,,
7mar15_1mar15_PWD_m1_sp4_4_rev,84,3.4678,0.041231,0.62596,3,15,7mar15_1mar15_PWD_m1_sp4_4_rev_15,1,1,1,,3,1,28,76
7mar15_1mar15_PWD_m1_sp4_4_rev,92,2.5108,0.027212,0.7094,12,16,7mar15_1mar15_PWD_m1_sp4_4_rev_16,0,,,,,,,
7mar15_1mar15_PWD_m1_sp4_4_rev,54,3.607,0.066425,0.5626,6,17,7mar15_1mar15_PWD_m1_sp4_4_rev_17,1,0,0,,1,39,,
7mar15_1mar15_PWD_m1_sp4_4_rev,74,3.3333,0.044765,0.72308,4,2,7mar15_1mar15_PWD_m1_sp4_4_rev_2,1,0,0,,2,13,54,
7mar15_1mar15_PWD_m1_sp4_4_rev,86,4.8275,0.056174,0.68508,5,3,7mar15_1mar15_PWD_m1_sp4_4_rev_3,1,0,0,faint foci,2,18,61,
7mar15_1mar15_PWD_m1_sp4_4_rev,112,1.8462,0.016434,0.68862,4,4,7mar15_1mar15_PWD_m1_sp4_4_rev_4,0,,,,,,,
7mar15_1mar15_PWD_m1_sp4_4_rev,71,3.6824,0.051828,0.69461,7,5,7mar15_1mar15_PWD_m1_sp4_4_rev_5,1,0,0,,1,54,,
7mar15_1mar15_PWD_m1_sp4_4_rev,108,1.4257,0.013176,0.68079,5,6,7mar15_1mar15_PWD_m1_sp4_4_rev_6,1,0,0,,1,78,,
7mar15_1mar15_PWD_m1_sp4_4_rev,94,3.9322,0.041617,0.65213,9,7,7mar15_1mar15_PWD_m1_sp4_4_rev_7,1,0,0,,1,82,,
7mar15_1mar15_PWD_m1_sp4_4_rev,68,4.7781,0.070117,0.66085,2,8,7mar15_1mar15_PWD_m1_sp4_4_rev_8,1,1,1,,1,35,,
7mar15_1mar15_PWD_m1_sp4_4_rev,68,5.5943,0.081758,0.68414,1,9,7mar15_1mar15_PWD_m1_sp4_4_rev_9,1,1,1,,1,49,,
7mar15_1mar15_PWD_m1_sp4_5_rev,84,4.2117,0.049894,0.78982,4,1,7mar15_1mar15_PWD_m1_sp4_5_rev_1,0,,,,,,,
7mar15_1mar15_PWD_m1_sp4_5_rev,61,2.3881,0.039097,0.78608,4,2,7mar15_1mar15_PWD_m1_sp4_5_rev_2,1,0,0,,1,47,,
7mar15_1mar15_PWD_m1_sp4_5_rev,77,3.9978,0.051646,0.74273,3,3,7mar15_1mar15_PWD_m1_sp4_5_rev_3,1,0,0,,1,64,,
7mar15_1mar15_PWD_m1_sp4_5_rev,98,3.8921,0.039853,0.69431,7,6,7mar15_1mar15_PWD_m1_sp4_5_rev_6,0,,,,,,,
7mar15_1mar15_PWD_m1_sp4_5_rev,86,3.6769,0.042839,0.75066,5,7,7mar15_1mar15_PWD_m1_sp4_5_rev_7,1,0,0,,2,16,22,
7mar15_1mar15_PWD_m1_sp4_5_rev,80,1.2903,0.016122,0.67969,3,8,7mar15_1mar15_PWD_m1_sp4_5_rev_8,0,,,,,,,
7mar15_1mar15_PWD_m1_sp4_5_rev,201,3.8963,0.019416,0.68648,11,9,7mar15_1mar15_PWD_m1_sp4_5_rev_9,0,,,,,,,
7mar15_1mar15_PWD_m1_sp4_6.1_rev,80,5.1379,0.063911,0.79273,10,1,7mar15_1mar15_PWD_m1_sp4_6.1_rev_1,0,,,,,,,
7mar15_1mar15_PWD_m1_sp4_6.1_rev,64,4.9881,0.077468,0.7742,5,11,7mar15_1mar15_PWD_m1_sp4_6.1_rev_11,1,0,0,,2,21,48,
7mar15_1mar15_PWD_m1_sp4_6.1_rev,105,5.6448,0.053582,0.65257,6,12,7mar15_1mar15_PWD_m1_sp4_6.1_rev_12,1,0,0,,2,13,92,
7mar15_1mar15_PWD_m1_sp4_6.1_rev,91,3.7915,0.041515,0.69225,7,3,7mar15_1mar15_PWD_m1_sp4_6.1_rev_3,1,0,0,,2,17,86,
7mar15_1mar15_PWD_m1_sp4_6.1_rev,88,3.5736,0.040753,0.67845,7,4,7mar15_1mar15_PWD_m1_sp4_6.1_rev_4,1,0,0,,1,77,,
7mar15_1mar15_PWD_m1_sp4_6.1_rev,66,3.7273,0.056769,0.71075,4,5,7mar15_1mar15_PWD_m1_sp4_6.1_rev_5,1,0,0,,2,20,51,
7mar15_1mar15_PWD_m1_sp4_6.1_rev,67,3.9543,0.058926,0.7505,5,7,7mar15_1mar15_PWD_m1_sp4_6.1_rev_7,0,,,,,,,
7mar15_1mar15_PWD_m1_sp4_6.1_rev,109,10.2044,0.093239,0.70925,9,8,7mar15_1mar15_PWD_m1_sp4_6.1_rev_8,0,,,,,,,
7mar15_1mar15_PWD_m1_sp4_6.1_rev,123,5.1069,0.041474,0.70326,8,9,7mar15_1mar15_PWD_m1_sp4_6.1_rev_9,1,0,0,,1,45,,
7mar15_1mar15_PWD_m1_sp4_6.2_rev,100,2.4242,0.02433,0.54121,8,1,7mar15_1mar15_PWD_m1_sp4_6.2_rev_1,1,0,0,faint middle foci,2,31,92,
7mar15_1mar15_PWD_m1_sp4_6.2_rev,121,2.2857,0.01882,0.56553,1,11,7mar15_1mar15_PWD_m1_sp4_6.2_rev_11,0,,,,,,,
7mar15_1mar15_PWD_m1_sp4_6.2_rev,122,14.0713,0.11558,0.59722,6,2,7mar15_1mar15_PWD_m1_sp4_6.2_rev_2,0,,,,,,,
7mar15_1mar15_PWD_m1_sp4_6.2_rev,97,5.2308,0.053653,0.60041,6,3,7mar15_1mar15_PWD_m1_sp4_6.2_rev_3,0,,,,,,,
7mar15_1mar15_PWD_m1_sp4_6.2_rev,72,4.5168,0.063063,0.64752,4,4,7mar15_1mar15_PWD_m1_sp4_6.2_rev_4,1,0,0,,1,16,,
7mar15_1mar15_PWD_m1_sp4_6.2_rev,91,4.2222,0.046247,0.52154,6,6,7mar15_1mar15_PWD_m1_sp4_6.2_rev_6,1,0,0,,1,16,,
7mar15_1mar15_PWD_m1_sp4_6_rev,100,2.4242,0.02433,0.54121,8,1,7mar15_1mar15_PWD_m1_sp4_6_rev_1,,,,,,,,
7mar15_1mar15_PWD_m1_sp4_6_rev,121,2,0.016468,0.56553,1,11,7mar15_1mar15_PWD_m1_sp4_6_rev_11,,,,,,,,
7mar15_1mar15_PWD_m1_sp4_6_rev,122,14.0713,0.11558,0.59722,9,2,7mar15_1mar15_PWD_m1_sp4_6_rev_2,,,,,,,,
7mar15_1mar15_PWD_m1_sp4_6_rev,97,4.9231,0.050497,0.60041,9,3,7mar15_1mar15_PWD_m1_sp4_6_rev_3,,,,,,,,
7mar15_1mar15_PWD_m1_sp4_6_rev,72,4.5168,0.063063,0.64752,6,4,7mar15_1mar15_PWD_m1_sp4_6_rev_4,,,,,,,,
7mar15_1mar15_PWD_m1_sp4_6_rev,91,4.2222,0.046247,0.52154,8,6,7mar15_1mar15_PWD_m1_sp4_6_rev_6,,,,,,,,
7mar15_1mar15_PWD_m1_sp4_7_rev,92,5.0895,0.055605,0.41322,5,10,7mar15_1mar15_PWD_m1_sp4_7_rev_10,1,0,0,,1,17,,
7mar15_1mar15_PWD_m1_sp4_7_rev,125,5.0659,0.040446,0.41654,2,12,7mar15_1mar15_PWD_m1_sp4_7_rev_12,1,1,1,,2,13,101,
7mar15_1mar15_PWD_m1_sp4_7_rev,50,2.9342,0.059163,0.4537,2,13,7mar15_1mar15_PWD_m1_sp4_7_rev_13,0,,,,,,,
7mar15_1mar15_PWD_m1_sp4_7_rev,94,3.2836,0.035011,0.4645,3,14,7mar15_1mar15_PWD_m1_sp4_7_rev_14,1,0,0,,2,39,81,
7mar15_1mar15_PWD_m1_sp4_7_rev,84,4.3058,0.050996,0.41375,2,15,7mar15_1mar15_PWD_m1_sp4_7_rev_15,1,1,1,,2,20,78,
7mar15_1mar15_PWD_m1_sp4_7_rev,61,7.5591,0.12332,0.40997,1,16,7mar15_1mar15_PWD_m1_sp4_7_rev_16,1,1,1,,1,34,,
7mar15_1mar15_PWD_m1_sp4_7_rev,134,2.9314,0.021806,0.43447,12,17,7mar15_1mar15_PWD_m1_sp4_7_rev_17,0,,,,,,,
7mar15_1mar15_PWD_m1_sp4_7_rev,53,2.6471,0.050269,0.37358,4,19,7mar15_1mar15_PWD_m1_sp4_7_rev_19,1,0,0,,1,38,,
7mar15_1mar15_PWD_m1_sp4_7_rev,167,6.2544,0.037435,0.40919,9,23,7mar15_1mar15_PWD_m1_sp4_7_rev_23,0,,,,,,,
7mar15_1mar15_PWD_m1_sp4_7_rev,65,3.6755,0.05688,0.40854,1,24,7mar15_1mar15_PWD_m1_sp4_7_rev_24,1,1,1,,1,58,,
7mar15_1mar15_PWD_m1_sp4_7_rev,113,4.3707,0.038789,0.42731,2,25,7mar15_1mar15_PWD_m1_sp4_7_rev_25,0,,,,,,,
7mar15_1mar15_PWD_m1_sp4_7_rev,125,4.5308,0.036377,0.40941,2,26,7mar15_1mar15_PWD_m1_sp4_7_rev_26,1,0,0,,1,15,,
7mar15_1mar15_PWD_m1_sp4_7_rev,87,4.8155,0.055183,0.42887,1,28,7mar15_1mar15_PWD_m1_sp4_7_rev_28,1,1,1,,1,15,,
7mar15_1mar15_PWD_m1_sp4_7_rev,206,4.1791,0.020289,0.4525,8,3,7mar15_1mar15_PWD_m1_sp4_7_rev_3,0,,,,,,,
7mar15_1mar15_PWD_m1_sp4_8.1_rev,41,6.9675,0.17179,0.49164,3,1,7mar15_1mar15_PWD_m1_sp4_8.1_rev_1,0,,,,,,,
7mar15_1mar15_PWD_m1_sp4_8.1_rev,83,6.1789,0.07419,0.39658,1,10,7mar15_1mar15_PWD_m1_sp4_8.1_rev_10,1,1,1,,1,21,,
7mar15_1mar15_PWD_m1_sp4_8.1_rev,77,7.4194,0.096545,0.41062,1,11,7mar15_1mar15_PWD_m1_sp4_8.1_rev_11,0,,,,,,,
7mar15_1mar15_PWD_m1_sp4_8.1_rev,89,3.0389,0.034191,0.36033,1,16,7mar15_1mar15_PWD_m1_sp4_8.1_rev_16,1,1,1,,1,61,,
7mar15_1mar15_PWD_m1_sp4_8.1_rev,99,6.3279,0.06416,0.41928,2,2,7mar15_1mar15_PWD_m1_sp4_8.1_rev_2,1,1,1,,2,46,85,
7mar15_1mar15_PWD_m1_sp4_8.1_rev,113,6.2708,0.055645,0.41681,2,3,7mar15_1mar15_PWD_m1_sp4_8.1_rev_3,1,1,1,faint foci,2,23,107,
7mar15_1mar15_PWD_m1_sp4_8.1_rev,131,4.8567,0.037198,0.49877,12,5,7mar15_1mar15_PWD_m1_sp4_8.1_rev_5,0,,,,,,,
7mar15_1mar15_PWD_m1_sp4_8.1_rev,175,5.2652,0.030116,0.44147,5,6,7mar15_1mar15_PWD_m1_sp4_8.1_rev_6,0,,,,,,,
7mar15_1mar15_PWD_m1_sp4_8.1_rev,78,5.1754,0.066105,0.41611,2,8,7mar15_1mar15_PWD_m1_sp4_8.1_rev_8,1,1,1,,2,10,66,
7mar15_1mar15_PWD_m1_sp4_8.1_rev,72,1.5385,0.021463,0.36545,10,9,7mar15_1mar15_PWD_m1_sp4_8.1_rev_9,0,,,,,,,
7mar15_1mar15_PWD_m1_sp4_8.2_rev,77,5.2369,0.067911,0.3659,1,1,7mar15_1mar15_PWD_m1_sp4_8.2_rev_1,0,,,,,,,
7mar15_1mar15_PWD_m1_sp4_8.2_rev,27,3.8689,0.14298,0.34524,4,10,7mar15_1mar15_PWD_m1_sp4_8.2_rev_10,0,,,,,,,
7mar15_1mar15_PWD_m1_sp4_8.2_rev,78,6.3507,0.081176,0.30532,3,12,7mar15_1mar15_PWD_m1_sp4_8.2_rev_12,0,,,,,,,
7mar15_1mar15_PWD_m1_sp4_8.2_rev,55,4.2432,0.077457,0.28875,1,15,7mar15_1mar15_PWD_m1_sp4_8.2_rev_15,0,,,,,,,
7mar15_1mar15_PWD_m1_sp4_8.2_rev,35,2.029,0.058595,0.31068,1,18,7mar15_1mar15_PWD_m1_sp4_8.2_rev_18,0,,,,,,,
7mar15_1mar15_PWD_m1_sp4_8.2_rev,43,5.112,0.11804,0.3044,1,20,7mar15_1mar15_PWD_m1_sp4_8.2_rev_20,0,,,,,,,
7mar15_1mar15_PWD_m1_sp4_8.2_rev,42,7.8517,0.18779,0.27356,3,23,7mar15_1mar15_PWD_m1_sp4_8.2_rev_23,0,,,,,,,
7mar15_1mar15_PWD_m1_sp4_8.2_rev,48,2.7692,0.057243,0.27116,1,26,7mar15_1mar15_PWD_m1_sp4_8.2_rev_26,1,1,1,,1,24,,
7mar15_1mar15_PWD_m1_sp4_8.2_rev,66,3.2513,0.049174,0.29886,1,27,7mar15_1mar15_PWD_m1_sp4_8.2_rev_27,1,1,1,,1,59,,
7mar15_1mar15_PWD_m1_sp4_8.2_rev,59,3.8803,0.06613,0.32552,7,5,7mar15_1mar15_PWD_m1_sp4_8.2_rev_5,0,,,,,,,
7mar15_1mar15_PWD_m1_sp4_8.2_rev,103,17.9378,0.175,0.34055,2,6,7mar15_1mar15_PWD_m1_sp4_8.2_rev_6,0,,,,,,,
7mar15_1mar15_PWD_m1_sp4_8.2_rev,58,8.6509,0.14803,0.33134,2,7,7mar15_1mar15_PWD_m1_sp4_8.2_rev_7,0,,,,,,,
7mar15_1mar15_PWD_m1_sp4_8.2_rev,44,3.8868,0.087715,0.35814,1,9,7mar15_1mar15_PWD_m1_sp4_8.2_rev_9,1,1,1,,1,19,,
7mar15_1mar15_PWD_m1_sp4_9_rev,105,5.7754,0.055168,0.34596,1,1,7mar15_1mar15_PWD_m1_sp4_9_rev_1,1,1,1,,1,26,,
7mar15_1mar15_PWD_m1_sp4_9_rev,157,4.7781,0.030508,0.37675,16,10,7mar15_1mar15_PWD_m1_sp4_9_rev_10,0,,,,,,,
7mar15_1mar15_PWD_m1_sp4_9_rev,122,5.9769,0.048925,0.3857,3,11,7mar15_1mar15_PWD_m1_sp4_9_rev_11,0,,,,,,,
7mar15_1mar15_PWD_m1_sp4_9_rev,144,5.6958,0.039635,0.39544,9,12,7mar15_1mar15_PWD_m1_sp4_9_rev_12,0,,,,,,,
7mar15_1mar15_PWD_m1_sp4_9_rev,68,2.7692,0.040563,0.44287,2,13,7mar15_1mar15_PWD_m1_sp4_9_rev_13,1,0,0,,1,60,,
7mar15_1mar15_PWD_m1_sp4_9_rev,96,8.4928,0.088054,0.40847,2,14,7mar15_1mar15_PWD_m1_sp4_9_rev_14,1,1,1,,2,26,94,
7mar15_1mar15_PWD_m1_sp4_9_rev,70,3.4919,0.04954,0.36488,1,4,7mar15_1mar15_PWD_m1_sp4_9_rev_4,1,1,1,,1,64,,
7mar15_1mar15_PWD_m1_sp4_9_rev,122,6.8314,0.055819,0.35183,2,7,7mar15_1mar15_PWD_m1_sp4_9_rev_7,0,,,,,,,
7mar15_1mar15_PWD_m1_sp4_9_rev,28,3.1804,0.11281,0.4114,4,8,7mar15_1mar15_PWD_m1_sp4_9_rev_8,0,,,,,,,
7mar15_1mar15_PWD_m1_sp4_9_rev,163,3.479,0.0214,0.33848,2,9,7mar15_1mar15_PWD_m1_sp4_9_rev_9,1,1,1,,2,77,150,
