fileName,chromosomeLength,centromere_ABS_Position,centromere_PER_Position,avergeRED,numberCrossOvers,boxNumber,Obj.ID,SC.pass,foci.pass,curated(1pass.0fail),curation.notes,hand.foci.count,Foci1,Foci2,Foci3,foci_ABS_Position_1,foci_PER_Position_1,mouse,strain,sex,category,Obj.ID
7feb18_11jan18_KAZ_m4_sp1_10_rev,55,8.835,0.15956,0.48065,1,1,7feb18_11jan18_KAZ_m4_sp1_10_rev_1,1,1,1,,1,22,,,22,0.39837,11jan18_KAZ_m4,KAZ,male,KAZ male,7feb18_11jan18_KAZ_m4_sp1_10_rev_1
7feb18_11jan18_KAZ_m4_sp1_10_rev,120,5.0452,0.041873,0.42673,9,10,7feb18_11jan18_KAZ_m4_sp1_10_rev_10,1,0,0,,1,65,,,4,0.033932,11jan18_KAZ_m4,KAZ,male,KAZ male,7feb18_11jan18_KAZ_m4_sp1_10_rev_10
7feb18_11jan18_KAZ_m4_sp1_10_rev,115,3.4783,0.030247,0.46473,14,11,7feb18_11jan18_KAZ_m4_sp1_10_rev_11,1,0,,foci are faint,,,,,1,0.0050412,11jan18_KAZ_m4,KAZ,male,KAZ male,7feb18_11jan18_KAZ_m4_sp1_10_rev_11
7feb18_11jan18_KAZ_m4_sp1_10_rev,158,18.4984,0.11685,0.47554,15,12,7feb18_11jan18_KAZ_m4_sp1_10_rev_12,0,,,,,,,,4,0.025702,11jan18_KAZ_m4,KAZ,male,KAZ male,7feb18_11jan18_KAZ_m4_sp1_10_rev_12
7feb18_11jan18_KAZ_m4_sp1_10_rev,88,4.7276,0.053631,0.45795,1,13,7feb18_11jan18_KAZ_m4_sp1_10_rev_13,1,1,1,,1,80,,,80,0.90625,11jan18_KAZ_m4,KAZ,male,KAZ male,7feb18_11jan18_KAZ_m4_sp1_10_rev_13
7feb18_11jan18_KAZ_m4_sp1_10_rev,102,8.3183,0.081671,0.44436,1,14,7feb18_11jan18_KAZ_m4_sp1_10_rev_14,0,,,,,,,,55,0.53662,11jan18_KAZ_m4,KAZ,male,KAZ male,7feb18_11jan18_KAZ_m4_sp1_10_rev_14
7feb18_11jan18_KAZ_m4_sp1_10_rev,76,7.2865,0.09612,0.4678,2,15,7feb18_11jan18_KAZ_m4_sp1_10_rev_15,1,0,0,,1,46,,,6,0.076988,11jan18_KAZ_m4,KAZ,male,KAZ male,7feb18_11jan18_KAZ_m4_sp1_10_rev_15
7feb18_11jan18_KAZ_m4_sp1_10_rev,71,4.6906,0.066308,0.44796,3,16,7feb18_11jan18_KAZ_m4_sp1_10_rev_16,1,0,0,,2,20,48,,6,0.088993,11jan18_KAZ_m4,KAZ,male,KAZ male,7feb18_11jan18_KAZ_m4_sp1_10_rev_16
7feb18_11jan18_KAZ_m4_sp1_10_rev,81,4.3393,0.053482,0.48313,2,2,7feb18_11jan18_KAZ_m4_sp1_10_rev_2,1,0,0,,1,59,,,59,0.72794,11jan18_KAZ_m4,KAZ,male,KAZ male,7feb18_11jan18_KAZ_m4_sp1_10_rev_2
7feb18_11jan18_KAZ_m4_sp1_10_rev,82,4.6096,0.055986,0.47829,8,3,7feb18_11jan18_KAZ_m4_sp1_10_rev_3,0,,,,,,,,5,0.059047,11jan18_KAZ_m4,KAZ,male,KAZ male,7feb18_11jan18_KAZ_m4_sp1_10_rev_3
7feb18_11jan18_KAZ_m4_sp1_10_rev,81,3.7668,0.046654,0.48405,1,4,7feb18_11jan18_KAZ_m4_sp1_10_rev_4,1,1,1,,1,71,,,71,0.87591,11jan18_KAZ_m4,KAZ,male,KAZ male,7feb18_11jan18_KAZ_m4_sp1_10_rev_4
7feb18_11jan18_KAZ_m4_sp1_10_rev,93,6.4501,0.06932,0.4799,7,5,7feb18_11jan18_KAZ_m4_sp1_10_rev_5,0,,,,,,,,5,0.057457,11jan18_KAZ_m4,KAZ,male,KAZ male,7feb18_11jan18_KAZ_m4_sp1_10_rev_5
7feb18_11jan18_KAZ_m4_sp1_10_rev,119,6.9314,0.058188,0.44971,8,8,7feb18_11jan18_KAZ_m4_sp1_10_rev_8,1,0,0,,1,35,,,2,0.020664,11jan18_KAZ_m4,KAZ,male,KAZ male,7feb18_11jan18_KAZ_m4_sp1_10_rev_8
7feb18_11jan18_KAZ_m4_sp1_10_rev,72,5.3162,0.074046,0.47593,1,9,7feb18_11jan18_KAZ_m4_sp1_10_rev_9,1,1,1,,1,62,,,62,0.86432,11jan18_KAZ_m4,KAZ,male,KAZ male,7feb18_11jan18_KAZ_m4_sp1_10_rev_9
7feb18_11jan18_KAZ_m4_sp1_11_rev,72,11.3016,0.15722,0.80775,4,10,7feb18_11jan18_KAZ_m4_sp1_11_rev_10,1,0,0,"channels slightly offset, this might affect the centromere estimates",1,60,,,7,0.092935,11jan18_KAZ_m4,KAZ,male,KAZ male,7feb18_11jan18_KAZ_m4_sp1_11_rev_10
7feb18_11jan18_KAZ_m4_sp1_11_rev,103,15.7015,0.15311,0.71167,8,12,7feb18_11jan18_KAZ_m4_sp1_11_rev_12,1,,,,,,,,3,0.028129,11jan18_KAZ_m4,KAZ,male,KAZ male,7feb18_11jan18_KAZ_m4_sp1_11_rev_12
7feb18_11jan18_KAZ_m4_sp1_11_rev,83,0.27397,0.0033107,0.66286,1,16,7feb18_11jan18_KAZ_m4_sp1_11_rev_16,1,1,1,,1,79,,,79,0.95453,11jan18_KAZ_m4,KAZ,male,KAZ male,7feb18_11jan18_KAZ_m4_sp1_11_rev_16
7feb18_11jan18_KAZ_m4_sp1_11_rev,68,11.8359,0.17502,0.6648,5,18,7feb18_11jan18_KAZ_m4_sp1_11_rev_18,1,0,0,,1,35,,,2,0.031367,11jan18_KAZ_m4,KAZ,male,KAZ male,7feb18_11jan18_KAZ_m4_sp1_11_rev_18
7feb18_11jan18_KAZ_m4_sp1_11_rev,62,10.2212,0.16402,0.80953,3,2,7feb18_11jan18_KAZ_m4_sp1_11_rev_2,0,,,,,,,,7,0.11668,11jan18_KAZ_m4,KAZ,male,KAZ male,7feb18_11jan18_KAZ_m4_sp1_11_rev_2
7feb18_11jan18_KAZ_m4_sp1_11_rev,79,5.8901,0.074576,0.81532,3,3,7feb18_11jan18_KAZ_m4_sp1_11_rev_3,1,,,,,,,,1,0.015827,11jan18_KAZ_m4,KAZ,male,KAZ male,7feb18_11jan18_KAZ_m4_sp1_11_rev_3
7feb18_11jan18_KAZ_m4_sp1_11_rev,86,14.0112,0.16208,0.82076,1,4,7feb18_11jan18_KAZ_m4_sp1_11_rev_4,1,1,1,,1,27,,,27,0.31477,11jan18_KAZ_m4,KAZ,male,KAZ male,7feb18_11jan18_KAZ_m4_sp1_11_rev_4
7feb18_11jan18_KAZ_m4_sp1_11_rev,102,9.8654,0.097132,0.80493,2,7,7feb18_11jan18_KAZ_m4_sp1_11_rev_7,1,0,0,,1,92,,,4,0.039383,11jan18_KAZ_m4,KAZ,male,KAZ male,7feb18_11jan18_KAZ_m4_sp1_11_rev_7
7feb18_11jan18_KAZ_m4_sp1_12_rev,70,2.8125,0.040379,0.48509,4,1,7feb18_11jan18_KAZ_m4_sp1_12_rev_1,1,,,poor green signal,,,,,8,0.11638,11jan18_KAZ_m4,KAZ,male,KAZ male,7feb18_11jan18_KAZ_m4_sp1_12_rev_1
7feb18_11jan18_KAZ_m4_sp1_12_rev,47,2.6087,0.056096,0.46403,4,10,7feb18_11jan18_KAZ_m4_sp1_12_rev_10,1,,,,,,,,3,0.056096,11jan18_KAZ_m4,KAZ,male,KAZ male,7feb18_11jan18_KAZ_m4_sp1_12_rev_10
7feb18_11jan18_KAZ_m4_sp1_12_rev,101,4.6886,0.046322,0.44365,11,13,7feb18_11jan18_KAZ_m4_sp1_12_rev_13,1,,,,,,,,5,0.048814,11jan18_KAZ_m4,KAZ,male,KAZ male,7feb18_11jan18_KAZ_m4_sp1_12_rev_13
7feb18_11jan18_KAZ_m4_sp1_12_rev,68,3.42,0.050647,0.43306,8,14,7feb18_11jan18_KAZ_m4_sp1_12_rev_14,1,,,,,,,,8,0.11431,11jan18_KAZ_m4,KAZ,male,KAZ male,7feb18_11jan18_KAZ_m4_sp1_12_rev_14
7feb18_11jan18_KAZ_m4_sp1_12_rev,98,5.8704,0.060178,0.42459,10,16,7feb18_11jan18_KAZ_m4_sp1_12_rev_16,1,,,,,,,,4,0.04481,11jan18_KAZ_m4,KAZ,male,KAZ male,7feb18_11jan18_KAZ_m4_sp1_12_rev_16
7feb18_11jan18_KAZ_m4_sp1_12_rev,90,2.5397,0.028068,0.42584,8,17,7feb18_11jan18_KAZ_m4_sp1_12_rev_17,1,,,,1,71,,,10,0.11075,11jan18_KAZ_m4,KAZ,male,KAZ male,7feb18_11jan18_KAZ_m4_sp1_12_rev_17
7feb18_11jan18_KAZ_m4_sp1_12_rev,117,6.1519,0.052464,0.47771,12,2,7feb18_11jan18_KAZ_m4_sp1_12_rev_2,1,,,,,,,,6,0.050324,11jan18_KAZ_m4,KAZ,male,KAZ male,7feb18_11jan18_KAZ_m4_sp1_12_rev_2
7feb18_11jan18_KAZ_m4_sp1_12_rev,72,14.135,0.19506,0.47876,5,3,7feb18_11jan18_KAZ_m4_sp1_12_rev_3,0,,,,,,,,6,0.082836,11jan18_KAZ_m4,KAZ,male,KAZ male,7feb18_11jan18_KAZ_m4_sp1_12_rev_3
7feb18_11jan18_KAZ_m4_sp1_12_rev,103,4.8346,0.047005,0.46615,7,4,7feb18_11jan18_KAZ_m4_sp1_12_rev_4,0,,,,,,,,9,0.084859,11jan18_KAZ_m4,KAZ,male,KAZ male,7feb18_11jan18_KAZ_m4_sp1_12_rev_4
7feb18_11jan18_KAZ_m4_sp1_12_rev,90,4.6825,0.052279,0.47874,10,5,7feb18_11jan18_KAZ_m4_sp1_12_rev_5,1,,,,,,,,4,0.046707,11jan18_KAZ_m4,KAZ,male,KAZ male,7feb18_11jan18_KAZ_m4_sp1_12_rev_5
7feb18_11jan18_KAZ_m4_sp1_12_rev,95,2.8169,0.029647,0.4714,10,6,7feb18_11jan18_KAZ_m4_sp1_12_rev_6,1,,,,,,,,14,0.14557,11jan18_KAZ_m4,KAZ,male,KAZ male,7feb18_11jan18_KAZ_m4_sp1_12_rev_6
7feb18_11jan18_KAZ_m4_sp1_12_rev,98,4.794,0.048938,0.46202,9,7,7feb18_11jan18_KAZ_m4_sp1_12_rev_7,1,,,,,,,,3,0.03509,11jan18_KAZ_m4,KAZ,male,KAZ male,7feb18_11jan18_KAZ_m4_sp1_12_rev_7
7feb18_11jan18_KAZ_m4_sp1_12_rev,81,4.1362,0.051072,0.46721,9,8,7feb18_11jan18_KAZ_m4_sp1_12_rev_8,1,,,,,,,,6,0.075238,11jan18_KAZ_m4,KAZ,male,KAZ male,7feb18_11jan18_KAZ_m4_sp1_12_rev_8
7feb18_11jan18_KAZ_m4_sp1_13_rev,44,4.7734,0.10887,0.57436,1,1,7feb18_11jan18_KAZ_m4_sp1_13_rev_1,1,1,1,,1,27,,,27,0.62148,11jan18_KAZ_m4,KAZ,male,KAZ male,7feb18_11jan18_KAZ_m4_sp1_13_rev_1
7feb18_11jan18_KAZ_m4_sp1_13_rev,70,5.622,0.080035,0.50389,4,10,7feb18_11jan18_KAZ_m4_sp1_13_rev_10,1,0,0,maybe a foci near centromere,1,65,,,3,0.04539,11jan18_KAZ_m4,KAZ,male,KAZ male,7feb18_11jan18_KAZ_m4_sp1_13_rev_10
7feb18_11jan18_KAZ_m4_sp1_13_rev,59,6.5504,0.11143,0.48703,5,11,7feb18_11jan18_KAZ_m4_sp1_13_rev_11,1,0,0,faint foci signal,,,,,2,0.040625,11jan18_KAZ_m4,KAZ,male,KAZ male,7feb18_11jan18_KAZ_m4_sp1_13_rev_11
7feb18_11jan18_KAZ_m4_sp1_13_rev,68,5.0793,0.074543,0.48639,2,15,7feb18_11jan18_KAZ_m4_sp1_13_rev_15,1,0,0,,1,61,,,61,0.89197,11jan18_KAZ_m4,KAZ,male,KAZ male,7feb18_11jan18_KAZ_m4_sp1_13_rev_15
7feb18_11jan18_KAZ_m4_sp1_13_rev,82,3.3333,0.040599,0.57575,8,2,7feb18_11jan18_KAZ_m4_sp1_13_rev_2,1,,,faint foci signal,,,,,3,0.033217,11jan18_KAZ_m4,KAZ,male,KAZ male,7feb18_11jan18_KAZ_m4_sp1_13_rev_2
7feb18_11jan18_KAZ_m4_sp1_13_rev,60,5.2003,0.086846,0.57294,3,3,7feb18_11jan18_KAZ_m4_sp1_13_rev_3,1,0,0,,2,37,57,,7,0.11126,11jan18_KAZ_m4,KAZ,male,KAZ male,7feb18_11jan18_KAZ_m4_sp1_13_rev_3
7feb18_11jan18_KAZ_m4_sp1_13_rev,98,5.2965,0.053805,0.56425,9,4,7feb18_11jan18_KAZ_m4_sp1_13_rev_4,1,0,0,,1,79,,,6,0.057409,11jan18_KAZ_m4,KAZ,male,KAZ male,7feb18_11jan18_KAZ_m4_sp1_13_rev_4
7feb18_11jan18_KAZ_m4_sp1_13_rev,97,5.2431,0.054261,0.56374,5,5,7feb18_11jan18_KAZ_m4_sp1_13_rev_5,0,0,0,,,,,,36,0.37711,11jan18_KAZ_m4,KAZ,male,KAZ male,7feb18_11jan18_KAZ_m4_sp1_13_rev_5
7feb18_11jan18_KAZ_m4_sp1_13_rev,109,4.8676,0.044583,0.55488,9,6,7feb18_11jan18_KAZ_m4_sp1_13_rev_6,0,,,,,,,,7,0.061101,11jan18_KAZ_m4,KAZ,male,KAZ male,7feb18_11jan18_KAZ_m4_sp1_13_rev_6
7feb18_11jan18_KAZ_m4_sp1_13_rev,112,4.5475,0.040624,0.53325,4,7,7feb18_11jan18_KAZ_m4_sp1_13_rev_7,0,,,,,,,,3,0.026667,11jan18_KAZ_m4,KAZ,male,KAZ male,7feb18_11jan18_KAZ_m4_sp1_13_rev_7
7feb18_11jan18_KAZ_m4_sp1_13_rev,72,3.7408,0.052149,0.52444,2,8,7feb18_11jan18_KAZ_m4_sp1_13_rev_8,1,0,0,,1,67,,,4,0.060535,11jan18_KAZ_m4,KAZ,male,KAZ male,7feb18_11jan18_KAZ_m4_sp1_13_rev_8
7feb18_11jan18_KAZ_m4_sp1_14_rev,91,5.193,0.057271,0.62875,6,1,7feb18_11jan18_KAZ_m4_sp1_14_rev_1,1,0,0,,1,86,,,2,0.017506,11jan18_KAZ_m4,KAZ,male,KAZ male,7feb18_11jan18_KAZ_m4_sp1_14_rev_1
7feb18_11jan18_KAZ_m4_sp1_14_rev,88,5.6503,0.064458,0.60031,5,10,7feb18_11jan18_KAZ_m4_sp1_14_rev_10,1,0,0,,1,82,,,4,0.043292,11jan18_KAZ_m4,KAZ,male,KAZ male,7feb18_11jan18_KAZ_m4_sp1_14_rev_10
7feb18_11jan18_KAZ_m4_sp1_14_rev,83,5.4341,0.065258,0.56864,8,13,7feb18_11jan18_KAZ_m4_sp1_14_rev_13,1,,,foci not clear,,,,,3,0.034865,11jan18_KAZ_m4,KAZ,male,KAZ male,7feb18_11jan18_KAZ_m4_sp1_14_rev_13
7feb18_11jan18_KAZ_m4_sp1_14_rev,55,4.1333,0.075295,0.55155,6,15,7feb18_11jan18_KAZ_m4_sp1_14_rev_15,1,0,0,,1,15,,,5,0.092562,11jan18_KAZ_m4,KAZ,male,KAZ male,7feb18_11jan18_KAZ_m4_sp1_14_rev_15
7feb18_11jan18_KAZ_m4_sp1_14_rev,98,5.0048,0.051317,0.6335,8,3,7feb18_11jan18_KAZ_m4_sp1_14_rev_3,1,0,0,,1,51,,,9,0.090555,11jan18_KAZ_m4,KAZ,male,KAZ male,7feb18_11jan18_KAZ_m4_sp1_14_rev_3
7feb18_11jan18_KAZ_m4_sp1_14_rev,109,4.1176,0.037655,0.61538,10,4,7feb18_11jan18_KAZ_m4_sp1_14_rev_4,1,0,0,,1,49,,,2,0.021517,11jan18_KAZ_m4,KAZ,male,KAZ male,7feb18_11jan18_KAZ_m4_sp1_14_rev_4
7feb18_11jan18_KAZ_m4_sp1_14_rev,67,7.5825,0.11367,0.62333,7,5,7feb18_11jan18_KAZ_m4_sp1_14_rev_5,,,,kinda strange bend in the SC near the centromere,,,,,2,0.023796,11jan18_KAZ_m4,KAZ,male,KAZ male,7feb18_11jan18_KAZ_m4_sp1_14_rev_5
7feb18_11jan18_KAZ_m4_sp1_14_rev,101,5.7599,0.056885,0.58533,10,6,7feb18_11jan18_KAZ_m4_sp1_14_rev_6,1,0,0,,1,98,,,8,0.079558,11jan18_KAZ_m4,KAZ,male,KAZ male,7feb18_11jan18_KAZ_m4_sp1_14_rev_6
7feb18_11jan18_KAZ_m4_sp1_14_rev,65,2.6866,0.041242,0.59613,5,8,7feb18_11jan18_KAZ_m4_sp1_14_rev_8,1,0,0,,1,42,,,3,0.041242,11jan18_KAZ_m4,KAZ,male,KAZ male,7feb18_11jan18_KAZ_m4_sp1_14_rev_8
7feb18_11jan18_KAZ_m4_sp1_15_rev,69,6.9918,0.10133,0.52504,4,1,7feb18_11jan18_KAZ_m4_sp1_15_rev_1,1,,,foci signal not very distinct,,,,,4,0.054069,11jan18_KAZ_m4,KAZ,male,KAZ male,7feb18_11jan18_KAZ_m4_sp1_15_rev_1
7feb18_11jan18_KAZ_m4_sp1_15_rev,61,3.2836,0.053699,0.49888,7,10,7feb18_11jan18_KAZ_m4_sp1_15_rev_10,1,,,,,,,,7,0.11244,11jan18_KAZ_m4,KAZ,male,KAZ male,7feb18_11jan18_KAZ_m4_sp1_15_rev_10
7feb18_11jan18_KAZ_m4_sp1_15_rev,125,20.1309,0.16121,0.53183,14,12,7feb18_11jan18_KAZ_m4_sp1_15_rev_12,0,,,,,,,,13,0.10628,11jan18_KAZ_m4,KAZ,male,KAZ male,7feb18_11jan18_KAZ_m4_sp1_15_rev_12
7feb18_11jan18_KAZ_m4_sp1_15_rev,52,4.6429,0.089041,0.49882,5,13,7feb18_11jan18_KAZ_m4_sp1_15_rev_13,1,,,,,,,,3,0.062972,11jan18_KAZ_m4,KAZ,male,KAZ male,7feb18_11jan18_KAZ_m4_sp1_15_rev_13
7feb18_11jan18_KAZ_m4_sp1_15_rev,98,3.0769,0.031375,0.46125,4,14,7feb18_11jan18_KAZ_m4_sp1_15_rev_14,1,,,,,,,,2,0.018825,11jan18_KAZ_m4,KAZ,male,KAZ male,7feb18_11jan18_KAZ_m4_sp1_15_rev_14
7feb18_11jan18_KAZ_m4_sp1_15_rev,90,2.6053,0.028802,0.5019,7,15,7feb18_11jan18_KAZ_m4_sp1_15_rev_15,1,,,,,,,,3,0.028802,11jan18_KAZ_m4,KAZ,male,KAZ male,7feb18_11jan18_KAZ_m4_sp1_15_rev_15
7feb18_11jan18_KAZ_m4_sp1_15_rev,102,3.3838,0.033217,0.4836,7,16,7feb18_11jan18_KAZ_m4_sp1_15_rev_16,1,,,,,,,,1,0.011721,11jan18_KAZ_m4,KAZ,male,KAZ male,7feb18_11jan18_KAZ_m4_sp1_15_rev_16
7feb18_11jan18_KAZ_m4_sp1_15_rev,67,3.244,0.048282,0.52831,3,2,7feb18_11jan18_KAZ_m4_sp1_15_rev_2,1,,,,,,,,17,0.25207,11jan18_KAZ_m4,KAZ,male,KAZ male,7feb18_11jan18_KAZ_m4_sp1_15_rev_2
7feb18_11jan18_KAZ_m4_sp1_15_rev,116,5.8288,0.050366,0.53012,12,3,7feb18_11jan18_KAZ_m4_sp1_15_rev_3,0,,,,,,,,5,0.043885,11jan18_KAZ_m4,KAZ,male,KAZ male,7feb18_11jan18_KAZ_m4_sp1_15_rev_3
7feb18_11jan18_KAZ_m4_sp1_15_rev,66,3.8806,0.058849,0.53551,3,4,7feb18_11jan18_KAZ_m4_sp1_15_rev_4,1,,,,,,,,6,0.084703,11jan18_KAZ_m4,KAZ,male,KAZ male,7feb18_11jan18_KAZ_m4_sp1_15_rev_4
7feb18_11jan18_KAZ_m4_sp1_15_rev,77,5.7206,0.074032,0.51455,11,5,7feb18_11jan18_KAZ_m4_sp1_15_rev_5,0,,,,,,,,1,0.014182,11jan18_KAZ_m4,KAZ,male,KAZ male,7feb18_11jan18_KAZ_m4_sp1_15_rev_5
7feb18_11jan18_KAZ_m4_sp1_15_rev,67,5.0832,0.076234,0.50893,4,7,7feb18_11jan18_KAZ_m4_sp1_15_rev_7,1,,,,,,,,8,0.12398,11jan18_KAZ_m4,KAZ,male,KAZ male,7feb18_11jan18_KAZ_m4_sp1_15_rev_7
7feb18_11jan18_KAZ_m4_sp1_15_rev,72,3.439,0.047468,0.49624,6,8,7feb18_11jan18_KAZ_m4_sp1_15_rev_8,1,,,,,,,,2,0.024005,11jan18_KAZ_m4,KAZ,male,KAZ male,7feb18_11jan18_KAZ_m4_sp1_15_rev_8
7feb18_11jan18_KAZ_m4_sp1_16.1_rev,103,4.6858,0.045608,0.76372,3,10,7feb18_11jan18_KAZ_m4_sp1_16.1_rev_10,1,0,0,,1,82,,,25,0.24502,11jan18_KAZ_m4,KAZ,male,KAZ male,7feb18_11jan18_KAZ_m4_sp1_16.1_rev_10
7feb18_11jan18_KAZ_m4_sp1_16.1_rev,76,5.1466,0.06813,0.79768,8,11,7feb18_11jan18_KAZ_m4_sp1_16.1_rev_11,1,0,0,,2,33,57,,7,0.098179,11jan18_KAZ_m4,KAZ,male,KAZ male,7feb18_11jan18_KAZ_m4_sp1_16.1_rev_11
7feb18_11jan18_KAZ_m4_sp1_16.1_rev,95,4.3432,0.045894,0.71668,11,13,7feb18_11jan18_KAZ_m4_sp1_16.1_rev_13,1,0,0,,1,54,,,3,0.035762,11jan18_KAZ_m4,KAZ,male,KAZ male,7feb18_11jan18_KAZ_m4_sp1_16.1_rev_13
7feb18_11jan18_KAZ_m4_sp1_16.1_rev,99,3.5841,0.03611,0.68556,6,14,7feb18_11jan18_KAZ_m4_sp1_16.1_rev_14,1,0,0,,1,65,,,7,0.06625,11jan18_KAZ_m4,KAZ,male,KAZ male,7feb18_11jan18_KAZ_m4_sp1_16.1_rev_14
7feb18_11jan18_KAZ_m4_sp1_16.1_rev,69,6.1038,0.088184,0.71551,5,15,7feb18_11jan18_KAZ_m4_sp1_16.1_rev_15,1,0,0,,1,62,,,7,0.10051,11jan18_KAZ_m4,KAZ,male,KAZ male,7feb18_11jan18_KAZ_m4_sp1_16.1_rev_15
7feb18_11jan18_KAZ_m4_sp1_16.1_rev,63,3.3846,0.053954,0.70532,6,16,7feb18_11jan18_KAZ_m4_sp1_16.1_rev_16,1,0,0,,1,38,,,9,0.14104,11jan18_KAZ_m4,KAZ,male,KAZ male,7feb18_11jan18_KAZ_m4_sp1_16.1_rev_16
7feb18_11jan18_KAZ_m4_sp1_16.1_rev,89,2.8986,0.032729,0.65248,4,18,7feb18_11jan18_KAZ_m4_sp1_16.1_rev_18,1,0,0,,1,42,,,3,0.029456,11jan18_KAZ_m4,KAZ,male,KAZ male,7feb18_11jan18_KAZ_m4_sp1_16.1_rev_18
7feb18_11jan18_KAZ_m4_sp1_16.1_rev,83,2.5,0.029943,0.76414,3,3,7feb18_11jan18_KAZ_m4_sp1_16.1_rev_3,1,0,0,,1,22,,,4,0.048658,11jan18_KAZ_m4,KAZ,male,KAZ male,7feb18_11jan18_KAZ_m4_sp1_16.1_rev_3
7feb18_11jan18_KAZ_m4_sp1_16.1_rev,49,7.0625,0.14416,0.81304,3,4,7feb18_11jan18_KAZ_m4_sp1_16.1_rev_4,1,0,0,,1,38,,,6,0.12903,11jan18_KAZ_m4,KAZ,male,KAZ male,7feb18_11jan18_KAZ_m4_sp1_16.1_rev_4
7feb18_11jan18_KAZ_m4_sp1_16.1_rev,104,3.2353,0.031185,0.78569,10,5,7feb18_11jan18_KAZ_m4_sp1_16.1_rev_5,0,,,,,,,,1,0.014175,11jan18_KAZ_m4,KAZ,male,KAZ male,7feb18_11jan18_KAZ_m4_sp1_16.1_rev_5
7feb18_11jan18_KAZ_m4_sp1_16.1_rev,104,1.7241,0.01664,0.74036,11,6,7feb18_11jan18_KAZ_m4_sp1_16.1_rev_6,1,0,0,,1,53,,,1,0.0066562,11jan18_KAZ_m4,KAZ,male,KAZ male,7feb18_11jan18_KAZ_m4_sp1_16.1_rev_6
7feb18_11jan18_KAZ_m4_sp1_16.1_rev,105,2.5352,0.024169,0.7863,11,7,7feb18_11jan18_KAZ_m4_sp1_16.1_rev_7,1,0,0,,1,100,,,3,0.024169,11jan18_KAZ_m4,KAZ,male,KAZ male,7feb18_11jan18_KAZ_m4_sp1_16.1_rev_7
7feb18_11jan18_KAZ_m4_sp1_16.1_rev,45,4.7977,0.10576,0.77093,1,8,7feb18_11jan18_KAZ_m4_sp1_16.1_rev_8,1,1,1,,1,17,,,17,0.38243,11jan18_KAZ_m4,KAZ,male,KAZ male,7feb18_11jan18_KAZ_m4_sp1_16.1_rev_8
7feb18_11jan18_KAZ_m4_sp1_16.2_rev,123,6.4297,0.052378,0.68867,4,1,7feb18_11jan18_KAZ_m4_sp1_16.2_rev_1,0,,,,,,,,35,0.28441,11jan18_KAZ_m4,KAZ,male,KAZ male,7feb18_11jan18_KAZ_m4_sp1_16.2_rev_1
7feb18_11jan18_KAZ_m4_sp1_16.2_rev,95,4.4571,0.046846,0.64681,8,10,7feb18_11jan18_KAZ_m4_sp1_16.2_rev_10,1,0,0,the end is kinda kinked at the end,1,70,,,1,0.0098536,11jan18_KAZ_m4,KAZ,male,KAZ male,7feb18_11jan18_KAZ_m4_sp1_16.2_rev_10
7feb18_11jan18_KAZ_m4_sp1_16.2_rev,93,5.6755,0.06112,0.55944,7,11,7feb18_11jan18_KAZ_m4_sp1_16.2_rev_11,1,,,,,,,,9,0.092926,11jan18_KAZ_m4,KAZ,male,KAZ male,7feb18_11jan18_KAZ_m4_sp1_16.2_rev_11
7feb18_11jan18_KAZ_m4_sp1_16.2_rev,56,5.4026,0.096157,0.60615,3,12,7feb18_11jan18_KAZ_m4_sp1_16.2_rev_12,1,0,0,,1,47,,,3,0.056503,11jan18_KAZ_m4,KAZ,male,KAZ male,7feb18_11jan18_KAZ_m4_sp1_16.2_rev_12
7feb18_11jan18_KAZ_m4_sp1_16.2_rev,81,7.0588,0.086931,0.51548,4,13,7feb18_11jan18_KAZ_m4_sp1_16.2_rev_13,1,0,0,,1,66,,,9,0.10477,11jan18_KAZ_m4,KAZ,male,KAZ male,7feb18_11jan18_KAZ_m4_sp1_16.2_rev_13
7feb18_11jan18_KAZ_m4_sp1_16.2_rev,60,5.1815,0.086654,0.5832,3,14,7feb18_11jan18_KAZ_m4_sp1_16.2_rev_14,1,0,0,,1,19,,,14,0.23006,11jan18_KAZ_m4,KAZ,male,KAZ male,7feb18_11jan18_KAZ_m4_sp1_16.2_rev_14
7feb18_11jan18_KAZ_m4_sp1_16.2_rev,73,5.6275,0.076768,0.66179,2,2,7feb18_11jan18_KAZ_m4_sp1_16.2_rev_2,1,0,0,,1,63,,,22,0.29617,11jan18_KAZ_m4,KAZ,male,KAZ male,7feb18_11jan18_KAZ_m4_sp1_16.2_rev_2
7feb18_11jan18_KAZ_m4_sp1_16.2_rev,112,2.4355,0.021747,0.65846,12,3,7feb18_11jan18_KAZ_m4_sp1_16.2_rev_3,1,0,0,,,,,,4,0.038945,11jan18_KAZ_m4,KAZ,male,KAZ male,7feb18_11jan18_KAZ_m4_sp1_16.2_rev_3
7feb18_11jan18_KAZ_m4_sp1_16.2_rev,109,4.8856,0.044763,0.58751,1,5,7feb18_11jan18_KAZ_m4_sp1_16.2_rev_5,1,1,1,,1,91,,,91,0.83172,11jan18_KAZ_m4,KAZ,male,KAZ male,7feb18_11jan18_KAZ_m4_sp1_16.2_rev_5
7feb18_11jan18_KAZ_m4_sp1_16.2_rev,64,4.6337,0.072027,0.60533,8,9,7feb18_11jan18_KAZ_m4_sp1_16.2_rev_9,1,,,,,,,,3,0.042393,11jan18_KAZ_m4,KAZ,male,KAZ male,7feb18_11jan18_KAZ_m4_sp1_16.2_rev_9
7feb18_11jan18_KAZ_m4_sp1_17_rev,42,4.0676,0.097976,0.47778,1,1,7feb18_11jan18_KAZ_m4_sp1_17_rev_1,1,1,1,,1,33,,,33,0.79161,11jan18_KAZ_m4,KAZ,male,KAZ male,7feb18_11jan18_KAZ_m4_sp1_17_rev_1
7feb18_11jan18_KAZ_m4_sp1_17_rev,75,5.5769,0.074569,0.49573,6,11,7feb18_11jan18_KAZ_m4_sp1_17_rev_11,1,0,0,,1,69,,,7,0.098788,11jan18_KAZ_m4,KAZ,male,KAZ male,7feb18_11jan18_KAZ_m4_sp1_17_rev_11
7feb18_11jan18_KAZ_m4_sp1_17_rev,71,4.6568,0.065434,0.46926,1,13,7feb18_11jan18_KAZ_m4_sp1_17_rev_13,1,1,1,,1,66,,,66,0.92584,11jan18_KAZ_m4,KAZ,male,KAZ male,7feb18_11jan18_KAZ_m4_sp1_17_rev_13
7feb18_11jan18_KAZ_m4_sp1_17_rev,52,4.058,0.077666,0.4774,3,14,7feb18_11jan18_KAZ_m4_sp1_17_rev_14,1,0,0,sec fainter foci,1,42,,,12,0.23221,11jan18_KAZ_m4,KAZ,male,KAZ male,7feb18_11jan18_KAZ_m4_sp1_17_rev_14
7feb18_11jan18_KAZ_m4_sp1_17_rev,95,4.7484,0.049832,0.47808,6,3,7feb18_11jan18_KAZ_m4_sp1_17_rev_3,1,,,foci are very faint,,,,,10,0.1098,11jan18_KAZ_m4,KAZ,male,KAZ male,7feb18_11jan18_KAZ_m4_sp1_17_rev_3
7feb18_11jan18_KAZ_m4_sp1_17_rev,47,3.8353,0.08127,0.4992,2,4,7feb18_11jan18_KAZ_m4_sp1_17_rev_4,0,,,,,,,,12,0.26416,11jan18_KAZ_m4,KAZ,male,KAZ male,7feb18_11jan18_KAZ_m4_sp1_17_rev_4
7feb18_11jan18_KAZ_m4_sp1_17_rev,65,5.8611,0.089673,0.47785,1,5,7feb18_11jan18_KAZ_m4_sp1_17_rev_5,1,1,1,,1,58,,,58,0.88553,11jan18_KAZ_m4,KAZ,male,KAZ male,7feb18_11jan18_KAZ_m4_sp1_17_rev_5
7feb18_11jan18_KAZ_m4_sp1_17_rev,70,5.2733,0.075599,0.49062,4,6,7feb18_11jan18_KAZ_m4_sp1_17_rev_6,1,0,0,,1,59,,,5,0.070548,11jan18_KAZ_m4,KAZ,male,KAZ male,7feb18_11jan18_KAZ_m4_sp1_17_rev_6
7feb18_11jan18_KAZ_m4_sp1_17_rev,89,13.4065,0.15136,0.48758,4,8,7feb18_11jan18_KAZ_m4_sp1_17_rev_8,0,,,,,,,,18,0.20173,11jan18_KAZ_m4,KAZ,male,KAZ male,7feb18_11jan18_KAZ_m4_sp1_17_rev_8
7feb18_11jan18_KAZ_m4_sp1_17_rev,99,3.8351,0.038868,0.46385,2,9,7feb18_11jan18_KAZ_m4_sp1_17_rev_9,1,0,0,,1,28,,,28,0.28576,11jan18_KAZ_m4,KAZ,male,KAZ male,7feb18_11jan18_KAZ_m4_sp1_17_rev_9
7feb18_11jan18_KAZ_m4_sp1_18.1_rev,78,4.3156,0.055533,0.65961,4,1,7feb18_11jan18_KAZ_m4_sp1_18.1_rev_1,0,,,,,,,,12,0.15499,11jan18_KAZ_m4,KAZ,male,KAZ male,7feb18_11jan18_KAZ_m4_sp1_18.1_rev_1
7feb18_11jan18_KAZ_m4_sp1_18.1_rev,66,4.1839,0.063111,0.5879,5,10,7feb18_11jan18_KAZ_m4_sp1_18.1_rev_10,1,0,0,,2,34,61,,26,0.39366,11jan18_KAZ_m4,KAZ,male,KAZ male,7feb18_11jan18_KAZ_m4_sp1_18.1_rev_10
7feb18_11jan18_KAZ_m4_sp1_18.1_rev,45,3.75,0.082589,0.60906,1,11,7feb18_11jan18_KAZ_m4_sp1_18.1_rev_11,1,1,1,,1,26,,,26,0.57226,11jan18_KAZ_m4,KAZ,male,KAZ male,7feb18_11jan18_KAZ_m4_sp1_18.1_rev_11
7feb18_11jan18_KAZ_m4_sp1_18.1_rev,96,4.4543,0.046296,0.52656,9,12,7feb18_11jan18_KAZ_m4_sp1_18.1_rev_12,1,0,0,,1,95,,,2,0.020787,11jan18_KAZ_m4,KAZ,male,KAZ male,7feb18_11jan18_KAZ_m4_sp1_18.1_rev_12
7feb18_11jan18_KAZ_m4_sp1_18.1_rev,96,5.8376,0.060642,0.49705,2,13,7feb18_11jan18_KAZ_m4_sp1_18.1_rev_13,1,0,0,,1,72,,,7,0.073206,11jan18_KAZ_m4,KAZ,male,KAZ male,7feb18_11jan18_KAZ_m4_sp1_18.1_rev_13
7feb18_11jan18_KAZ_m4_sp1_18.1_rev,76,4.0403,0.053039,0.53518,1,14,7feb18_11jan18_KAZ_m4_sp1_18.1_rev_14,1,0,0,,1,39,,,55,0.72346,11jan18_KAZ_m4,KAZ,male,KAZ male,7feb18_11jan18_KAZ_m4_sp1_18.1_rev_14
7feb18_11jan18_KAZ_m4_sp1_18.1_rev,92,4.9265,0.053434,0.49398,8,15,7feb18_11jan18_KAZ_m4_sp1_18.1_rev_15,1,,,faint foci,,,,,7,0.072398,11jan18_KAZ_m4,KAZ,male,KAZ male,7feb18_11jan18_KAZ_m4_sp1_18.1_rev_15
7feb18_11jan18_KAZ_m4_sp1_18.1_rev,54,5.4069,0.10017,0.50906,3,16,7feb18_11jan18_KAZ_m4_sp1_18.1_rev_16,1,0,0,,1,47,,,4,0.069472,11jan18_KAZ_m4,KAZ,male,KAZ male,7feb18_11jan18_KAZ_m4_sp1_18.1_rev_16
7feb18_11jan18_KAZ_m4_sp1_18.1_rev,69,4.6233,0.066879,0.63059,5,4,7feb18_11jan18_KAZ_m4_sp1_18.1_rev_4,1,0,0,,1,39,,,4,0.061774,11jan18_KAZ_m4,KAZ,male,KAZ male,7feb18_11jan18_KAZ_m4_sp1_18.1_rev_4
7feb18_11jan18_KAZ_m4_sp1_18.1_rev,109,4.7342,0.043489,0.55691,1,7,7feb18_11jan18_KAZ_m4_sp1_18.1_rev_7,1,1,1,,1,93,,,93,0.85141,11jan18_KAZ_m4,KAZ,male,KAZ male,7feb18_11jan18_KAZ_m4_sp1_18.1_rev_7
7feb18_11jan18_KAZ_m4_sp1_18.1_rev,110,10.0663,0.09114,0.6317,7,9,7feb18_11jan18_KAZ_m4_sp1_18.1_rev_9,0,,,,,,,,10,0.093404,11jan18_KAZ_m4,KAZ,male,KAZ male,7feb18_11jan18_KAZ_m4_sp1_18.1_rev_9
7feb18_11jan18_KAZ_m4_sp1_18.2_rev,52,4.5877,0.088002,0.66946,4,1,7feb18_11jan18_KAZ_m4_sp1_18.2_rev_1,1,,,,,,,,2,0.046503,11jan18_KAZ_m4,KAZ,male,KAZ male,7feb18_11jan18_KAZ_m4_sp1_18.2_rev_1
7feb18_11jan18_KAZ_m4_sp1_18.2_rev,68,6.0083,0.08847,0.55621,5,10,7feb18_11jan18_KAZ_m4_sp1_18.2_rev_10,0,,,,,,,,3,0.04462,11jan18_KAZ_m4,KAZ,male,KAZ male,7feb18_11jan18_KAZ_m4_sp1_18.2_rev_10
7feb18_11jan18_KAZ_m4_sp1_18.2_rev,91,5.4013,0.059076,0.4955,6,12,7feb18_11jan18_KAZ_m4_sp1_18.2_rev_12,1,0,0,,1,49,,,3,0.02983,11jan18_KAZ_m4,KAZ,male,KAZ male,7feb18_11jan18_KAZ_m4_sp1_18.2_rev_12
7feb18_11jan18_KAZ_m4_sp1_18.2_rev,58,5.0749,0.087131,0.49542,4,13,7feb18_11jan18_KAZ_m4_sp1_18.2_rev_13,1,0,0,,1,31,,,3,0.056447,11jan18_KAZ_m4,KAZ,male,KAZ male,7feb18_11jan18_KAZ_m4_sp1_18.2_rev_13
7feb18_11jan18_KAZ_m4_sp1_18.2_rev,93,3.9344,0.042171,0.47144,8,14,7feb18_11jan18_KAZ_m4_sp1_18.2_rev_14,1,,,,,,,,5,0.052381,11jan18_KAZ_m4,KAZ,male,KAZ male,7feb18_11jan18_KAZ_m4_sp1_18.2_rev_14
7feb18_11jan18_KAZ_m4_sp1_18.2_rev,100,6.2465,0.062238,0.46485,9,15,7feb18_11jan18_KAZ_m4_sp1_18.2_rev_15,0,,,,,,,,3,0.030658,11jan18_KAZ_m4,KAZ,male,KAZ male,7feb18_11jan18_KAZ_m4_sp1_18.2_rev_15
7feb18_11jan18_KAZ_m4_sp1_18.2_rev,76,5.0817,0.06727,0.44523,4,16,7feb18_11jan18_KAZ_m4_sp1_18.2_rev_16,1,0,0,,1,58,,,4,0.054667,11jan18_KAZ_m4,KAZ,male,KAZ male,7feb18_11jan18_KAZ_m4_sp1_18.2_rev_16
7feb18_11jan18_KAZ_m4_sp1_18.2_rev,44,4.275,0.096585,0.43292,5,17,7feb18_11jan18_KAZ_m4_sp1_18.2_rev_17,1,0,0,,1,24,,,5,0.12135,11jan18_KAZ_m4,KAZ,male,KAZ male,7feb18_11jan18_KAZ_m4_sp1_18.2_rev_17
7feb18_11jan18_KAZ_m4_sp1_18.2_rev,75,5.1436,0.06881,0.58229,2,4,7feb18_11jan18_KAZ_m4_sp1_18.2_rev_4,1,,,,,,,,49,0.65198,11jan18_KAZ_m4,KAZ,male,KAZ male,7feb18_11jan18_KAZ_m4_sp1_18.2_rev_4
7feb18_11jan18_KAZ_m4_sp1_18.2_rev,83,4.931,0.059471,0.58793,5,6,7feb18_11jan18_KAZ_m4_sp1_18.2_rev_6,0,,,,,,,,26,0.31542,11jan18_KAZ_m4,KAZ,male,KAZ male,7feb18_11jan18_KAZ_m4_sp1_18.2_rev_6
7feb18_11jan18_KAZ_m4_sp1_18.2_rev,88,3.7143,0.042008,0.54512,5,7,7feb18_11jan18_KAZ_m4_sp1_18.2_rev_7,1,,,,,,,,3,0.032314,11jan18_KAZ_m4,KAZ,male,KAZ male,7feb18_11jan18_KAZ_m4_sp1_18.2_rev_7
7feb18_11jan18_KAZ_m4_sp1_18.2_rev,77,6.2375,0.081487,0.51914,10,8,7feb18_11jan18_KAZ_m4_sp1_18.2_rev_8,1,,,,,,,,4,0.049402,11jan18_KAZ_m4,KAZ,male,KAZ male,7feb18_11jan18_KAZ_m4_sp1_18.2_rev_8
7feb18_11jan18_KAZ_m4_sp1_18.2_rev,69,4.5908,0.066308,0.53555,4,9,7feb18_11jan18_KAZ_m4_sp1_18.2_rev_9,1,,,,,,,,3,0.043768,11jan18_KAZ_m4,KAZ,male,KAZ male,7feb18_11jan18_KAZ_m4_sp1_18.2_rev_9
7feb18_11jan18_KAZ_m4_sp1_19_rev,97,6.2646,0.064404,0.59853,8,1,7feb18_11jan18_KAZ_m4_sp1_19_rev_1,1,0,0,,2,33,72,,4,0.045759,11jan18_KAZ_m4,KAZ,male,KAZ male,7feb18_11jan18_KAZ_m4_sp1_19_rev_1
7feb18_11jan18_KAZ_m4_sp1_19_rev,48,4.5062,0.0941,0.57968,5,10,7feb18_11jan18_KAZ_m4_sp1_19_rev_10,1,0,0,,,,,,6,0.1215,11jan18_KAZ_m4,KAZ,male,KAZ male,7feb18_11jan18_KAZ_m4_sp1_19_rev_10
7feb18_11jan18_KAZ_m4_sp1_19_rev,74,3.6786,0.0496,0.56111,7,11,7feb18_11jan18_KAZ_m4_sp1_19_rev_11,1,,,,,,,,7,0.089733,11jan18_KAZ_m4,KAZ,male,KAZ male,7feb18_11jan18_KAZ_m4_sp1_19_rev_11
7feb18_11jan18_KAZ_m4_sp1_19_rev,83,6.8034,0.082375,0.55894,6,12,7feb18_11jan18_KAZ_m4_sp1_19_rev_12,1,0,0,,1,46,,,4,0.0439,11jan18_KAZ_m4,KAZ,male,KAZ male,7feb18_11jan18_KAZ_m4_sp1_19_rev_12
7feb18_11jan18_KAZ_m4_sp1_19_rev,50,4.1889,0.083516,0.57077,3,13,7feb18_11jan18_KAZ_m4_sp1_19_rev_13,1,0,0,,2,22,45,,5,0.10555,11jan18_KAZ_m4,KAZ,male,KAZ male,7feb18_11jan18_KAZ_m4_sp1_19_rev_13
7feb18_11jan18_KAZ_m4_sp1_19_rev,89,5.2402,0.058627,0.50304,8,14,7feb18_11jan18_KAZ_m4_sp1_19_rev_14,1,0,0,,,,,,5,0.06145,11jan18_KAZ_m4,KAZ,male,KAZ male,7feb18_11jan18_KAZ_m4_sp1_19_rev_14
7feb18_11jan18_KAZ_m4_sp1_19_rev,82,2.9851,0.036409,0.55485,8,15,7feb18_11jan18_KAZ_m4_sp1_19_rev_15,1,0,0,faint foci,,,,,2,0.021845,11jan18_KAZ_m4,KAZ,male,KAZ male,7feb18_11jan18_KAZ_m4_sp1_19_rev_15
7feb18_11jan18_KAZ_m4_sp1_19_rev,87,4.2059,0.048435,0.51195,5,18,7feb18_11jan18_KAZ_m4_sp1_19_rev_18,1,0,0,,1,52,,,4,0.044381,11jan18_KAZ_m4,KAZ,male,KAZ male,7feb18_11jan18_KAZ_m4_sp1_19_rev_18
7feb18_11jan18_KAZ_m4_sp1_19_rev,65,4.4689,0.068343,0.46608,2,19,7feb18_11jan18_KAZ_m4_sp1_19_rev_19,1,0,0,,1,20,,,1,0.01942,11jan18_KAZ_m4,KAZ,male,KAZ male,7feb18_11jan18_KAZ_m4_sp1_19_rev_19
7feb18_11jan18_KAZ_m4_sp1_19_rev,105,20.8172,0.19787,0.57367,11,2,7feb18_11jan18_KAZ_m4_sp1_19_rev_2,0,,,,,,,,2,0.017282,11jan18_KAZ_m4,KAZ,male,KAZ male,7feb18_11jan18_KAZ_m4_sp1_19_rev_2
7feb18_11jan18_KAZ_m4_sp1_19_rev,75,5.5085,0.073398,0.59687,4,3,7feb18_11jan18_KAZ_m4_sp1_19_rev_3,1,0,0,,2,26,64,,17,0.22636,11jan18_KAZ_m4,KAZ,male,KAZ male,7feb18_11jan18_KAZ_m4_sp1_19_rev_3
7feb18_11jan18_KAZ_m4_sp1_19_rev,89,5.1869,0.05808,0.56357,10,4,7feb18_11jan18_KAZ_m4_sp1_19_rev_4,1,,,,,,,,3,0.036121,11jan18_KAZ_m4,KAZ,male,KAZ male,7feb18_11jan18_KAZ_m4_sp1_19_rev_4
7feb18_11jan18_KAZ_m4_sp1_19_rev,72,3.8331,0.05354,0.56939,3,5,7feb18_11jan18_KAZ_m4_sp1_19_rev_5,1,0,0,,2,23,60,,23,0.32607,11jan18_KAZ_m4,KAZ,male,KAZ male,7feb18_11jan18_KAZ_m4_sp1_19_rev_5
7feb18_11jan18_KAZ_m4_sp1_19_rev,99,3.384,0.034122,0.5479,9,6,7feb18_11jan18_KAZ_m4_sp1_19_rev_6,1,0,0,,1,80,,,2,0.021389,11jan18_KAZ_m4,KAZ,male,KAZ male,7feb18_11jan18_KAZ_m4_sp1_19_rev_6
7feb18_11jan18_KAZ_m4_sp1_19_rev,84,4.8139,0.057356,0.57142,4,7,7feb18_11jan18_KAZ_m4_sp1_19_rev_7,1,0,0,,1,20,,,6,0.07648,11jan18_KAZ_m4,KAZ,male,KAZ male,7feb18_11jan18_KAZ_m4_sp1_19_rev_7
7feb18_11jan18_KAZ_m4_sp1_19_rev,66,4.8309,0.073458,0.56055,4,8,7feb18_11jan18_KAZ_m4_sp1_19_rev_8,1,0,0,,1,59,,,3,0.0531,11jan18_KAZ_m4,KAZ,male,KAZ male,7feb18_11jan18_KAZ_m4_sp1_19_rev_8
7feb18_11jan18_KAZ_m4_sp1_19_rev,100,4.5608,0.04544,0.55607,10,9,7feb18_11jan18_KAZ_m4_sp1_19_rev_9,1,0,0,faint foci hard to distinguish,,,,,4,0.042961,11jan18_KAZ_m4,KAZ,male,KAZ male,7feb18_11jan18_KAZ_m4_sp1_19_rev_9
7feb18_11jan18_KAZ_m4_sp1_2_rev,71,4.6496,0.065759,0.56353,3,1,7feb18_11jan18_KAZ_m4_sp1_2_rev_1,1,0,0,,1,56,,,4,0.062207,11jan18_KAZ_m4,KAZ,male,KAZ male,7feb18_11jan18_KAZ_m4_sp1_2_rev_1
7feb18_11jan18_KAZ_m4_sp1_2_rev,95,5.3952,0.057059,0.46449,5,10,7feb18_11jan18_KAZ_m4_sp1_2_rev_10,1,,,,,,,,3,0.03157,11jan18_KAZ_m4,KAZ,male,KAZ male,7feb18_11jan18_KAZ_m4_sp1_2_rev_10
7feb18_11jan18_KAZ_m4_sp1_2_rev,122,5.3815,0.044237,0.55646,5,3,7feb18_11jan18_KAZ_m4_sp1_2_rev_3,0,,,,,,,,5,0.044237,11jan18_KAZ_m4,KAZ,male,KAZ male,7feb18_11jan18_KAZ_m4_sp1_2_rev_3
7feb18_11jan18_KAZ_m4_sp1_2_rev,80,5.3476,0.066563,0.55225,5,4,7feb18_11jan18_KAZ_m4_sp1_2_rev_4,1,,,,,,,,12,0.14328,11jan18_KAZ_m4,KAZ,male,KAZ male,7feb18_11jan18_KAZ_m4_sp1_2_rev_4
7feb18_11jan18_KAZ_m4_sp1_2_rev,48,3.9764,0.082186,0.54918,5,5,7feb18_11jan18_KAZ_m4_sp1_2_rev_5,1,0,0,,1,29,,,2,0.038157,11jan18_KAZ_m4,KAZ,male,KAZ male,7feb18_11jan18_KAZ_m4_sp1_2_rev_5
7feb18_11jan18_KAZ_m4_sp1_2_rev,170,3.4783,0.020493,0.52694,7,6,7feb18_11jan18_KAZ_m4_sp1_2_rev_6,0,,,,,,,,4,0.023422,11jan18_KAZ_m4,KAZ,male,KAZ male,7feb18_11jan18_KAZ_m4_sp1_2_rev_6
7feb18_11jan18_KAZ_m4_sp1_2_rev,113,4.5152,0.040004,0.50352,11,7,7feb18_11jan18_KAZ_m4_sp1_2_rev_7,0,,,,,,,,17,0.15068,11jan18_KAZ_m4,KAZ,male,KAZ male,7feb18_11jan18_KAZ_m4_sp1_2_rev_7
7feb18_11jan18_KAZ_m4_sp1_2_rev,118,7.3844,0.062798,0.54128,10,8,7feb18_11jan18_KAZ_m4_sp1_2_rev_8,0,,,,,,,,2,0.020616,11jan18_KAZ_m4,KAZ,male,KAZ male,7feb18_11jan18_KAZ_m4_sp1_2_rev_8
7feb18_11jan18_KAZ_m4_sp1_22_rev,97,6.8845,0.070926,0.58351,1,1,7feb18_11jan18_KAZ_m4_sp1_22_rev_1,1,1,1,great cell,1,47,,,47,0.48153,11jan18_KAZ_m4,KAZ,male,KAZ male,7feb18_11jan18_KAZ_m4_sp1_22_rev_1
7feb18_11jan18_KAZ_m4_sp1_22_rev,82,7.3252,0.088915,0.54838,1,10,7feb18_11jan18_KAZ_m4_sp1_22_rev_10,1,1,1,,1,76,,,76,0.92019,11jan18_KAZ_m4,KAZ,male,KAZ male,7feb18_11jan18_KAZ_m4_sp1_22_rev_10
7feb18_11jan18_KAZ_m4_sp1_22_rev,54,5.2676,0.096949,0.53779,1,11,7feb18_11jan18_KAZ_m4_sp1_22_rev_11,1,1,1,,1,32,,,32,0.59493,11jan18_KAZ_m4,KAZ,male,KAZ male,7feb18_11jan18_KAZ_m4_sp1_22_rev_11
7feb18_11jan18_KAZ_m4_sp1_22_rev,83,5.7386,0.069047,0.50599,1,12,7feb18_11jan18_KAZ_m4_sp1_22_rev_12,1,1,1,,1,64,,,64,0.7742,11jan18_KAZ_m4,KAZ,male,KAZ male,7feb18_11jan18_KAZ_m4_sp1_22_rev_12
7feb18_11jan18_KAZ_m4_sp1_22_rev,72,8.536,0.1192,0.51967,1,13,7feb18_11jan18_KAZ_m4_sp1_22_rev_13,1,1,1,,1,25,,,25,0.34563,11jan18_KAZ_m4,KAZ,male,KAZ male,7feb18_11jan18_KAZ_m4_sp1_22_rev_13
7feb18_11jan18_KAZ_m4_sp1_22_rev,94,5.2698,0.056312,0.52039,1,14,7feb18_11jan18_KAZ_m4_sp1_22_rev_14,1,1,1,,1,82,,,82,0.87616,11jan18_KAZ_m4,KAZ,male,KAZ male,7feb18_11jan18_KAZ_m4_sp1_22_rev_14
7feb18_11jan18_KAZ_m4_sp1_22_rev,96,5.0985,0.053337,0.50758,1,15,7feb18_11jan18_KAZ_m4_sp1_22_rev_15,1,1,1,,1,78,,,78,0.81678,11jan18_KAZ_m4,KAZ,male,KAZ male,7feb18_11jan18_KAZ_m4_sp1_22_rev_15
7feb18_11jan18_KAZ_m4_sp1_22_rev,102,5.5458,0.054224,0.59558,4,2,7feb18_11jan18_KAZ_m4_sp1_22_rev_2,1,0,0,twist,1,54,,,6,0.06015,11jan18_KAZ_m4,KAZ,male,KAZ male,7feb18_11jan18_KAZ_m4_sp1_22_rev_2
7feb18_11jan18_KAZ_m4_sp1_22_rev,83,5.1184,0.061736,0.54767,4,3,7feb18_11jan18_KAZ_m4_sp1_22_rev_3,1,0,0,,2,25,74,,25,0.29856,11jan18_KAZ_m4,KAZ,male,KAZ male,7feb18_11jan18_KAZ_m4_sp1_22_rev_3
7feb18_11jan18_KAZ_m4_sp1_22_rev,156,5.2941,0.033881,0.57965,4,4,7feb18_11jan18_KAZ_m4_sp1_22_rev_4,0,,,,,,,,23,0.14613,11jan18_KAZ_m4,KAZ,male,KAZ male,7feb18_11jan18_KAZ_m4_sp1_22_rev_4
7feb18_11jan18_KAZ_m4_sp1_22_rev,98,6.2926,0.06449,0.58065,3,5,7feb18_11jan18_KAZ_m4_sp1_22_rev_5,1,0,0,,2,21,94,,21,0.21561,11jan18_KAZ_m4,KAZ,male,KAZ male,7feb18_11jan18_KAZ_m4_sp1_22_rev_5
7feb18_11jan18_KAZ_m4_sp1_22_rev,120,6.3382,0.052932,0.55117,9,8,7feb18_11jan18_KAZ_m4_sp1_22_rev_8,0,,,,,,,,4,0.037493,11jan18_KAZ_m4,KAZ,male,KAZ male,7feb18_11jan18_KAZ_m4_sp1_22_rev_8
7feb18_11jan18_KAZ_m4_sp1_22_rev,69,6.4693,0.094136,0.56112,1,9,7feb18_11jan18_KAZ_m4_sp1_22_rev_9,1,1,1,,1,59,,,59,0.85548,11jan18_KAZ_m4,KAZ,male,KAZ male,7feb18_11jan18_KAZ_m4_sp1_22_rev_9
7feb18_11jan18_KAZ_m4_sp1_23_rev,90,5.0183,0.055737,0.5137,1,1,7feb18_11jan18_KAZ_m4_sp1_23_rev_1,1,1,1,,1,34,,,34,0.37848,11jan18_KAZ_m4,KAZ,male,KAZ male,7feb18_11jan18_KAZ_m4_sp1_23_rev_1
7feb18_11jan18_KAZ_m4_sp1_23_rev,96,2.0588,0.021394,0.49348,2,10,7feb18_11jan18_KAZ_m4_sp1_23_rev_10,1,0,0,,1,43,,,43,0.4466,11jan18_KAZ_m4,KAZ,male,KAZ male,7feb18_11jan18_KAZ_m4_sp1_23_rev_10
7feb18_11jan18_KAZ_m4_sp1_23_rev,106,5.5452,0.052256,0.48032,4,11,7feb18_11jan18_KAZ_m4_sp1_23_rev_11,0,,,,,,,,35,0.32668,11jan18_KAZ_m4,KAZ,male,KAZ male,7feb18_11jan18_KAZ_m4_sp1_23_rev_11
7feb18_11jan18_KAZ_m4_sp1_23_rev,81,6.8973,0.08539,0.48436,2,14,7feb18_11jan18_KAZ_m4_sp1_23_rev_14,1,0,0,,1,73,,,23,0.29045,11jan18_KAZ_m4,KAZ,male,KAZ male,7feb18_11jan18_KAZ_m4_sp1_23_rev_14
7feb18_11jan18_KAZ_m4_sp1_23_rev,66,2.7692,0.041822,0.48156,7,15,7feb18_11jan18_KAZ_m4_sp1_23_rev_15,1,0,0,kinda faint foci,,,,,3,0.041822,11jan18_KAZ_m4,KAZ,male,KAZ male,7feb18_11jan18_KAZ_m4_sp1_23_rev_15
7feb18_11jan18_KAZ_m4_sp1_23_rev,60,3.0769,0.051375,0.45773,4,16,7feb18_11jan18_KAZ_m4_sp1_23_rev_16,1,0,0,,1,41,,,5,0.083612,11jan18_KAZ_m4,KAZ,male,KAZ male,7feb18_11jan18_KAZ_m4_sp1_23_rev_16
7feb18_11jan18_KAZ_m4_sp1_23_rev,76,5.5585,0.072936,0.51944,5,2,7feb18_11jan18_KAZ_m4_sp1_23_rev_2,1,0,0,,1,71,,,6,0.077615,11jan18_KAZ_m4,KAZ,male,KAZ male,7feb18_11jan18_KAZ_m4_sp1_23_rev_2
7feb18_11jan18_KAZ_m4_sp1_23_rev,59,4.8654,0.082936,0.51606,5,3,7feb18_11jan18_KAZ_m4_sp1_23_rev_3,0,,,,,,,,5,0.087231,11jan18_KAZ_m4,KAZ,male,KAZ male,7feb18_11jan18_KAZ_m4_sp1_23_rev_3
7feb18_11jan18_KAZ_m4_sp1_23_rev,71,3.7421,0.052973,0.51799,2,4,7feb18_11jan18_KAZ_m4_sp1_23_rev_4,1,0,0,,1,30,,,22,0.3132,11jan18_KAZ_m4,KAZ,male,KAZ male,7feb18_11jan18_KAZ_m4_sp1_23_rev_4
7feb18_11jan18_KAZ_m4_sp1_23_rev,71,7.3242,0.10258,0.5104,5,5,7feb18_11jan18_KAZ_m4_sp1_23_rev_5,1,0,0,,1,63,,,7,0.10258,11jan18_KAZ_m4,KAZ,male,KAZ male,7feb18_11jan18_KAZ_m4_sp1_23_rev_5
7feb18_11jan18_KAZ_m4_sp1_23_rev,105,6.8527,0.064973,0.49169,3,6,7feb18_11jan18_KAZ_m4_sp1_23_rev_6,1,0,0,,1,50,,,50,0.47553,11jan18_KAZ_m4,KAZ,male,KAZ male,7feb18_11jan18_KAZ_m4_sp1_23_rev_6
7feb18_11jan18_KAZ_m4_sp1_23_rev,55,5.0544,0.091601,0.51664,4,7,7feb18_11jan18_KAZ_m4_sp1_23_rev_7,1,0,0,,1,49,,,6,0.10079,11jan18_KAZ_m4,KAZ,male,KAZ male,7feb18_11jan18_KAZ_m4_sp1_23_rev_7
7feb18_11jan18_KAZ_m4_sp1_23_rev,89,7.4236,0.083115,0.50111,2,8,7feb18_11jan18_KAZ_m4_sp1_23_rev_8,1,0,0,,1,73,,,14,0.16175,11jan18_KAZ_m4,KAZ,male,KAZ male,7feb18_11jan18_KAZ_m4_sp1_23_rev_8
7feb18_11jan18_KAZ_m4_sp1_23_rev,87,7.7044,0.088623,0.46487,1,9,7feb18_11jan18_KAZ_m4_sp1_23_rev_9,1,1,1,,1,27,,,27,0.30733,11jan18_KAZ_m4,KAZ,male,KAZ male,7feb18_11jan18_KAZ_m4_sp1_23_rev_9
7feb18_11jan18_KAZ_m4_sp1_24_rev,80,4.5455,0.056749,0.45184,8,1,7feb18_11jan18_KAZ_m4_sp1_24_rev_1,1,0,0,,1,48,,,4,0.052966,11jan18_KAZ_m4,KAZ,male,KAZ male,7feb18_11jan18_KAZ_m4_sp1_24_rev_1
7feb18_11jan18_KAZ_m4_sp1_24_rev,56,4.7232,0.083815,0.46562,2,10,7feb18_11jan18_KAZ_m4_sp1_24_rev_10,1,0,0,,1,41,,,3,0.059995,11jan18_KAZ_m4,KAZ,male,KAZ male,7feb18_11jan18_KAZ_m4_sp1_24_rev_10
7feb18_11jan18_KAZ_m4_sp1_24_rev,100,6.1233,0.060998,0.45497,5,11,7feb18_11jan18_KAZ_m4_sp1_24_rev_11,1,0,0,,1,90,,,7,0.072877,11jan18_KAZ_m4,KAZ,male,KAZ male,7feb18_11jan18_KAZ_m4_sp1_24_rev_11
7feb18_11jan18_KAZ_m4_sp1_24_rev,89,5.7166,0.064339,0.44783,5,12,7feb18_11jan18_KAZ_m4_sp1_24_rev_12,1,,,,,,,,8,0.087005,11jan18_KAZ_m4,KAZ,male,KAZ male,7feb18_11jan18_KAZ_m4_sp1_24_rev_12
7feb18_11jan18_KAZ_m4_sp1_24_rev,120,4.4776,0.037287,0.41307,7,13,7feb18_11jan18_KAZ_m4_sp1_24_rev_13,1,0,0,,1,117,,,5,0.044447,11jan18_KAZ_m4,KAZ,male,KAZ male,7feb18_11jan18_KAZ_m4_sp1_24_rev_13
7feb18_11jan18_KAZ_m4_sp1_24_rev,84,5.358,0.063627,0.4569,6,16,7feb18_11jan18_KAZ_m4_sp1_24_rev_16,1,,,,,,,,4,0.048001,11jan18_KAZ_m4,KAZ,male,KAZ male,7feb18_11jan18_KAZ_m4_sp1_24_rev_16
7feb18_11jan18_KAZ_m4_sp1_24_rev,78,5.9071,0.075539,0.45256,3,2,7feb18_11jan18_KAZ_m4_sp1_24_rev_2,1,0,0,,1,61,,,7,0.083262,11jan18_KAZ_m4,KAZ,male,KAZ male,7feb18_11jan18_KAZ_m4_sp1_24_rev_2
7feb18_11jan18_KAZ_m4_sp1_24_rev,133,7.3451,0.05524,0.49323,5,4,7feb18_11jan18_KAZ_m4_sp1_24_rev_4,1,0,0,,2,51,129,,4,0.031433,11jan18_KAZ_m4,KAZ,male,KAZ male,7feb18_11jan18_KAZ_m4_sp1_24_rev_4
7feb18_11jan18_KAZ_m4_sp1_24_rev,185,5.6027,0.030347,0.48145,13,8,7feb18_11jan18_KAZ_m4_sp1_24_rev_8,0,,,,,,,,7,0.035815,11jan18_KAZ_m4,KAZ,male,KAZ male,7feb18_11jan18_KAZ_m4_sp1_24_rev_8
7feb18_11jan18_KAZ_m4_sp1_24_rev,121,7.6815,0.063631,0.4468,1,9,7feb18_11jan18_KAZ_m4_sp1_24_rev_9,1,0,0,,1,30,,,30,0.24502,11jan18_KAZ_m4,KAZ,male,KAZ male,7feb18_11jan18_KAZ_m4_sp1_24_rev_9
7feb18_11jan18_KAZ_m4_sp1_25_rev,78,6.3448,0.081673,0.62132,6,11,7feb18_11jan18_KAZ_m4_sp1_25_rev_11,1,,,,,,,,3,0.041192,11jan18_KAZ_m4,KAZ,male,KAZ male,7feb18_11jan18_KAZ_m4_sp1_25_rev_11
7feb18_11jan18_KAZ_m4_sp1_25_rev,99,2.5886,0.026275,0.57502,7,12,7feb18_11jan18_KAZ_m4_sp1_25_rev_12,1,0,0,,2,32,82,,4,0.038304,11jan18_KAZ_m4,KAZ,male,KAZ male,7feb18_11jan18_KAZ_m4_sp1_25_rev_12
7feb18_11jan18_KAZ_m4_sp1_25_rev,90,4.8059,0.053484,0.58528,7,13,7feb18_11jan18_KAZ_m4_sp1_25_rev_13,1,0,0,,1,72,,,6,0.068052,11jan18_KAZ_m4,KAZ,male,KAZ male,7feb18_11jan18_KAZ_m4_sp1_25_rev_13
7feb18_11jan18_KAZ_m4_sp1_25_rev,95,5.1597,0.054421,0.53028,7,16,7feb18_11jan18_KAZ_m4_sp1_25_rev_16,?,,,kinda faint foci,,,,,1,0.0094454,11jan18_KAZ_m4,KAZ,male,KAZ male,7feb18_11jan18_KAZ_m4_sp1_25_rev_16
7feb18_11jan18_KAZ_m4_sp1_25_rev,105,9.187,0.087266,0.52184,10,17,7feb18_11jan18_KAZ_m4_sp1_25_rev_17,1,0,0,,1,45,,,6,0.061275,11jan18_KAZ_m4,KAZ,male,KAZ male,7feb18_11jan18_KAZ_m4_sp1_25_rev_17
7feb18_11jan18_KAZ_m4_sp1_25_rev,56,4.058,0.072272,0.67454,4,2,7feb18_11jan18_KAZ_m4_sp1_25_rev_2,,,,"strange cut off segmentation, discountinuos",,,,,3,0.046461,11jan18_KAZ_m4,KAZ,male,KAZ male,7feb18_11jan18_KAZ_m4_sp1_25_rev_2
7feb18_11jan18_KAZ_m4_sp1_25_rev,90,4.4117,0.04912,0.65288,5,3,7feb18_11jan18_KAZ_m4_sp1_25_rev_3,0,,,"two merged, but looks like 1",,,,,3,0.036881,11jan18_KAZ_m4,KAZ,male,KAZ male,7feb18_11jan18_KAZ_m4_sp1_25_rev_3
7feb18_11jan18_KAZ_m4_sp1_25_rev,50,5.9321,0.11871,0.6514,2,4,7feb18_11jan18_KAZ_m4_sp1_25_rev_4,1,0,0,,1,42,,,3,0.056282,11jan18_KAZ_m4,KAZ,male,KAZ male,7feb18_11jan18_KAZ_m4_sp1_25_rev_4
7feb18_11jan18_KAZ_m4_sp1_25_rev,115,5.7931,0.0505,0.62976,4,6,7feb18_11jan18_KAZ_m4_sp1_25_rev_6,1,0,0,,2,42,100,,33,0.28554,11jan18_KAZ_m4,KAZ,male,KAZ male,7feb18_11jan18_KAZ_m4_sp1_25_rev_6
7feb18_11jan18_KAZ_m4_sp1_25_rev,62,5.0796,0.082101,0.61812,4,7,7feb18_11jan18_KAZ_m4_sp1_25_rev_7,1,0,0,,1,37,,,9,0.13939,11jan18_KAZ_m4,KAZ,male,KAZ male,7feb18_11jan18_KAZ_m4_sp1_25_rev_7
7feb18_11jan18_KAZ_m4_sp1_25_rev,100,3.4921,0.034906,0.61051,10,8,7feb18_11jan18_KAZ_m4_sp1_25_rev_8,1,0,0,,1,69,,,2,0.022213,11jan18_KAZ_m4,KAZ,male,KAZ male,7feb18_11jan18_KAZ_m4_sp1_25_rev_8
7feb18_11jan18_KAZ_m4_sp1_25_rev,86,5.9779,0.069753,0.63278,6,9,7feb18_11jan18_KAZ_m4_sp1_25_rev_9,1,0,0,,1,70,,,6,0.075593,11jan18_KAZ_m4,KAZ,male,KAZ male,7feb18_11jan18_KAZ_m4_sp1_25_rev_9
7feb18_11jan18_KAZ_m4_sp1_26.1_rev,139,9.8938,0.070996,0.74357,16,11,7feb18_11jan18_KAZ_m4_sp1_26.1_rev_11,0,,,,,,,,2,0.017136,11jan18_KAZ_m4,KAZ,male,KAZ male,7feb18_11jan18_KAZ_m4_sp1_26.1_rev_11
7feb18_11jan18_KAZ_m4_sp1_26.1_rev,86,4.6034,0.053252,0.67772,7,12,7feb18_11jan18_KAZ_m4_sp1_26.1_rev_12,1,0,0,,1,36,,,2,0.028475,11jan18_KAZ_m4,KAZ,male,KAZ male,7feb18_11jan18_KAZ_m4_sp1_26.1_rev_12
7feb18_11jan18_KAZ_m4_sp1_26.1_rev,74,4.4098,0.059659,0.80775,2,2,7feb18_11jan18_KAZ_m4_sp1_26.1_rev_2,1,0,0,,1,24,,,10,0.131,11jan18_KAZ_m4,KAZ,male,KAZ male,7feb18_11jan18_KAZ_m4_sp1_26.1_rev_2
7feb18_11jan18_KAZ_m4_sp1_26.1_rev,54,3.7143,0.068551,0.7667,1,3,7feb18_11jan18_KAZ_m4_sp1_26.1_rev_3,1,1,1,,1,45,,,45,0.837,11jan18_KAZ_m4,KAZ,male,KAZ male,7feb18_11jan18_KAZ_m4_sp1_26.1_rev_3
7feb18_11jan18_KAZ_m4_sp1_26.1_rev,71,3.9208,0.055508,0.76772,3,5,7feb18_11jan18_KAZ_m4_sp1_26.1_rev_5,1,0,0,,1,65,,,6,0.084996,11jan18_KAZ_m4,KAZ,male,KAZ male,7feb18_11jan18_KAZ_m4_sp1_26.1_rev_5
7feb18_11jan18_KAZ_m4_sp1_26.1_rev,75,6.1405,0.081718,0.77952,1,6,7feb18_11jan18_KAZ_m4_sp1_26.1_rev_6,1,0,0,,1,14,,,14,0.17998,11jan18_KAZ_m4,KAZ,male,KAZ male,7feb18_11jan18_KAZ_m4_sp1_26.1_rev_6
7feb18_11jan18_KAZ_m4_sp1_26.1_rev,90,6.0983,0.068101,0.77309,7,7,7feb18_11jan18_KAZ_m4_sp1_26.1_rev_7,1,0,0,,1,39,,,8,0.08927,11jan18_KAZ_m4,KAZ,male,KAZ male,7feb18_11jan18_KAZ_m4_sp1_26.1_rev_7
7feb18_11jan18_KAZ_m4_sp1_26.1_rev,57,5.2579,0.091453,0.74906,1,8,7feb18_11jan18_KAZ_m4_sp1_26.1_rev_8,1?,,,"twist, blub, compressed?",,,,,29,0.50214,11jan18_KAZ_m4,KAZ,male,KAZ male,7feb18_11jan18_KAZ_m4_sp1_26.1_rev_8
7feb18_11jan18_KAZ_m4_sp1_26.2_rev,109,16.7197,0.15299,0.63258,5,1,7feb18_11jan18_KAZ_m4_sp1_26.2_rev_1,0,,,,,,,,11,0.096277,11jan18_KAZ_m4,KAZ,male,KAZ male,7feb18_11jan18_KAZ_m4_sp1_26.2_rev_1
7feb18_11jan18_KAZ_m4_sp1_26.2_rev,46,3.7889,0.08284,0.55347,4,10,7feb18_11jan18_KAZ_m4_sp1_26.2_rev_10,1,,,,,,,,5,0.10716,11jan18_KAZ_m4,KAZ,male,KAZ male,7feb18_11jan18_KAZ_m4_sp1_26.2_rev_10
7feb18_11jan18_KAZ_m4_sp1_26.2_rev,73,4.6228,0.063429,0.52537,3,11,7feb18_11jan18_KAZ_m4_sp1_26.2_rev_11,1,0,0,,1,69,,,3,0.0344,11jan18_KAZ_m4,KAZ,male,KAZ male,7feb18_11jan18_KAZ_m4_sp1_26.2_rev_11
7feb18_11jan18_KAZ_m4_sp1_26.2_rev,62,4.2809,0.068672,0.53009,4,2,7feb18_11jan18_KAZ_m4_sp1_26.2_rev_2,1,,,,,,,,5,0.082356,11jan18_KAZ_m4,KAZ,male,KAZ male,7feb18_11jan18_KAZ_m4_sp1_26.2_rev_2
7feb18_11jan18_KAZ_m4_sp1_26.2_rev,99,4.0308,0.040713,0.53803,12,4,7feb18_11jan18_KAZ_m4_sp1_26.2_rev_4,1,,,,,,,,2,0.017315,11jan18_KAZ_m4,KAZ,male,KAZ male,7feb18_11jan18_KAZ_m4_sp1_26.2_rev_4
7feb18_11jan18_KAZ_m4_sp1_26.2_rev,62,7.1921,0.1158,0.58156,5,5,7feb18_11jan18_KAZ_m4_sp1_26.2_rev_5,1,,,,,,,,9,0.14368,11jan18_KAZ_m4,KAZ,male,KAZ male,7feb18_11jan18_KAZ_m4_sp1_26.2_rev_5
7feb18_11jan18_KAZ_m4_sp1_26.2_rev,81,3.5821,0.044308,0.47446,4,7,7feb18_11jan18_KAZ_m4_sp1_26.2_rev_7,1,,,,,,,,5,0.061666,11jan18_KAZ_m4,KAZ,male,KAZ male,7feb18_11jan18_KAZ_m4_sp1_26.2_rev_7
7feb18_11jan18_KAZ_m4_sp1_26.2_rev,92,3.8473,0.041817,0.53839,5,8,7feb18_11jan18_KAZ_m4_sp1_26.2_rev_8,0,,,,,,,,1,0.006489,11jan18_KAZ_m4,KAZ,male,KAZ male,7feb18_11jan18_KAZ_m4_sp1_26.2_rev_8
7feb18_11jan18_KAZ_m4_sp1_26.2_rev,114,6.052,0.053173,0.47654,5,9,7feb18_11jan18_KAZ_m4_sp1_26.2_rev_9,1,0,0,,1,50,,,50,0.43592,11jan18_KAZ_m4,KAZ,male,KAZ male,7feb18_11jan18_KAZ_m4_sp1_26.2_rev_9
7feb18_11jan18_KAZ_m4_sp1_27_rev,85,3.0986,0.036389,0.77924,8,2,7feb18_11jan18_KAZ_m4_sp1_27_rev_2,1,0,0,,1,78,,,3,0.033081,11jan18_KAZ_m4,KAZ,male,KAZ male,7feb18_11jan18_KAZ_m4_sp1_27_rev_2
7feb18_11jan18_KAZ_m4_sp1_27_rev,138,4.9115,0.035657,0.77219,8,4,7feb18_11jan18_KAZ_m4_sp1_27_rev_4,0,,,,,,,,5,0.033841,11jan18_KAZ_m4,KAZ,male,KAZ male,7feb18_11jan18_KAZ_m4_sp1_27_rev_4
7feb18_11jan18_KAZ_m4_sp1_28_rev,96,8.2012,0.085024,0.64554,9,12,7feb18_11jan18_KAZ_m4_sp1_28_rev_12,1,0,0,,1,44,,,3,0.034042,11jan18_KAZ_m4,KAZ,male,KAZ male,7feb18_11jan18_KAZ_m4_sp1_28_rev_12
7feb18_11jan18_KAZ_m4_sp1_28_rev,126,4.7059,0.037228,0.60395,6,13,7feb18_11jan18_KAZ_m4_sp1_28_rev_13,0,,,,,,,,3,0.020092,11jan18_KAZ_m4,KAZ,male,KAZ male,7feb18_11jan18_KAZ_m4_sp1_28_rev_13
7feb18_11jan18_KAZ_m4_sp1_28_rev,80,4.933,0.061538,0.62486,4,14,7feb18_11jan18_KAZ_m4_sp1_28_rev_14,,,,,,,,,2,0.022343,11jan18_KAZ_m4,KAZ,male,KAZ male,7feb18_11jan18_KAZ_m4_sp1_28_rev_14
7feb18_11jan18_KAZ_m4_sp1_28_rev,74,5.0443,0.067797,0.66167,3,2,7feb18_11jan18_KAZ_m4_sp1_28_rev_2,,,,,,,,,12,0.16129,11jan18_KAZ_m4,KAZ,male,KAZ male,7feb18_11jan18_KAZ_m4_sp1_28_rev_2
7feb18_11jan18_KAZ_m4_sp1_28_rev,77,3.779,0.048937,0.64248,7,3,7feb18_11jan18_KAZ_m4_sp1_28_rev_3,1,,,,,,,,3,0.041896,11jan18_KAZ_m4,KAZ,male,KAZ male,7feb18_11jan18_KAZ_m4_sp1_28_rev_3
7feb18_11jan18_KAZ_m4_sp1_28_rev,57,7.1076,0.12535,0.66302,1,4,7feb18_11jan18_KAZ_m4_sp1_28_rev_4,,,,,,,,,53,0.93582,11jan18_KAZ_m4,KAZ,male,KAZ male,7feb18_11jan18_KAZ_m4_sp1_28_rev_4
7feb18_11jan18_KAZ_m4_sp1_28_rev,80,4.5455,0.056715,0.65953,3,6,7feb18_11jan18_KAZ_m4_sp1_28_rev_6,1,0,0,,1,25,,,2,0.018905,11jan18_KAZ_m4,KAZ,male,KAZ male,7feb18_11jan18_KAZ_m4_sp1_28_rev_6
7feb18_11jan18_KAZ_m4_sp1_28_rev,123,6.1332,0.049936,0.64572,3,7,7feb18_11jan18_KAZ_m4_sp1_28_rev_7,1,0,0,,1,77,,,10,0.084513,11jan18_KAZ_m4,KAZ,male,KAZ male,7feb18_11jan18_KAZ_m4_sp1_28_rev_7
7feb18_11jan18_KAZ_m4_sp1_28_rev,97,2.8125,0.029012,0.66792,6,8,7feb18_11jan18_KAZ_m4_sp1_28_rev_8,1,0,0,,2,33,90,,2,0.016118,11jan18_KAZ_m4,KAZ,male,KAZ male,7feb18_11jan18_KAZ_m4_sp1_28_rev_8
7feb18_11jan18_KAZ_m4_sp1_3_rev,81,5.3487,0.066063,0.59567,1,1,7feb18_11jan18_KAZ_m4_sp1_3_rev_1,1,1,1,cell should be re-croped,1,33,,,33,0.40556,11jan18_KAZ_m4,KAZ,male,KAZ male,7feb18_11jan18_KAZ_m4_sp1_3_rev_1
7feb18_11jan18_KAZ_m4_sp1_3_rev,80,5.0439,0.063388,0.51222,1,10,7feb18_11jan18_KAZ_m4_sp1_3_rev_10,1,1,1,,1,69,,,69,0.87293,11jan18_KAZ_m4,KAZ,male,KAZ male,7feb18_11jan18_KAZ_m4_sp1_3_rev_10
7feb18_11jan18_KAZ_m4_sp1_3_rev,91,6.1699,0.067621,0.43684,2,11,7feb18_11jan18_KAZ_m4_sp1_3_rev_11,1,1,1,,2,19,83,,19,0.20353,11jan18_KAZ_m4,KAZ,male,KAZ male,7feb18_11jan18_KAZ_m4_sp1_3_rev_11
7feb18_11jan18_KAZ_m4_sp1_3_rev,108,2.9773,0.027518,0.46834,1,13,7feb18_11jan18_KAZ_m4_sp1_3_rev_13,1,1,1,,1,99,,,99,0.91722,11jan18_KAZ_m4,KAZ,male,KAZ male,7feb18_11jan18_KAZ_m4_sp1_3_rev_13
7feb18_11jan18_KAZ_m4_sp1_3_rev,72,5.0569,0.070411,0.49071,1,14,7feb18_11jan18_KAZ_m4_sp1_3_rev_14,1,1,1,,1,65,,,65,0.90007,11jan18_KAZ_m4,KAZ,male,KAZ male,7feb18_11jan18_KAZ_m4_sp1_3_rev_14
7feb18_11jan18_KAZ_m4_sp1_3_rev,81,3.3846,0.041692,0.39208,4,2,7feb18_11jan18_KAZ_m4_sp1_3_rev_2,1,0,0,faint foci,1,53,,,26,0.32458,11jan18_KAZ_m4,KAZ,male,KAZ male,7feb18_11jan18_KAZ_m4_sp1_3_rev_2
7feb18_11jan18_KAZ_m4_sp1_3_rev,45,3.2836,0.072798,0.51109,5,26,7feb18_11jan18_KAZ_m4_sp1_3_rev_26,0,,,,,,,,4,0.09927,11jan18_KAZ_m4,KAZ,male,KAZ male,7feb18_11jan18_KAZ_m4_sp1_3_rev_26
7feb18_11jan18_KAZ_m4_sp1_3_rev,45,4.8904,0.10772,0.54196,1,3,7feb18_11jan18_KAZ_m4_sp1_3_rev_3,1,1,1,,1,39,,,39,0.85251,11jan18_KAZ_m4,KAZ,male,KAZ male,7feb18_11jan18_KAZ_m4_sp1_3_rev_3
7feb18_11jan18_KAZ_m4_sp1_3_rev,77,7.0125,0.090966,0.56327,4,4,7feb18_11jan18_KAZ_m4_sp1_3_rev_4,1,0,0,,1,70,,,18,0.23625,11jan18_KAZ_m4,KAZ,male,KAZ male,7feb18_11jan18_KAZ_m4_sp1_3_rev_4
7feb18_11jan18_KAZ_m4_sp1_3_rev,82,5.2366,0.063782,0.5375,1,6,7feb18_11jan18_KAZ_m4_sp1_3_rev_6,1,1,1,,1,77,,,77,0.93559,11jan18_KAZ_m4,KAZ,male,KAZ male,7feb18_11jan18_KAZ_m4_sp1_3_rev_6
7feb18_11jan18_KAZ_m4_sp1_3_rev,73,5.0707,0.069853,0.55745,1,8,7feb18_11jan18_KAZ_m4_sp1_3_rev_8,1,1,1,,1,39,,,39,0.53635,11jan18_KAZ_m4,KAZ,male,KAZ male,7feb18_11jan18_KAZ_m4_sp1_3_rev_8
7feb18_11jan18_KAZ_m4_sp1_3_rev,47,6.3423,0.13429,0.58872,4,9,7feb18_11jan18_KAZ_m4_sp1_3_rev_9,0,,,,,,,,15,0.31699,11jan18_KAZ_m4,KAZ,male,KAZ male,7feb18_11jan18_KAZ_m4_sp1_3_rev_9
7feb18_11jan18_KAZ_m4_sp1_4_rev,75,5.0746,0.067494,0.60234,5,1,7feb18_11jan18_KAZ_m4_sp1_4_rev_1,0,,,,,,,,4,0.047643,11jan18_KAZ_m4,KAZ,male,KAZ male,7feb18_11jan18_KAZ_m4_sp1_4_rev_1
7feb18_11jan18_KAZ_m4_sp1_4_rev,59,2.8571,0.048121,0.56295,1,11,7feb18_11jan18_KAZ_m4_sp1_4_rev_11,0,,,,,,,,45,0.75511,11jan18_KAZ_m4,KAZ,male,KAZ male,7feb18_11jan18_KAZ_m4_sp1_4_rev_11
7feb18_11jan18_KAZ_m4_sp1_4_rev,73,6.1486,0.084588,0.61728,9,2,7feb18_11jan18_KAZ_m4_sp1_4_rev_2,1,0,0,,1,37,,,6,0.079732,11jan18_KAZ_m4,KAZ,male,KAZ male,7feb18_11jan18_KAZ_m4_sp1_4_rev_2
7feb18_11jan18_KAZ_m4_sp1_4_rev,139,24.8153,0.17868,0.60933,10,3,7feb18_11jan18_KAZ_m4_sp1_4_rev_3,0,,,,,,,,12,0.087954,11jan18_KAZ_m4,KAZ,male,KAZ male,7feb18_11jan18_KAZ_m4_sp1_4_rev_3
7feb18_11jan18_KAZ_m4_sp1_4_rev,72,3.84,0.053433,0.61392,4,4,7feb18_11jan18_KAZ_m4_sp1_4_rev_4,1,0,0,,1,59,,,0,0.0040926,11jan18_KAZ_m4,KAZ,male,KAZ male,7feb18_11jan18_KAZ_m4_sp1_4_rev_4
7feb18_11jan18_KAZ_m4_sp1_4_rev,99,4.739,0.047662,0.50421,1,8,7feb18_11jan18_KAZ_m4_sp1_4_rev_8,1,1,1,,1,90,,,90,0.90334,11jan18_KAZ_m4,KAZ,male,KAZ male,7feb18_11jan18_KAZ_m4_sp1_4_rev_8
7feb18_11jan18_KAZ_m4_sp1_5_rev,69,3.5821,0.051577,0.44383,5,11,7feb18_11jan18_KAZ_m4_sp1_5_rev_11,1,0,0,,1,45,,,4,0.051577,11jan18_KAZ_m4,KAZ,male,KAZ male,7feb18_11jan18_KAZ_m4_sp1_5_rev_11
7feb18_11jan18_KAZ_m4_sp1_5_rev,106,5.3679,0.050739,0.43077,3,12,7feb18_11jan18_KAZ_m4_sp1_5_rev_12,1,0,0,,1,85,,,8,0.072999,11jan18_KAZ_m4,KAZ,male,KAZ male,7feb18_11jan18_KAZ_m4_sp1_5_rev_12
7feb18_11jan18_KAZ_m4_sp1_5_rev,114,3.7143,0.032516,0.40266,3,13,7feb18_11jan18_KAZ_m4_sp1_5_rev_13,1,0,0,1 faint foci,1,62,,,5,0.046555,11jan18_KAZ_m4,KAZ,male,KAZ male,7feb18_11jan18_KAZ_m4_sp1_5_rev_13
7feb18_11jan18_KAZ_m4_sp1_5_rev,100,3.7319,0.037319,0.41934,9,14,7feb18_11jan18_KAZ_m4_sp1_5_rev_14,1,,,,1,89,,,3,0.026471,11jan18_KAZ_m4,KAZ,male,KAZ male,7feb18_11jan18_KAZ_m4_sp1_5_rev_14
7feb18_11jan18_KAZ_m4_sp1_5_rev,74,3.3333,0.044899,0.44266,5,15,7feb18_11jan18_KAZ_m4_sp1_5_rev_15,1,0,0,,2,25,59,,4,0.04898,11jan18_KAZ_m4,KAZ,male,KAZ male,7feb18_11jan18_KAZ_m4_sp1_5_rev_15
7feb18_11jan18_KAZ_m4_sp1_5_rev,86,6.6885,0.077389,0.40021,1,16,7feb18_11jan18_KAZ_m4_sp1_5_rev_16,1,1,1,,1,82,,,82,0.94382,11jan18_KAZ_m4,KAZ,male,KAZ male,7feb18_11jan18_KAZ_m4_sp1_5_rev_16
7feb18_11jan18_KAZ_m4_sp1_5_rev,51,6.2257,0.12195,0.43151,5,17,7feb18_11jan18_KAZ_m4_sp1_5_rev_17,1,,,,,,,,2,0.035616,11jan18_KAZ_m4,KAZ,male,KAZ male,7feb18_11jan18_KAZ_m4_sp1_5_rev_17
7feb18_11jan18_KAZ_m4_sp1_5_rev,128,22.7669,0.17718,0.44503,11,2,7feb18_11jan18_KAZ_m4_sp1_5_rev_2,0,,,,,,,,7,0.051128,11jan18_KAZ_m4,KAZ,male,KAZ male,7feb18_11jan18_KAZ_m4_sp1_5_rev_2
7feb18_11jan18_KAZ_m4_sp1_5_rev,78,5.1962,0.066218,0.44461,6,3,7feb18_11jan18_KAZ_m4_sp1_5_rev_3,1,0,0,,1,66,,,1,0.0077233,11jan18_KAZ_m4,KAZ,male,KAZ male,7feb18_11jan18_KAZ_m4_sp1_5_rev_3
7feb18_11jan18_KAZ_m4_sp1_5_rev,119,6.7948,0.056885,0.44178,10,4,7feb18_11jan18_KAZ_m4_sp1_5_rev_4,1,0,0,,1,57,,,1,0.0074973,11jan18_KAZ_m4,KAZ,male,KAZ male,7feb18_11jan18_KAZ_m4_sp1_5_rev_4
7feb18_11jan18_KAZ_m4_sp1_5_rev,59,6.5252,0.11061,0.45092,2,5,7feb18_11jan18_KAZ_m4_sp1_5_rev_5,1,0,0,,1,51,,,1,0.018835,11jan18_KAZ_m4,KAZ,male,KAZ male,7feb18_11jan18_KAZ_m4_sp1_5_rev_5
7feb18_11jan18_KAZ_m4_sp1_5_rev,82,4.2857,0.052001,0.44381,5,6,7feb18_11jan18_KAZ_m4_sp1_5_rev_6,1,0,0,,1,73,,,3,0.034667,11jan18_KAZ_m4,KAZ,male,KAZ male,7feb18_11jan18_KAZ_m4_sp1_5_rev_6
7feb18_11jan18_KAZ_m4_sp1_5_rev,94,5.7835,0.061543,0.4363,8,7,7feb18_11jan18_KAZ_m4_sp1_5_rev_7,1,,,,,,,,4,0.041887,11jan18_KAZ_m4,KAZ,male,KAZ male,7feb18_11jan18_KAZ_m4_sp1_5_rev_7
7feb18_11jan18_KAZ_m4_sp1_5_rev,91,5.9846,0.06606,0.4447,7,8,7feb18_11jan18_KAZ_m4_sp1_5_rev_8,0,,,,,,,,1,0.013798,11jan18_KAZ_m4,KAZ,male,KAZ male,7feb18_11jan18_KAZ_m4_sp1_5_rev_8
7feb18_11jan18_KAZ_m4_sp1_5_rev,127,5.7465,0.045359,0.44384,9,9,7feb18_11jan18_KAZ_m4_sp1_5_rev_9,0,,,,,,,,5,0.037807,11jan18_KAZ_m4,KAZ,male,KAZ male,7feb18_11jan18_KAZ_m4_sp1_5_rev_9
7feb18_11jan18_KAZ_m4_sp1_7_rev,80,3.75,0.0467,0.57039,6,10,7feb18_11jan18_KAZ_m4_sp1_7_rev_10,0,,,,,,,,7,0.091914,11jan18_KAZ_m4,KAZ,male,KAZ male,7feb18_11jan18_KAZ_m4_sp1_7_rev_10
7feb18_11jan18_KAZ_m4_sp1_7_rev,51,4.4779,0.087904,0.60811,2,11,7feb18_11jan18_KAZ_m4_sp1_7_rev_11,1,0,0,,1,18,,,18,0.34398,11jan18_KAZ_m4,KAZ,male,KAZ male,7feb18_11jan18_KAZ_m4_sp1_7_rev_11
7feb18_11jan18_KAZ_m4_sp1_7_rev,43,3.7892,0.087323,0.55105,1,12,7feb18_11jan18_KAZ_m4_sp1_7_rev_12,1,1,1,,1,21,,,21,0.48159,11jan18_KAZ_m4,KAZ,male,KAZ male,7feb18_11jan18_KAZ_m4_sp1_7_rev_12
7feb18_11jan18_KAZ_m4_sp1_7_rev,68,4.2618,0.062909,0.65953,6,2,7feb18_11jan18_KAZ_m4_sp1_7_rev_2,1,0,0,,1,49,,,1,0.012836,11jan18_KAZ_m4,KAZ,male,KAZ male,7feb18_11jan18_KAZ_m4_sp1_7_rev_2
7feb18_11jan18_KAZ_m4_sp1_7_rev,94,6.5876,0.069838,0.57747,10,4,7feb18_11jan18_KAZ_m4_sp1_7_rev_4,1,0,0,,,,,,7,0.069838,11jan18_KAZ_m4,KAZ,male,KAZ male,7feb18_11jan18_KAZ_m4_sp1_7_rev_4
7feb18_11jan18_KAZ_m4_sp1_7_rev,139,3.0769,0.02211,0.58592,10,5,7feb18_11jan18_KAZ_m4_sp1_7_rev_5,0,,,,,,,,10,0.069308,11jan18_KAZ_m4,KAZ,male,KAZ male,7feb18_11jan18_KAZ_m4_sp1_7_rev_5
7feb18_11jan18_KAZ_m4_sp1_7_rev,53,5.3322,0.10064,0.65329,5,8,7feb18_11jan18_KAZ_m4_sp1_7_rev_8,1,0,0,,1,26,,,2,0.045072,11jan18_KAZ_m4,KAZ,male,KAZ male,7feb18_11jan18_KAZ_m4_sp1_7_rev_8
7feb18_11jan18_KAZ_m4_sp1_7_rev,66,4.895,0.073786,0.6071,7,9,7feb18_11jan18_KAZ_m4_sp1_7_rev_9,1,0,0,,1,14,,,9,0.13366,11jan18_KAZ_m4,KAZ,male,KAZ male,7feb18_11jan18_KAZ_m4_sp1_7_rev_9
7feb18_11jan18_KAZ_m4_sp1_8_rev,169,4.6772,0.02769,0.48044,13,1,7feb18_11jan18_KAZ_m4_sp1_8_rev_1,0,0,0,,,,,,2,0.012751,11jan18_KAZ_m4,KAZ,male,KAZ male,7feb18_11jan18_KAZ_m4_sp1_8_rev_1
7feb18_11jan18_KAZ_m4_sp1_8_rev,175,5.4757,0.031304,0.46592,2,2,7feb18_11jan18_KAZ_m4_sp1_8_rev_2,0,,,,,,,,33,0.18882,11jan18_KAZ_m4,KAZ,male,KAZ male,7feb18_11jan18_KAZ_m4_sp1_8_rev_2
7feb18_11jan18_KAZ_m4_sp1_8_rev,84,6.9077,0.082411,0.4553,2,4,7feb18_11jan18_KAZ_m4_sp1_8_rev_4,1,0,0,second faint foci,1,12,,,12,0.14362,11jan18_KAZ_m4,KAZ,male,KAZ male,7feb18_11jan18_KAZ_m4_sp1_8_rev_4
7feb18_11jan18_KAZ_m4_sp1_8_rev,96,3.6364,0.037813,0.44431,1,5,7feb18_11jan18_KAZ_m4_sp1_8_rev_5,1,1,1,,1,23,,,23,0.24312,11jan18_KAZ_m4,KAZ,male,KAZ male,7feb18_11jan18_KAZ_m4_sp1_8_rev_5
7feb18_11jan18_KAZ_m4_sp1_8_rev,91,4.8185,0.052922,0.44762,9,6,7feb18_11jan18_KAZ_m4_sp1_8_rev_6,1,0,0,faint foci,,,,,3,0.037998,11jan18_KAZ_m4,KAZ,male,KAZ male,7feb18_11jan18_KAZ_m4_sp1_8_rev_6
7feb18_11jan18_KAZ_m4_sp1_8_rev,123,6.3957,0.052167,0.40857,9,8,7feb18_11jan18_KAZ_m4_sp1_8_rev_8,1,0,0,,1,32,,,6,0.050129,11jan18_KAZ_m4,KAZ,male,KAZ male,7feb18_11jan18_KAZ_m4_sp1_8_rev_8
7feb18_11jan18_KAZ_m4_sp1_8_rev,73,4.3478,0.05988,0.44153,5,9,7feb18_11jan18_KAZ_m4_sp1_8_rev_9,1,0,0,,1,50,,,30,0.41726,11jan18_KAZ_m4,KAZ,male,KAZ male,7feb18_11jan18_KAZ_m4_sp1_8_rev_9
7feb18_11jan18_KAZ_m4_sp1_9_rev,68,6.041,0.088982,0.75151,2,10,7feb18_11jan18_KAZ_m4_sp1_9_rev_10,1,0,0,,1,55,,,8,0.12442,11jan18_KAZ_m4,KAZ,male,KAZ male,7feb18_11jan18_KAZ_m4_sp1_9_rev_10
7feb18_11jan18_KAZ_m4_sp1_9_rev,86,4.25,0.049643,0.81487,8,3,7feb18_11jan18_KAZ_m4_sp1_9_rev_3,0,,,,,,,,5,0.060868,11jan18_KAZ_m4,KAZ,male,KAZ male,7feb18_11jan18_KAZ_m4_sp1_9_rev_3
7feb18_11jan18_KAZ_m4_sp1_9_rev,90,4.3887,0.048716,0.74764,9,8,7feb18_11jan18_KAZ_m4_sp1_9_rev_8,1,0,0,faint foci,,,,,2,0.022854,11jan18_KAZ_m4,KAZ,male,KAZ male,7feb18_11jan18_KAZ_m4_sp1_9_rev_8
