fileName,centromere_ABS_Position,centromere_PER_Position,avergeRED,chromosomeLength,numberCrossOvers,boxNumber,Obj.ID,SC.pass,foci.pass,curated(1pass.0fail),curation.notes,hand.foci.count,Foci1,Foci2,Foci3
20jul15_18may15_PWD_m1_sp1_15_rev,3.9922,0.14259,0.78127,28,2,10,20jul15_18may15_PWD_m1_sp1_15_rev_10,0,,,"2 cells, but still some good segmentation",,,,
20jul15_18may15_PWD_m1_sp1_15_rev,5.8421,0.05188,0.82407,113,4,12,20jul15_18may15_PWD_m1_sp1_15_rev_12,1,0,,,2,11,107,
20jul15_18may15_PWD_m1_sp1_15_rev,7.0894,0.095681,0.81661,74,3,13,20jul15_18may15_PWD_m1_sp1_15_rev_13,1,0,,,1,18,,
20jul15_18may15_PWD_m1_sp1_15_rev,7.1671,0.078106,0.80645,92,3,14,20jul15_18may15_PWD_m1_sp1_15_rev_14,1,0,,,2,17,82,
20jul15_18may15_PWD_m1_sp1_15_rev,4.5472,0.051795,0.80596,88,2,15,20jul15_18may15_PWD_m1_sp1_15_rev_15,1,1,,,2,28,76,
20jul15_18may15_PWD_m1_sp1_15_rev,6.5879,0.12502,0.79077,53,2,16,20jul15_18may15_PWD_m1_sp1_15_rev_16,1,0,,,1,26,,
20jul15_18may15_PWD_m1_sp1_15_rev,3.871,0.050481,0.73117,77,6,17,20jul15_18may15_PWD_m1_sp1_15_rev_17,1,0,,,2,15,75,
20jul15_18may15_PWD_m1_sp1_15_rev,3.7811,0.049094,0.70877,77,1,18,20jul15_18may15_PWD_m1_sp1_15_rev_18,0,,,,,,,
20jul15_18may15_PWD_m1_sp1_15_rev,6.5728,0.097865,0.71299,67,3,19,20jul15_18may15_PWD_m1_sp1_15_rev_19,1,0,,,1,54,,
20jul15_18may15_PWD_m1_sp1_15_rev,5.4438,0.057307,0.82418,95,4,2,20jul15_18may15_PWD_m1_sp1_15_rev_2,1,0,,,2,13,90,
20jul15_18may15_PWD_m1_sp1_15_rev,4.8455,0.076196,0.73931,64,2,20,20jul15_18may15_PWD_m1_sp1_15_rev_20,1,0,,,1,56,,
20jul15_18may15_PWD_m1_sp1_15_rev,6.1513,0.10631,0.77622,58,5,22,20jul15_18may15_PWD_m1_sp1_15_rev_22,0,,,,,,,
20jul15_18may15_PWD_m1_sp1_15_rev,4.3866,0.046944,0.66677,93,4,23,20jul15_18may15_PWD_m1_sp1_15_rev_23,1,0,,,2,17,90,
20jul15_18may15_PWD_m1_sp1_15_rev,14.6269,0.1558,0.66096,94,4,24,20jul15_18may15_PWD_m1_sp1_15_rev_24,0,,,,,,,
20jul15_18may15_PWD_m1_sp1_15_rev,3.2923,0.056496,0.75798,58,3,27,20jul15_18may15_PWD_m1_sp1_15_rev_27,1,0,,,1,47,,
20jul15_18may15_PWD_m1_sp1_15_rev,7.9758,0.12999,0.6088,61,3,29,20jul15_18may15_PWD_m1_sp1_15_rev_29,0,,,,,,,
20jul15_18may15_PWD_m1_sp1_15_rev,4.9065,0.079931,0.85004,61,4,3,20jul15_18may15_PWD_m1_sp1_15_rev_3,1,0,,,1,55,,
20jul15_18may15_PWD_m1_sp1_15_rev,3.3753,0.036759,0.6991,92,3,31,20jul15_18may15_PWD_m1_sp1_15_rev_31,1,0,,,2,30,84,
20jul15_18may15_PWD_m1_sp1_15_rev,5.8908,0.10387,0.73333,57,1,33,20jul15_18may15_PWD_m1_sp1_15_rev_33,1,1,,,1,25,,
20jul15_18may15_PWD_m1_sp1_15_rev,9.0909,0.13179,0.66039,69,2,34,20jul15_18may15_PWD_m1_sp1_15_rev_34,0,,,,,,,
20jul15_18may15_PWD_m1_sp1_15_rev,11.3052,0.17858,0.76207,63,1,4,20jul15_18may15_PWD_m1_sp1_15_rev_4,1,1,,,1,41,,
20jul15_18may15_PWD_m1_sp1_15_rev,5.0999,0.062676,0.82905,81,6,5,20jul15_18may15_PWD_m1_sp1_15_rev_5,0,,,,,,,
20jul15_18may15_PWD_m1_sp1_15_rev,5.1096,0.054607,0.8614,94,5,6,20jul15_18may15_PWD_m1_sp1_15_rev_6,1,0,,,2,19,80,
20jul15_18may15_PWD_m1_sp1_15_rev,6.9221,0.072416,0.80327,96,4,7,20jul15_18may15_PWD_m1_sp1_15_rev_7,1,0,,,2,26,82,
20jul15_18may15_PWD_m1_sp1_15_rev,3.1985,0.036737,0.80676,87,4,8,20jul15_18may15_PWD_m1_sp1_15_rev_8,0,,,,,,,
20jul15_18may15_PWD_m1_sp1_17_rev,4.6174,0.064104,0.77099,72,9,1,20jul15_18may15_PWD_m1_sp1_17_rev_1,0,,,"seems like more than 2 cells, but good segmentation",,,,
20jul15_18may15_PWD_m1_sp1_17_rev,2.8147,0.043635,0.80585,65,2,10,20jul15_18may15_PWD_m1_sp1_17_rev_10,1,0,,,1,56,,
20jul15_18may15_PWD_m1_sp1_17_rev,5.3582,0.055243,0.75614,97,6,11,20jul15_18may15_PWD_m1_sp1_17_rev_11,1,0,,,2,12,89,
20jul15_18may15_PWD_m1_sp1_17_rev,2.9032,0.044358,0.75519,65,3,12,20jul15_18may15_PWD_m1_sp1_17_rev_12,1,0,,,2,16,50,
20jul15_18may15_PWD_m1_sp1_17_rev,3.0297,0.040641,0.78065,75,2,13,20jul15_18may15_PWD_m1_sp1_17_rev_13,1,0,,,1,30,,
20jul15_18may15_PWD_m1_sp1_17_rev,2.1538,0.028535,0.75341,75,2,14,20jul15_18may15_PWD_m1_sp1_17_rev_14,1,0,,,1,19,,
20jul15_18may15_PWD_m1_sp1_17_rev,4.6287,0.044549,0.79505,104,2,15,20jul15_18may15_PWD_m1_sp1_17_rev_15,1,1,,,2,14,87,
20jul15_18may15_PWD_m1_sp1_17_rev,4.8498,0.055627,0.78692,87,3,16,20jul15_18may15_PWD_m1_sp1_17_rev_16,1,0,,,2,25,63,
20jul15_18may15_PWD_m1_sp1_17_rev,4.2169,0.044367,0.72554,95,2,17,20jul15_18may15_PWD_m1_sp1_17_rev_17,1,1,,,2,15,72,
20jul15_18may15_PWD_m1_sp1_17_rev,1.7391,0.025912,0.76268,67,2,18,20jul15_18may15_PWD_m1_sp1_17_rev_18,1,1,,,2,10,53,
20jul15_18may15_PWD_m1_sp1_17_rev,2.9104,0.024158,0.81894,120,7,19,20jul15_18may15_PWD_m1_sp1_17_rev_19,0,,,,,,,
20jul15_18may15_PWD_m1_sp1_17_rev,3.1997,0.033368,0.775,96,2,2,20jul15_18may15_PWD_m1_sp1_17_rev_2,1,1,,,2,28,88,
20jul15_18may15_PWD_m1_sp1_17_rev,3.1655,0.040823,0.76053,78,5,20,20jul15_18may15_PWD_m1_sp1_17_rev_20,1,0,,,2,20,70,
20jul15_18may15_PWD_m1_sp1_17_rev,5.7292,0.076,0.78125,75,3,22,20jul15_18may15_PWD_m1_sp1_17_rev_22,1,0,,,2,31,65,
20jul15_18may15_PWD_m1_sp1_17_rev,3.1071,0.044557,0.7933,70,3,23,20jul15_18may15_PWD_m1_sp1_17_rev_23,1,0,,,1,42,,
20jul15_18may15_PWD_m1_sp1_17_rev,3.9558,0.077914,0.7956,51,1,24,20jul15_18may15_PWD_m1_sp1_17_rev_24,1,1,,,1,45,,
20jul15_18may15_PWD_m1_sp1_17_rev,2.5613,0.044522,0.70588,58,2,25,20jul15_18may15_PWD_m1_sp1_17_rev_25,1,0,,,1,13,,
20jul15_18may15_PWD_m1_sp1_17_rev,2,0.022138,0.7129,90,2,29,20jul15_18may15_PWD_m1_sp1_17_rev_29,1,1,,,2,26,83,
20jul15_18may15_PWD_m1_sp1_17_rev,4.1447,0.04756,0.78328,87,3,3,20jul15_18may15_PWD_m1_sp1_17_rev_3,1,0,,,2,40,78,
20jul15_18may15_PWD_m1_sp1_17_rev,5.0501,0.055677,0.69079,91,2,30,20jul15_18may15_PWD_m1_sp1_17_rev_30,1,1,,,2,29,77,
20jul15_18may15_PWD_m1_sp1_17_rev,5.3389,0.048772,0.68309,109,3,31,20jul15_18may15_PWD_m1_sp1_17_rev_31,1,0,,,1,63,,
20jul15_18may15_PWD_m1_sp1_17_rev,4.5952,0.096351,0.70057,48,1,32,20jul15_18may15_PWD_m1_sp1_17_rev_32,1,1,,,1,22,,
20jul15_18may15_PWD_m1_sp1_17_rev,6.119,0.097011,0.69063,63,1,33,20jul15_18may15_PWD_m1_sp1_17_rev_33,1,1,,,1,55,,
20jul15_18may15_PWD_m1_sp1_17_rev,5.641,0.059998,0.65368,94,2,37,20jul15_18may15_PWD_m1_sp1_17_rev_37,1,1,,,2,18,71,
20jul15_18may15_PWD_m1_sp1_17_rev,8.4507,0.11033,0.64202,77,4,38,20jul15_18may15_PWD_m1_sp1_17_rev_38,0,,,,,,,
20jul15_18may15_PWD_m1_sp1_17_rev,4.8501,0.040785,0.77146,119,2,4,20jul15_18may15_PWD_m1_sp1_17_rev_4,1,1,,,2,35,112,
20jul15_18may15_PWD_m1_sp1_17_rev,2.6494,0.039756,0.77599,67,2,5,20jul15_18may15_PWD_m1_sp1_17_rev_5,0,,,,,,,
20jul15_18may15_PWD_m1_sp1_17_rev,5.2754,0.089742,0.80151,59,3,6,20jul15_18may15_PWD_m1_sp1_17_rev_6,1,0,,,2,11,41,
20jul15_18may15_PWD_m1_sp1_17_rev,3.6281,0.02285,0.81547,159,5,7,20jul15_18may15_PWD_m1_sp1_17_rev_7,0,,,,,,,
20jul15_18may15_PWD_m1_sp1_17_rev,5.8847,0.06978,0.78868,84,1,9,20jul15_18may15_PWD_m1_sp1_17_rev_9,1,1,,,1,42,,
20jul15_18may15_PWD_m1_sp1_19_rev,4.6764,0.037306,0.60328,125,2,1,20jul15_18may15_PWD_m1_sp1_19_rev_1,1,1,1,,2,47,112,
20jul15_18may15_PWD_m1_sp1_19_rev,2.8571,0.02591,0.61563,110,2,10,20jul15_18may15_PWD_m1_sp1_19_rev_10,1,1,1,,2,20,98,
20jul15_18may15_PWD_m1_sp1_19_rev,15.216,0.16062,0.59,95,2,12,20jul15_18may15_PWD_m1_sp1_19_rev_12,0,,,,,,,
20jul15_18may15_PWD_m1_sp1_19_rev,3.6369,0.12657,0.62914,29,4,13,20jul15_18may15_PWD_m1_sp1_19_rev_13,0,,,,,,,
20jul15_18may15_PWD_m1_sp1_19_rev,3.3846,0.083938,0.59224,40,1,15,20jul15_18may15_PWD_m1_sp1_19_rev_15,0,,,,,,,
20jul15_18may15_PWD_m1_sp1_19_rev,4.9467,0.036863,0.65797,134,2,2,20jul15_18may15_PWD_m1_sp1_19_rev_2,1,1,1,,2,12,125,
20jul15_18may15_PWD_m1_sp1_19_rev,7.1758,0.056219,0.69601,128,3,3,20jul15_18may15_PWD_m1_sp1_19_rev_3,0,,,,,,,
20jul15_18may15_PWD_m1_sp1_19_rev,5.596,0.099827,0.5933,56,1,4,20jul15_18may15_PWD_m1_sp1_19_rev_4,0,,,,,,,
20jul15_18may15_PWD_m1_sp1_19_rev,11.3043,0.15939,0.64445,71,3,6,20jul15_18may15_PWD_m1_sp1_19_rev_6,0,,,,,,,
20jul15_18may15_PWD_m1_sp1_19_rev,9.0374,0.12114,0.70689,75,1,7,20jul15_18may15_PWD_m1_sp1_19_rev_7,1,1,1,,1,56,,
20jul15_18may15_PWD_m1_sp1_19_rev,0.31746,0.0042264,0.59669,75,2,9,20jul15_18may15_PWD_m1_sp1_19_rev_9,0,,,,,,,
20jul15_18may15_PWD_m1_sp1_20.2_rev,1.5213,0.017308,0.8119,88,6,1,20jul15_18may15_PWD_m1_sp1_20.2_rev_1,1,0,,,1,79,,
20jul15_18may15_PWD_m1_sp1_20.2_rev,4.1186,0.045933,0.67804,90,4,10,20jul15_18may15_PWD_m1_sp1_20.2_rev_10,1,0,,,1,42,,
20jul15_18may15_PWD_m1_sp1_20.2_rev,3.0164,0.034392,0.71442,88,2,11,20jul15_18may15_PWD_m1_sp1_20.2_rev_11,1,1,,,2,15,78,
20jul15_18may15_PWD_m1_sp1_20.2_rev,4.6605,0.051738,0.64459,90,10,13,20jul15_18may15_PWD_m1_sp1_20.2_rev_13,1,,,foci are faint,,,,
20jul15_18may15_PWD_m1_sp1_20.2_rev,5.6677,0.084452,0.71464,67,5,14,20jul15_18may15_PWD_m1_sp1_20.2_rev_14,1,,,foci are faint,,,,
20jul15_18may15_PWD_m1_sp1_20.2_rev,4.4147,0.058867,0.68179,75,6,16,20jul15_18may15_PWD_m1_sp1_20.2_rev_16,1,,,foci are faint,,,,
20jul15_18may15_PWD_m1_sp1_20.2_rev,5.7879,0.10314,0.64627,56,3,19,20jul15_18may15_PWD_m1_sp1_20.2_rev_19,1,0,,?,,,,
20jul15_18may15_PWD_m1_sp1_20.2_rev,4.5621,0.059204,0.77906,77,4,2,20jul15_18may15_PWD_m1_sp1_20.2_rev_2,1,0,,,1,69,,
20jul15_18may15_PWD_m1_sp1_20.2_rev,3.7869,0.076169,0.66993,50,2,20,20jul15_18may15_PWD_m1_sp1_20.2_rev_20,,,,,,,,
20jul15_18may15_PWD_m1_sp1_20.2_rev,4.4925,0.045678,0.75432,98,1,3,20jul15_18may15_PWD_m1_sp1_20.2_rev_3,1,1,,,1,77,,
20jul15_18may15_PWD_m1_sp1_20.2_rev,3.9743,0.043031,0.73468,92,4,4,20jul15_18may15_PWD_m1_sp1_20.2_rev_4,1,1,,,1,45,,
20jul15_18may15_PWD_m1_sp1_20.2_rev,5.3724,0.11501,0.77506,47,5,5,20jul15_18may15_PWD_m1_sp1_20.2_rev_5,,,,,,,,
20jul15_18may15_PWD_m1_sp1_20.2_rev,3.0103,0.037837,0.77383,80,3,6,20jul15_18may15_PWD_m1_sp1_20.2_rev_6,1,0,,,1,30,,
20jul15_18may15_PWD_m1_sp1_20.2_rev,1.2698,0.013596,0.75031,93,2,7,20jul15_18may15_PWD_m1_sp1_20.2_rev_7,1,0,,,1,90,,
20jul15_18may15_PWD_m1_sp1_21_rev,3.0986,0.050232,0.79032,62,1,1,20jul15_18may15_PWD_m1_sp1_21_rev_1,1,1,,,1,50,,
20jul15_18may15_PWD_m1_sp1_21_rev,7.4041,0.078838,0.70538,94,2,11,20jul15_18may15_PWD_m1_sp1_21_rev_11,1,0,,,1,88,,
20jul15_18may15_PWD_m1_sp1_21_rev,4,0.046763,0.69531,86,2,12,20jul15_18may15_PWD_m1_sp1_21_rev_12,1,0,,,1,58,,
20jul15_18may15_PWD_m1_sp1_21_rev,3.2312,0.045272,0.71432,71,3,14,20jul15_18may15_PWD_m1_sp1_21_rev_14,1,0,,,1,47,,
20jul15_18may15_PWD_m1_sp1_21_rev,4.1029,0.039389,0.71411,104,3,15,20jul15_18may15_PWD_m1_sp1_21_rev_15,1,0,,,2,25,98,
20jul15_18may15_PWD_m1_sp1_21_rev,3.2836,0.025173,0.76812,130,3,2,20jul15_18may15_PWD_m1_sp1_21_rev_2,1,0,,,2,67,128,
20jul15_18may15_PWD_m1_sp1_21_rev,4.9883,0.031707,0.76113,157,5,3,20jul15_18may15_PWD_m1_sp1_21_rev_3,0,,,,,,,
20jul15_18may15_PWD_m1_sp1_21_rev,1.2121,0.011829,0.7293,102,2,5,20jul15_18may15_PWD_m1_sp1_21_rev_5,1,0,,,1,77,,
20jul15_18may15_PWD_m1_sp1_22_rev,4.4892,0.043118,0.72896,104,4,1,20jul15_18may15_PWD_m1_sp1_22_rev_1,1,0,,foci sorta bright,2,26,84,
20jul15_18may15_PWD_m1_sp1_22_rev,3.1856,0.059035,0.74201,54,4,10,20jul15_18may15_PWD_m1_sp1_22_rev_10,1,0,,,1,30,,
20jul15_18may15_PWD_m1_sp1_22_rev,3.4774,0.039229,0.71988,89,6,11,20jul15_18may15_PWD_m1_sp1_22_rev_11,0,,,,,,,
20jul15_18may15_PWD_m1_sp1_22_rev,2.4242,0.021765,0.67422,111,9,13,20jul15_18may15_PWD_m1_sp1_22_rev_13,1,0,0,,2,26,91,
20jul15_18may15_PWD_m1_sp1_22_rev,3.1889,0.032977,0.70446,97,7,14,20jul15_18may15_PWD_m1_sp1_22_rev_14,1,0,0,,2,20,72,
20jul15_18may15_PWD_m1_sp1_22_rev,9.552,0.12207,0.6589,78,2,16,20jul15_18may15_PWD_m1_sp1_22_rev_16,0,,,,,,,
20jul15_18may15_PWD_m1_sp1_22_rev,4.9368,0.045533,0.6907,108,4,17,20jul15_18may15_PWD_m1_sp1_22_rev_17,1,0,0,,2,32,104,
20jul15_18may15_PWD_m1_sp1_22_rev,5.4392,0.062581,0.65997,87,3,18,20jul15_18may15_PWD_m1_sp1_22_rev_18,1,0,0,,2,17,78,
20jul15_18may15_PWD_m1_sp1_22_rev,3.7513,0.037999,0.75094,99,7,2,20jul15_18may15_PWD_m1_sp1_22_rev_2,1,0,0,,2,21,82,
20jul15_18may15_PWD_m1_sp1_22_rev,4.5625,0.060186,0.74257,76,6,3,20jul15_18may15_PWD_m1_sp1_22_rev_3,1,0,0,,1,22,,
20jul15_18may15_PWD_m1_sp1_22_rev,6.1938,0.090015,0.74093,69,2,4,20jul15_18may15_PWD_m1_sp1_22_rev_4,1,0,0,,1,62,,
20jul15_18may15_PWD_m1_sp1_22_rev,6.6277,0.061597,0.71002,108,6,5,20jul15_18may15_PWD_m1_sp1_22_rev_5,1,0,0,,1,55,,
20jul15_18may15_PWD_m1_sp1_22_rev,2.6029,0.034221,0.74608,76,5,8,20jul15_18may15_PWD_m1_sp1_22_rev_8,1,0,0,,1,62,,
20jul15_18may15_PWD_m1_sp1_22_rev,5.093,0.052545,0.71861,97,6,9,20jul15_18may15_PWD_m1_sp1_22_rev_9,1,0,0,,2,26,87,
20jul15_18may15_PWD_m1_sp1_24_rev,3.7117,0.038755,0.8223,96,5,1,20jul15_18may15_PWD_m1_sp1_24_rev_1,1,0,,,2,14,84,
20jul15_18may15_PWD_m1_sp1_24_rev,3.8462,0.031075,0.75524,124,2,12,20jul15_18may15_PWD_m1_sp1_24_rev_12,0,,,,,,,
20jul15_18may15_PWD_m1_sp1_24_rev,3.8533,0.041704,0.66313,92,3,16,20jul15_18may15_PWD_m1_sp1_24_rev_16,1,0,,,1,71,,
20jul15_18may15_PWD_m1_sp1_24_rev,3.5298,0.10291,0.66948,34,5,17,20jul15_18may15_PWD_m1_sp1_24_rev_17,0,0,,,,,,
20jul15_18may15_PWD_m1_sp1_24_rev,4.7786,0.039454,0.6207,121,3,19,20jul15_18may15_PWD_m1_sp1_24_rev_19,1,0,,,2,52,105,
20jul15_18may15_PWD_m1_sp1_24_rev,4.7157,0.059292,0.74578,80,8,2,20jul15_18may15_PWD_m1_sp1_24_rev_2,1,0,,,,,,
20jul15_18may15_PWD_m1_sp1_24_rev,5.8023,0.067639,0.75865,86,4,4,20jul15_18may15_PWD_m1_sp1_24_rev_4,1,0,,,2,25,77,
20jul15_18may15_PWD_m1_sp1_24_rev,4.597,0.043575,0.74745,105,4,5,20jul15_18may15_PWD_m1_sp1_24_rev_5,1,0,,,2,20,80,
20jul15_18may15_PWD_m1_sp1_24_rev,3.5783,0.028144,0.75437,127,6,8,20jul15_18may15_PWD_m1_sp1_24_rev_8,1,0,,,1,70,,
20jul15_18may15_PWD_m1_sp1_24_rev,6.1427,0.13361,0.69806,46,4,9,20jul15_18may15_PWD_m1_sp1_24_rev_9,0,,,,,,,
20jul15_18may15_PWD_m1_sp1_28_rev,4.1293,0.054678,0.78359,76,1,1,20jul15_18may15_PWD_m1_sp1_28_rev_1,1,1,,,1,49,,
20jul15_18may15_PWD_m1_sp1_28_rev,4.2163,0.075464,0.70145,56,1,10,20jul15_18may15_PWD_m1_sp1_28_rev_10,1,1,,,1,27,,
20jul15_18may15_PWD_m1_sp1_28_rev,5.489,0.069378,0.71772,79,1,17,20jul15_18may15_PWD_m1_sp1_28_rev_17,0,,,,,,,
20jul15_18may15_PWD_m1_sp1_28_rev,5.6831,0.064711,0.803,88,2,3,20jul15_18may15_PWD_m1_sp1_28_rev_3,1,1,,,2,29,74,
20jul15_18may15_PWD_m1_sp1_28_rev,4.171,0.14209,0.81114,29,1,4,20jul15_18may15_PWD_m1_sp1_28_rev_4,0,,,,,,,
20jul15_18may15_PWD_m1_sp1_28_rev,11.0926,0.14567,0.74902,76,3,5,20jul15_18may15_PWD_m1_sp1_28_rev_5,0,,,,,,,
20jul15_18may15_PWD_m1_sp1_28_rev,5.1429,0.059167,0.73838,87,1,6,20jul15_18may15_PWD_m1_sp1_28_rev_6,1,1,,,1,66,,
20jul15_18may15_PWD_m1_sp1_28_rev,3.125,0.034139,0.81184,92,1,7,20jul15_18may15_PWD_m1_sp1_28_rev_7,1,1,,,1,58,,
20jul15_18may15_PWD_m1_sp1_28_rev,3.3141,0.049951,0.66041,66,2,9,20jul15_18may15_PWD_m1_sp1_28_rev_9,0,,,,,,,
20jul15_18may15_PWD_m1_sp1_29.1_rev,3.4298,0.035314,0.6096,97,2,11,20jul15_18may15_PWD_m1_sp1_29.1_rev_11,1,1,1,,2,29,88,
20jul15_18may15_PWD_m1_sp1_29.1_rev,2.7869,0.13426,0.69105,21,3,13,20jul15_18may15_PWD_m1_sp1_29.1_rev_13,,,,,,,,
20jul15_18may15_PWD_m1_sp1_29.1_rev,1.7157,0.013413,0.63103,128,2,14,20jul15_18may15_PWD_m1_sp1_29.1_rev_14,,,,,,,,
20jul15_18may15_PWD_m1_sp1_29.1_rev,2.7779,0.06793,0.60589,41,5,16,20jul15_18may15_PWD_m1_sp1_29.1_rev_16,0,,,,,,,
20jul15_18may15_PWD_m1_sp1_29.1_rev,4.6976,0.057945,0.58531,81,3,17,20jul15_18may15_PWD_m1_sp1_29.1_rev_17,0,,,,,,,
20jul15_18may15_PWD_m1_sp1_29.1_rev,2.8482,0.043074,0.68923,66,1,3,20jul15_18may15_PWD_m1_sp1_29.1_rev_3,0,,,,,,,
20jul15_18may15_PWD_m1_sp1_29.1_rev,5.8532,0.056116,0.6825,104,2,4,20jul15_18may15_PWD_m1_sp1_29.1_rev_4,1,1,,,2,31,87,
20jul15_18may15_PWD_m1_sp1_29.1_rev,7.6059,0.13875,0.7335,55,1,6,20jul15_18may15_PWD_m1_sp1_29.1_rev_6,1,1,,,1,44,,
20jul15_18may15_PWD_m1_sp1_29.1_rev,5.2471,0.056099,0.6716,94,2,8,20jul15_18may15_PWD_m1_sp1_29.1_rev_8,1,1,,,2,35,77,
20jul15_18may15_PWD_m1_sp1_29.1_rev,6.5238,0.061473,0.65108,106,2,9,20jul15_18may15_PWD_m1_sp1_29.1_rev_9,1,1,,,2,24,84,
20jul15_18may15_PWD_m1_sp1_29.2_rev,4.0088,0.071355,0.50393,56,1,16,20jul15_18may15_PWD_m1_sp1_29.2_rev_16,0,,,,,,,
20jul15_18may15_PWD_m1_sp1_29.2_rev,9.864,0.16207,0.57237,61,2,3,20jul15_18may15_PWD_m1_sp1_29.2_rev_3,0,,,,,,,
20jul15_18may15_PWD_m1_sp1_29.2_rev,4.6275,0.040993,0.5311,113,5,4,20jul15_18may15_PWD_m1_sp1_29.2_rev_4,0,,,,,,,
20jul15_18may15_PWD_m1_sp1_29.2_rev,4.3627,0.048909,0.56251,89,1,5,20jul15_18may15_PWD_m1_sp1_29.2_rev_5,1,1,,,1,55,,
20jul15_18may15_PWD_m1_sp1_29.3_rev,7.5662,0.075468,0.63523,100,2,1,20jul15_18may15_PWD_m1_sp1_29.3_rev_1,1,1,,,2,28,84,
20jul15_18may15_PWD_m1_sp1_29.3_rev,6.3669,0.049816,0.53909,128,2,10,20jul15_18may15_PWD_m1_sp1_29.3_rev_10,0,,,,,,,
20jul15_18may15_PWD_m1_sp1_29.3_rev,3.055,0.034005,0.58855,90,1,11,20jul15_18may15_PWD_m1_sp1_29.3_rev_11,1,1,,,1,56,,
20jul15_18may15_PWD_m1_sp1_29.3_rev,3.965,0.036902,0.60644,107,2,12,20jul15_18may15_PWD_m1_sp1_29.3_rev_12,1,1,,,2,26,94,
20jul15_18may15_PWD_m1_sp1_29.3_rev,17.222,0.095338,0.6147,181,24,13,20jul15_18may15_PWD_m1_sp1_29.3_rev_13,0,,,,,,,
20jul15_18may15_PWD_m1_sp1_29.3_rev,6.181,0.10263,0.57115,60,1,15,20jul15_18may15_PWD_m1_sp1_29.3_rev_15,1,1,,,1,31,,
20jul15_18may15_PWD_m1_sp1_29.3_rev,5.5157,0.048946,0.57936,113,2,2,20jul15_18may15_PWD_m1_sp1_29.3_rev_2,1,1,,,2,43,100,
20jul15_18may15_PWD_m1_sp1_29.3_rev,4.0442,0.093477,0.55706,43,1,6,20jul15_18may15_PWD_m1_sp1_29.3_rev_6,0,,,,,,,
20jul15_18may15_PWD_m1_sp1_29.3_rev,3.8393,0.042896,0.59471,90,2,7,20jul15_18may15_PWD_m1_sp1_29.3_rev_7,1,1,,,2,20,80,
20jul15_18may15_PWD_m1_sp1_29.3_rev,4.8256,0.070899,0.63706,68,2,9,20jul15_18may15_PWD_m1_sp1_29.3_rev_9,1,1,,,2,26,60,
20jul15_18may15_PWD_m1_sp1_30_rev,4.77,0.048388,0.89223,99,6,1,20jul15_18may15_PWD_m1_sp1_30_rev_1,,,,,,,,
20jul15_18may15_PWD_m1_sp1_30_rev,3.8851,0.035965,0.87475,108,5,10,20jul15_18may15_PWD_m1_sp1_30_rev_10,1,0,,,2,33,93,
20jul15_18may15_PWD_m1_sp1_30_rev,6.2313,0.039383,0.82219,158,5,11,20jul15_18may15_PWD_m1_sp1_30_rev_11,0,,,,,,,
20jul15_18may15_PWD_m1_sp1_30_rev,6.1576,0.057318,0.82812,107,4,12,20jul15_18may15_PWD_m1_sp1_30_rev_12,1,1,,,2,36,103,
20jul15_18may15_PWD_m1_sp1_30_rev,5.1339,0.056274,0.85744,91,3,14,20jul15_18may15_PWD_m1_sp1_30_rev_14,1,0,,,2,22,83,
20jul15_18may15_PWD_m1_sp1_30_rev,7.1816,0.11966,0.82285,60,2,17,20jul15_18may15_PWD_m1_sp1_30_rev_17,1,0,,,1,54,,
20jul15_18may15_PWD_m1_sp1_30_rev,3.4644,0.027047,0.86876,128,4,2,20jul15_18may15_PWD_m1_sp1_30_rev_2,1,0,,,2,34,120,
20jul15_18may15_PWD_m1_sp1_30_rev,6.6799,0.056018,0.86634,119,4,5,20jul15_18may15_PWD_m1_sp1_30_rev_5,1,0,,,2,65,110,
20jul15_18may15_PWD_m1_sp1_30_rev,6.7224,0.092092,0.89209,73,4,6,20jul15_18may15_PWD_m1_sp1_30_rev_6,1,0,,,1,37,,
20jul15_18may15_PWD_m1_sp1_30_rev,4.2424,0.11545,0.91813,37,6,7,20jul15_18may15_PWD_m1_sp1_30_rev_7,0,,,,,,,
20jul15_18may15_PWD_m1_sp1_30_rev,6.0367,0.063289,0.82953,95,4,8,20jul15_18may15_PWD_m1_sp1_30_rev_8,1,0,,,1,50,,
20jul15_18may15_PWD_m1_sp1_30_rev,2.6009,0.026183,0.87013,99,5,9,20jul15_18may15_PWD_m1_sp1_30_rev_9,1,0,,,2,21,87,
20jul15_18may15_PWD_m1_sp1_6_rev,3.6494,0.042345,0.82465,86,7,1,20jul15_18may15_PWD_m1_sp1_6_rev_1,1,0,,2 cells but good segmentaion,1,63,,
20jul15_18may15_PWD_m1_sp1_6_rev,7.2065,0.066217,0.72268,109,7,12,20jul15_18may15_PWD_m1_sp1_6_rev_12,1,0,,,2,34,97,
20jul15_18may15_PWD_m1_sp1_6_rev,3.0468,0.048122,0.80107,63,3,13,20jul15_18may15_PWD_m1_sp1_6_rev_13,1,0,,,1,17,,
20jul15_18may15_PWD_m1_sp1_6_rev,4.2217,0.12126,0.79617,35,1,14,20jul15_18may15_PWD_m1_sp1_6_rev_14,0,,,,,,,
20jul15_18may15_PWD_m1_sp1_6_rev,6.6574,0.054406,0.77186,122,3,15,20jul15_18may15_PWD_m1_sp1_6_rev_15,1,0,,,2,14,118,
20jul15_18may15_PWD_m1_sp1_6_rev,3.3333,0.049704,0.80099,67,5,16,20jul15_18may15_PWD_m1_sp1_6_rev_16,?,,,,,,,
20jul15_18may15_PWD_m1_sp1_6_rev,8.4468,0.15137,0.79126,56,3,18,20jul15_18may15_PWD_m1_sp1_6_rev_18,?,,,,,,,
20jul15_18may15_PWD_m1_sp1_6_rev,2.9412,0.031911,0.86425,92,9,2,20jul15_18may15_PWD_m1_sp1_6_rev_2,0,,,,,,,
20jul15_18may15_PWD_m1_sp1_6_rev,5.66,0.070075,0.78856,81,3,20,20jul15_18may15_PWD_m1_sp1_6_rev_20,1,0,,,2,11,67,
20jul15_18may15_PWD_m1_sp1_6_rev,3.9628,0.037893,0.71899,105,4,21,20jul15_18may15_PWD_m1_sp1_6_rev_21,1,0,,,2,23,94,
20jul15_18may15_PWD_m1_sp1_6_rev,4.2581,0.044615,0.78055,95,2,22,20jul15_18may15_PWD_m1_sp1_6_rev_22,1,0,,,1,69,,
20jul15_18may15_PWD_m1_sp1_6_rev,6.7647,0.18151,0.72657,37,1,23,20jul15_18may15_PWD_m1_sp1_6_rev_23,0,,,,,,,
20jul15_18may15_PWD_m1_sp1_6_rev,5.333,0.067527,0.77603,79,6,27,20jul15_18may15_PWD_m1_sp1_6_rev_27,1,0,,,1,56,,
20jul15_18may15_PWD_m1_sp1_6_rev,6.9353,0.073634,0.82498,94,7,3,20jul15_18may15_PWD_m1_sp1_6_rev_3,1,0,,,1,63,,
20jul15_18may15_PWD_m1_sp1_6_rev,3.1071,0.054229,0.73863,57,5,31,20jul15_18may15_PWD_m1_sp1_6_rev_31,?1,0,,,1?,,,
20jul15_18may15_PWD_m1_sp1_6_rev,8.4296,0.19235,0.66919,44,2,36,20jul15_18may15_PWD_m1_sp1_6_rev_36,0,,,,,,,
20jul15_18may15_PWD_m1_sp1_6_rev,2.7273,0.025595,0.82572,107,5,4,20jul15_18may15_PWD_m1_sp1_6_rev_4,1,0,,,2,12,95,
20jul15_18may15_PWD_m1_sp1_6_rev,3.9924,0.042167,0.74773,95,1,7,20jul15_18may15_PWD_m1_sp1_6_rev_7,1,1,,,1,39,,
20jul15_18may15_PWD_m1_sp1_6_rev,6.6439,0.14106,0.8507,47,4,8,20jul15_18may15_PWD_m1_sp1_6_rev_8,0,,,,,,,
20jul15_18may15_PWD_m1_sp1_6_rev,3.1093,0.023822,0.85817,131,8,9,20jul15_18may15_PWD_m1_sp1_6_rev_9,0,,,,,,,
20jul15_18may15_PWD_m1_sp1_9.1_rev,3.125,0.024091,0.8145,130,3,1,20jul15_18may15_PWD_m1_sp1_9.1_rev_1,1,0,0,,3,9,82,128
20jul15_18may15_PWD_m1_sp1_9.1_rev,5.0657,0.045699,0.80518,111,5,10,20jul15_18may15_PWD_m1_sp1_9.1_rev_10,1,0,0,,2,11,101,
20jul15_18may15_PWD_m1_sp1_9.1_rev,7.1571,0.11618,0.76363,62,3,11,20jul15_18may15_PWD_m1_sp1_9.1_rev_11,1,0,0,,1,60,,
20jul15_18may15_PWD_m1_sp1_9.1_rev,13.26,0.15267,0.77396,87,3,14,20jul15_18may15_PWD_m1_sp1_9.1_rev_14,0,,,,,,,
20jul15_18may15_PWD_m1_sp1_9.1_rev,4.7517,0.12578,0.74927,38,2,16,20jul15_18may15_PWD_m1_sp1_9.1_rev_16,0,,,,,,,
20jul15_18may15_PWD_m1_sp1_9.1_rev,6.5228,0.14802,0.75325,44,3,18,20jul15_18may15_PWD_m1_sp1_9.1_rev_18,0,,,,,,,
20jul15_18may15_PWD_m1_sp1_9.1_rev,4.1732,0.079864,0.82838,52,4,2,20jul15_18may15_PWD_m1_sp1_9.1_rev_2,0,,,,,,,
20jul15_18may15_PWD_m1_sp1_9.1_rev,3.4124,0.029757,0.82779,115,7,3,20jul15_18may15_PWD_m1_sp1_9.1_rev_3,1,0,0,,2,41,112,
20jul15_18may15_PWD_m1_sp1_9.1_rev,4.5268,0.037406,0.83464,121,3,4,20jul15_18may15_PWD_m1_sp1_9.1_rev_4,0,,,,,,,
20jul15_18may15_PWD_m1_sp1_9.1_rev,4.3759,0.067669,0.87183,65,5,5,20jul15_18may15_PWD_m1_sp1_9.1_rev_5,1,0,0,,2,18,57,
20jul15_18may15_PWD_m1_sp1_9.1_rev,8.4525,0.067452,0.82777,125,10,8,20jul15_18may15_PWD_m1_sp1_9.1_rev_8,1,0,0,,1,81,,
20jul15_18may15_PWD_m1_sp1_9.1_rev,10.5294,0.11249,0.81573,94,5,9,20jul15_18may15_PWD_m1_sp1_9.1_rev_9,0,,,,,,,
20jul15_18may15_PWD_m2_sp1_10.2_rev,1.2698,0.026131,0.55504,49,2,10,20jul15_18may15_PWD_m2_sp1_10.2_rev_10,0,,,,,,,
20jul15_18may15_PWD_m2_sp1_10.2_rev,6.9065,0.14813,0.60048,47,5,11,20jul15_18may15_PWD_m2_sp1_10.2_rev_11,0,,,,,,,
20jul15_18may15_PWD_m2_sp1_10.2_rev,7.422,0.10152,0.57639,73,1,12,20jul15_18may15_PWD_m2_sp1_10.2_rev_12,1,1,1,,1,66,,
20jul15_18may15_PWD_m2_sp1_10.2_rev,3.3306,0.051236,0.53906,65,3,13,20jul15_18may15_PWD_m2_sp1_10.2_rev_13,0,,,,,,,
20jul15_18may15_PWD_m2_sp1_10.2_rev,4.1267,0.071373,0.50961,58,2,14,20jul15_18may15_PWD_m2_sp1_10.2_rev_14,0,,,,,,,
20jul15_18may15_PWD_m2_sp1_10.2_rev,4.9668,0.05716,0.56517,87,9,18,20jul15_18may15_PWD_m2_sp1_10.2_rev_18,1,0,0,,1,33,,
20jul15_18may15_PWD_m2_sp1_10.2_rev,3.9463,0.039757,0.51695,99,6,19,20jul15_18may15_PWD_m2_sp1_10.2_rev_19,1,0,0,,2,28,75,
20jul15_18may15_PWD_m2_sp1_10.2_rev,4.8415,0.048012,0.49217,101,3,20,20jul15_18may15_PWD_m2_sp1_10.2_rev_20,1,0,0,,2,50,82,
20jul15_18may15_PWD_m2_sp1_10.2_rev,4.5684,0.051291,0.54005,89,7,3,20jul15_18may15_PWD_m2_sp1_10.2_rev_3,?,,strange segmentation,,,,,
20jul15_18may15_PWD_m2_sp1_10.2_rev,3.4286,0.069962,0.60838,49,2,6,20jul15_18may15_PWD_m2_sp1_10.2_rev_6,0,,,,,,,
20jul15_18may15_PWD_m2_sp1_10.2_rev,10.9271,0.088492,0.52442,123,6,8,20jul15_18may15_PWD_m2_sp1_10.2_rev_8,1,0,0,,2,23,96,
20jul15_18may15_PWD_m2_sp1_11_rev,9.5071,0.10991,0.75461,87,6,10,20jul15_18may15_PWD_m2_sp1_11_rev_10,1,0,0,,2,23,72,
20jul15_18may15_PWD_m2_sp1_11_rev,5.9231,0.082059,0.81449,72,1,12,20jul15_18may15_PWD_m2_sp1_11_rev_12,1,1,1,,1,48,,
20jul15_18may15_PWD_m2_sp1_11_rev,4.4867,0.11168,0.70541,40,2,13,20jul15_18may15_PWD_m2_sp1_11_rev_13,0,,mulitple cells,,,,,
20jul15_18may15_PWD_m2_sp1_11_rev,6.1263,0.057525,0.7714,106,3,15,20jul15_18may15_PWD_m2_sp1_11_rev_15,1,0,0,,1,82,,
20jul15_18may15_PWD_m2_sp1_11_rev,4.5304,0.035892,0.73691,126,2,16,20jul15_18may15_PWD_m2_sp1_11_rev_16,1,0,0,,1,82,,
20jul15_18may15_PWD_m2_sp1_11_rev,6.8772,0.079445,0.73835,87,3,17,20jul15_18may15_PWD_m2_sp1_11_rev_17,1,0,0,,2,15,81,
20jul15_18may15_PWD_m2_sp1_11_rev,5.2706,0.063799,0.75619,83,2,18,20jul15_18may15_PWD_m2_sp1_11_rev_18,1,0,0,,1,63,,
20jul15_18may15_PWD_m2_sp1_11_rev,4.974,0.083068,0.86571,60,4,2,20jul15_18may15_PWD_m2_sp1_11_rev_2,0,,mulitple cells,,,,,
20jul15_18may15_PWD_m2_sp1_11_rev,5.6739,0.12125,0.74785,47,2,21,20jul15_18may15_PWD_m2_sp1_11_rev_21,0,,mulitple cells,,,,,
20jul15_18may15_PWD_m2_sp1_11_rev,6.8575,0.061682,0.64038,111,4,22,20jul15_18may15_PWD_m2_sp1_11_rev_22,1,,mulitple cells,,,,,
20jul15_18may15_PWD_m2_sp1_11_rev,4.7604,0.044208,0.67702,108,7,23,20jul15_18may15_PWD_m2_sp1_11_rev_23,1,,mulitple cells,,,,,
20jul15_18may15_PWD_m2_sp1_11_rev,4,0.040979,0.64317,98,5,26,20jul15_18may15_PWD_m2_sp1_11_rev_26,0,,mulitple cells,,,,,
20jul15_18may15_PWD_m2_sp1_11_rev,2.8169,0.079421,0.80998,35,2,3,20jul15_18may15_PWD_m2_sp1_11_rev_3,0,,mulitple cells,,,,,
20jul15_18may15_PWD_m2_sp1_11_rev,6.1229,0.1507,0.69328,41,4,30,20jul15_18may15_PWD_m2_sp1_11_rev_30,0,,mulitple cells,,,,,
20jul15_18may15_PWD_m2_sp1_11_rev,5.4501,0.04218,0.63653,129,2,36,20jul15_18may15_PWD_m2_sp1_11_rev_36,1,,mulitple cells,,,,,
20jul15_18may15_PWD_m2_sp1_11_rev,7.143,0.094967,0.68506,75,2,39,20jul15_18may15_PWD_m2_sp1_11_rev_39,1,0,0,,,,,
20jul15_18may15_PWD_m2_sp1_11_rev,6.1538,0.19711,0.684,31,2,40,20jul15_18may15_PWD_m2_sp1_11_rev_40,0,,mulitple cells,,,,,
20jul15_18may15_PWD_m2_sp1_11_rev,3.6923,0.031354,0.81186,118,7,5,20jul15_18may15_PWD_m2_sp1_11_rev_5,1,0,0,,2,28,85,
20jul15_18may15_PWD_m2_sp1_11_rev,5.2346,0.035376,0.76685,148,5,6,20jul15_18may15_PWD_m2_sp1_11_rev_6,1,0,0,,2,22,135,
20jul15_18may15_PWD_m2_sp1_11_rev,7.0875,0.084049,0.84274,84,1,7,20jul15_18may15_PWD_m2_sp1_11_rev_7,1,1,1,,1,59,,
20jul15_18may15_PWD_m2_sp1_11_rev,4,0.031855,0.81222,126,4,8,20jul15_18may15_PWD_m2_sp1_11_rev_8,1,0,0,,2,45,118,
20jul15_18may15_PWD_m2_sp1_13_rev,5.8324,0.065701,0.67814,89,5,1,20jul15_18may15_PWD_m2_sp1_13_rev_1,1,0,0,,2,17,84,
20jul15_18may15_PWD_m2_sp1_13_rev,5.2709,0.058856,0.70815,90,3,10,20jul15_18may15_PWD_m2_sp1_13_rev_10,1,0,0,,2,19,80,
20jul15_18may15_PWD_m2_sp1_13_rev,2.4615,0.0881,0.66737,28,4,11,20jul15_18may15_PWD_m2_sp1_13_rev_11,0,,,,,,,
20jul15_18may15_PWD_m2_sp1_13_rev,6.3119,0.057107,0.57828,111,2,13,20jul15_18may15_PWD_m2_sp1_13_rev_13,1,1,1,,2,56,104,
20jul15_18may15_PWD_m2_sp1_13_rev,7.5685,0.1469,0.58417,52,2,15,20jul15_18may15_PWD_m2_sp1_13_rev_15,1,0,0,,1,46,,
20jul15_18may15_PWD_m2_sp1_13_rev,2.3881,0.018301,0.57804,130,3,16,20jul15_18may15_PWD_m2_sp1_13_rev_16,0,,,,,,,
20jul15_18may15_PWD_m2_sp1_13_rev,3.6364,0.040023,0.60477,91,7,18,20jul15_18may15_PWD_m2_sp1_13_rev_18,1,0,,,2,28,81,
20jul15_18may15_PWD_m2_sp1_13_rev,7.4854,0.085303,0.56705,88,8,19,20jul15_18may15_PWD_m2_sp1_13_rev_19,1,0,,,1,36,,
20jul15_18may15_PWD_m2_sp1_13_rev,6.8056,0.11361,0.66639,60,1,2,20jul15_18may15_PWD_m2_sp1_13_rev_2,1,1,1,,1,49,,
20jul15_18may15_PWD_m2_sp1_13_rev,8.7585,0.14039,0.76024,62,9,3,20jul15_18may15_PWD_m2_sp1_13_rev_3,0,,,,,,,
20jul15_18may15_PWD_m2_sp1_13_rev,4.2945,0.051984,0.62142,83,1,4,20jul15_18may15_PWD_m2_sp1_13_rev_4,1,1,1,might be strange twist in the SC,1,58,,
20jul15_18may15_PWD_m2_sp1_13_rev,3.6674,0.032856,0.6567,112,4,6,20jul15_18may15_PWD_m2_sp1_13_rev_6,1,0,0,,2,21,102,
20jul15_18may15_PWD_m2_sp1_13_rev,4.8466,0.060451,0.71185,80,2,7,20jul15_18may15_PWD_m2_sp1_13_rev_7,1,1,1,,2,14,77,
20jul15_18may15_PWD_m2_sp1_13_rev,4.018,0.032014,0.65241,126,2,9,20jul15_18may15_PWD_m2_sp1_13_rev_9,1,1,1,,2,40,121,
20jul15_18may15_PWD_m2_sp1_14.2_rev,5.6943,0.054047,0.44522,105,2,1,20jul15_18may15_PWD_m2_sp1_14.2_rev_1,1,1,1,,2,18,100,
20jul15_18may15_PWD_m2_sp1_14.2_rev,4.9072,0.041685,0.46191,118,2,10,20jul15_18may15_PWD_m2_sp1_14.2_rev_10,1,1,1,,2,36,110,
20jul15_18may15_PWD_m2_sp1_14.2_rev,1.4493,0.033142,0.43556,44,1,13,20jul15_18may15_PWD_m2_sp1_14.2_rev_13,0,,,,,,,
20jul15_18may15_PWD_m2_sp1_14.2_rev,7.0123,0.056836,0.46904,123,2,2,20jul15_18may15_PWD_m2_sp1_14.2_rev_2,1,1,1,,2,56,110,
20jul15_18may15_PWD_m2_sp1_14.2_rev,10.8684,0.081554,0.43601,133,2,4,20jul15_18may15_PWD_m2_sp1_14.2_rev_4,1,1,1,,2,32,111,
20jul15_18may15_PWD_m2_sp1_14.2_rev,4.847,0.044095,0.48919,110,3,5,20jul15_18may15_PWD_m2_sp1_14.2_rev_5,1,0,0,,2,38,95,
20jul15_18may15_PWD_m2_sp1_14.2_rev,5.533,0.087232,0.48605,63,3,6,20jul15_18may15_PWD_m2_sp1_14.2_rev_6,1,0,0,,1,28,,
20jul15_18may15_PWD_m2_sp1_14.2_rev,4.6284,0.069267,0.49336,67,1,9,20jul15_18may15_PWD_m2_sp1_14.2_rev_9,1,1,1,,1,38,,
20jul15_18may15_PWD_m2_sp1_15.1_rev,4.4245,0.052202,0.6863,85,3,1,20jul15_18may15_PWD_m2_sp1_15.1_rev_1,,,,,,,,
20jul15_18may15_PWD_m2_sp1_15.1_rev,4.4401,0.038966,0.70293,114,7,10,20jul15_18may15_PWD_m2_sp1_15.1_rev_10,0,,,,,,,
20jul15_18may15_PWD_m2_sp1_15.1_rev,4.2254,0.043504,0.68354,97,5,13,20jul15_18may15_PWD_m2_sp1_15.1_rev_13,1,,,,,,,
20jul15_18may15_PWD_m2_sp1_15.1_rev,3.8904,0.030782,0.6142,126,7,15,20jul15_18may15_PWD_m2_sp1_15.1_rev_15,1,,,,,,,
20jul15_18may15_PWD_m2_sp1_15.1_rev,10.0881,0.12643,0.69107,80,9,16,20jul15_18may15_PWD_m2_sp1_15.1_rev_16,0,,,,,,,
20jul15_18may15_PWD_m2_sp1_15.1_rev,3.662,0.035604,0.68816,103,7,17,20jul15_18may15_PWD_m2_sp1_15.1_rev_17,1,,,,,,,
20jul15_18may15_PWD_m2_sp1_15.1_rev,3.5821,0.04601,0.64229,78,2,18,20jul15_18may15_PWD_m2_sp1_15.1_rev_18,1,,,,,,,
20jul15_18may15_PWD_m2_sp1_15.1_rev,2.7273,0.022198,0.65886,123,4,2,20jul15_18may15_PWD_m2_sp1_15.1_rev_2,1,,,,,,,
20jul15_18may15_PWD_m2_sp1_15.1_rev,4.2702,0.035824,0.64249,119,3,3,20jul15_18may15_PWD_m2_sp1_15.1_rev_3,1,,,,,,,
20jul15_18may15_PWD_m2_sp1_15.1_rev,5.5433,0.062627,0.65488,89,5,4,20jul15_18may15_PWD_m2_sp1_15.1_rev_4,1,0,0,,,,,
20jul15_18may15_PWD_m2_sp1_15.1_rev,5.3537,0.054357,0.69045,98,5,5,20jul15_18may15_PWD_m2_sp1_15.1_rev_5,0,,,,,,,
20jul15_18may15_PWD_m2_sp1_15.1_rev,4.5078,0.067701,0.76439,67,3,7,20jul15_18may15_PWD_m2_sp1_15.1_rev_7,1,,,,,,,
20jul15_18may15_PWD_m2_sp1_15.1_rev,4.9724,0.051119,0.64816,97,2,8,20jul15_18may15_PWD_m2_sp1_15.1_rev_8,1,,,,,,,
20jul15_18may15_PWD_m2_sp1_15.1_rev,4.0203,0.061688,0.67185,65,3,9,20jul15_18may15_PWD_m2_sp1_15.1_rev_9,1,,,,,,,
20jul15_18may15_PWD_m2_sp1_15.2_rev,6.2795,0.11223,0.68885,56,3,1,20jul15_18may15_PWD_m2_sp1_15.2_rev_1,0,,,,,,,
20jul15_18may15_PWD_m2_sp1_15.2_rev,3.3321,0.031716,0.70139,105,7,10,20jul15_18may15_PWD_m2_sp1_15.2_rev_10,1,0,0,,1,77,,
20jul15_18may15_PWD_m2_sp1_15.2_rev,5.0162,0.040211,0.64989,125,6,11,20jul15_18may15_PWD_m2_sp1_15.2_rev_11,1,0,0,,2,27,119,
20jul15_18may15_PWD_m2_sp1_15.2_rev,6.581,0.063091,0.65612,104,4,12,20jul15_18may15_PWD_m2_sp1_15.2_rev_12,1,0,0,,2,21,100,
20jul15_18may15_PWD_m2_sp1_15.2_rev,8.7159,0.088534,0.66901,98,10,13,20jul15_18may15_PWD_m2_sp1_15.2_rev_13,1,0,0,,1,55,,
20jul15_18may15_PWD_m2_sp1_15.2_rev,5.8454,0.074652,0.66432,78,4,16,20jul15_18may15_PWD_m2_sp1_15.2_rev_16,1,0,0,,,,,
20jul15_18may15_PWD_m2_sp1_15.2_rev,3.375,0.022557,0.69199,150,7,18,20jul15_18may15_PWD_m2_sp1_15.2_rev_18,0,,,,,,,
20jul15_18may15_PWD_m2_sp1_15.2_rev,7.7238,0.093243,0.80872,83,11,3,20jul15_18may15_PWD_m2_sp1_15.2_rev_3,0,,,,,,,
20jul15_18may15_PWD_m2_sp1_15.2_rev,6.7732,0.048711,0.68978,139,7,4,20jul15_18may15_PWD_m2_sp1_15.2_rev_4,0,,,,,,,
20jul15_18may15_PWD_m2_sp1_15.2_rev,2.5954,0.049593,0.69064,52,3,5,20jul15_18may15_PWD_m2_sp1_15.2_rev_5,0,,,,,,,
20jul15_18may15_PWD_m2_sp1_15.2_rev,5.4829,0.15801,0.62593,35,3,6,20jul15_18may15_PWD_m2_sp1_15.2_rev_6,0,,,,,,,
20jul15_18may15_PWD_m2_sp1_15.2_rev,4.8976,0.17396,0.66157,28,1,8,20jul15_18may15_PWD_m2_sp1_15.2_rev_8,0,,,,,,,
20jul15_18may15_PWD_m2_sp1_16.2_rev,8.7393,0.091479,0.62967,96,4,1,20jul15_18may15_PWD_m2_sp1_16.2_rev_1,1,0,0,,2,29,86,
20jul15_18may15_PWD_m2_sp1_16.2_rev,5.2374,0.063459,0.65513,83,2,10,20jul15_18may15_PWD_m2_sp1_16.2_rev_10,1,0,0,,1,63,,
20jul15_18may15_PWD_m2_sp1_16.2_rev,6.2071,0.054761,0.54162,113,4,11,20jul15_18may15_PWD_m2_sp1_16.2_rev_11,1,,,,,,,
20jul15_18may15_PWD_m2_sp1_16.2_rev,4.8205,0.057452,0.55094,84,3,14,20jul15_18may15_PWD_m2_sp1_16.2_rev_14,0,,,,,,,
20jul15_18may15_PWD_m2_sp1_16.2_rev,4.7198,0.054627,0.53338,86,1,15,20jul15_18may15_PWD_m2_sp1_16.2_rev_15,1,1,1,,1,57,,
20jul15_18may15_PWD_m2_sp1_16.2_rev,5.3266,0.092974,0.51358,57,1,16,20jul15_18may15_PWD_m2_sp1_16.2_rev_16,1,1,1,,1,47,,
20jul15_18may15_PWD_m2_sp1_16.2_rev,5.0093,0.060844,0.5641,82,3,17,20jul15_18may15_PWD_m2_sp1_16.2_rev_17,1,0,0,,2,28,79,
20jul15_18may15_PWD_m2_sp1_16.2_rev,8.0884,0.13841,0.66807,58,1,2,20jul15_18may15_PWD_m2_sp1_16.2_rev_2,1,1,1,,1,32,,
20jul15_18may15_PWD_m2_sp1_16.2_rev,4.8099,0.05913,0.62403,81,3,3,20jul15_18may15_PWD_m2_sp1_16.2_rev_3,1,0,0,,1,63,,
20jul15_18may15_PWD_m2_sp1_16.2_rev,5.5104,0.061164,0.5843,90,2,4,20jul15_18may15_PWD_m2_sp1_16.2_rev_4,1,,,,,,,
20jul15_18may15_PWD_m2_sp1_16.2_rev,6.0572,0.059522,0.64939,102,6,5,20jul15_18may15_PWD_m2_sp1_16.2_rev_5,1,,,,,,,
20jul15_18may15_PWD_m2_sp1_16.2_rev,7.9766,0.090609,0.58355,88,1,7,20jul15_18may15_PWD_m2_sp1_16.2_rev_7,1,1,1,,1,67,,
20jul15_18may15_PWD_m2_sp1_17_rev,1.875,0.020468,0.73409,92,4,1,20jul15_18may15_PWD_m2_sp1_17_rev_1,1,0,0,,1,37,,
20jul15_18may15_PWD_m2_sp1_17_rev,5.2633,0.052183,0.60127,101,2,10,20jul15_18may15_PWD_m2_sp1_17_rev_10,1,1,1,,2,39,85,
20jul15_18may15_PWD_m2_sp1_17_rev,7.1422,0.097314,0.70063,73,8,12,20jul15_18may15_PWD_m2_sp1_17_rev_12,0,,,,,,,
20jul15_18may15_PWD_m2_sp1_17_rev,4.4344,0.042493,0.56262,104,2,14,20jul15_18may15_PWD_m2_sp1_17_rev_14,1,1,1,,2,27,93,
20jul15_18may15_PWD_m2_sp1_17_rev,5.4953,0.082799,0.55864,66,1,15,20jul15_18may15_PWD_m2_sp1_17_rev_15,1,1,1,,1,48,,
20jul15_18may15_PWD_m2_sp1_17_rev,8.1476,0.065368,0.63813,125,2,2,20jul15_18may15_PWD_m2_sp1_17_rev_2,1,1,1,,2,20,108,
20jul15_18may15_PWD_m2_sp1_17_rev,7.0801,0.076957,0.65732,92,2,3,20jul15_18may15_PWD_m2_sp1_17_rev_3,1,1,1,,2,30,87,
20jul15_18may15_PWD_m2_sp1_17_rev,4,0.029207,0.61934,137,2,4,20jul15_18may15_PWD_m2_sp1_17_rev_4,1,1,1,,2,17,123,
20jul15_18may15_PWD_m2_sp1_17_rev,3.6353,0.031207,0.64118,116,2,7,20jul15_18may15_PWD_m2_sp1_17_rev_7,1,1,1,,2,20,76,
20jul15_18may15_PWD_m2_sp1_17_rev,7.0648,0.079335,0.61129,89,2,8,20jul15_18may15_PWD_m2_sp1_17_rev_8,1,1,1,,2,16,82,
20jul15_18may15_PWD_m2_sp1_17_rev,5.2376,0.073919,0.59416,71,2,9,20jul15_18may15_PWD_m2_sp1_17_rev_9,1,0,0,,1,54,,
20jul15_18may15_PWD_m2_sp1_19_rev,4.5546,0.061767,0.80319,74,3,1,20jul15_18may15_PWD_m2_sp1_19_rev_1,1,0,0,,1,42,,
20jul15_18may15_PWD_m2_sp1_19_rev,6.5882,0.084705,0.81702,78,4,10,20jul15_18may15_PWD_m2_sp1_19_rev_10,1,0,0,,2,25,72,
20jul15_18may15_PWD_m2_sp1_19_rev,4.3575,0.04736,0.75853,92,3,11,20jul15_18may15_PWD_m2_sp1_19_rev_11,1,0,0,,2,32,77,
20jul15_18may15_PWD_m2_sp1_19_rev,5.0304,0.073611,0.77937,68,4,12,20jul15_18may15_PWD_m2_sp1_19_rev_12,1,0,0,,2,21,55,
20jul15_18may15_PWD_m2_sp1_19_rev,4.284,0.041418,0.69459,103,5,13,20jul15_18may15_PWD_m2_sp1_19_rev_13,1,0,0,,2,19,97,
20jul15_18may15_PWD_m2_sp1_19_rev,3.6914,0.032977,0.69797,112,5,15,20jul15_18may15_PWD_m2_sp1_19_rev_15,1,0,0,,2,30,100,
20jul15_18may15_PWD_m2_sp1_19_rev,9.4833,0.11025,0.7386,86,5,17,20jul15_18may15_PWD_m2_sp1_19_rev_17,1,0,0,,1,16,82,
27mar16_6mar16_PWD_m1_sp1_1_rev,2.8571,0.041717,0.73768,68,2,1,27mar16_6mar16_PWD_m1_sp1_1_rev_1,1,0,0,,1,57,,
27mar16_6mar16_PWD_m1_sp1_1_rev,5.7334,0.087616,0.66959,65,3,10,27mar16_6mar16_PWD_m1_sp1_1_rev_10,1,0,0,,1,48,,
27mar16_6mar16_PWD_m1_sp1_1_rev,6.0549,0.11739,0.62729,52,2,12,27mar16_6mar16_PWD_m1_sp1_1_rev_12,0,,,,,,,
27mar16_6mar16_PWD_m1_sp1_1_rev,8.7135,0.077364,0.6736,113,2,15,27mar16_6mar16_PWD_m1_sp1_1_rev_15,1,1,1,,2,47,110,
27mar16_6mar16_PWD_m1_sp1_1_rev,4.2351,0.046992,0.64301,90,2,16,27mar16_6mar16_PWD_m1_sp1_1_rev_16,0,,,,,,,
27mar16_6mar16_PWD_m1_sp1_1_rev,1.8462,0.026346,0.74644,70,2,4,27mar16_6mar16_PWD_m1_sp1_1_rev_4,1,0,0,,1,40,,
27mar16_6mar16_PWD_m1_sp1_1_rev,4.5376,0.038585,0.68772,118,4,5,27mar16_6mar16_PWD_m1_sp1_1_rev_5,1,0,,,2,23,110,
27mar16_6mar16_PWD_m1_sp1_1_rev,4.5963,0.036006,0.68858,128,3,6,27mar16_6mar16_PWD_m1_sp1_1_rev_6,1,0,,,2,42,125,
27mar16_6mar16_PWD_m1_sp1_1_rev,2.8125,0.033443,0.74443,84,3,7,27mar16_6mar16_PWD_m1_sp1_1_rev_7,0,,,kink might make bad SC estimate,,,,
27mar16_6mar16_PWD_m1_sp1_1_rev,3.7736,0.08223,0.58897,46,1,8,27mar16_6mar16_PWD_m1_sp1_1_rev_8,0,,,,,,,
27mar16_6mar16_PWD_m1_sp1_1_rev,5.0578,0.054921,0.6525,92,1,9,27mar16_6mar16_PWD_m1_sp1_1_rev_9,0,,,,,,,
27mar16_6mar16_PWD_m1_sp1_2.1_rev,3.4375,0.039777,0.64125,86,1,1,27mar16_6mar16_PWD_m1_sp1_2.1_rev_1,1,1,1,,1,79,,
27mar16_6mar16_PWD_m1_sp1_2.1_rev,8.7082,0.11944,0.53835,73,2,10,27mar16_6mar16_PWD_m1_sp1_2.1_rev_10,1,0,0,,1,66,,
27mar16_6mar16_PWD_m1_sp1_2.1_rev,3.0192,0.057927,0.53558,52,1,11,27mar16_6mar16_PWD_m1_sp1_2.1_rev_11,?,,,"whole file shows full segmentation, but biv specific is only partial",,,,
27mar16_6mar16_PWD_m1_sp1_2.1_rev,3.4768,0.068919,0.61216,50,1,12,27mar16_6mar16_PWD_m1_sp1_2.1_rev_12,1,1,1,,1,43,,
27mar16_6mar16_PWD_m1_sp1_2.1_rev,5.0878,0.075018,0.51313,68,1,13,27mar16_6mar16_PWD_m1_sp1_2.1_rev_13,1,1,1,,1,52,,
27mar16_6mar16_PWD_m1_sp1_2.1_rev,4.4104,0.036478,0.56702,121,2,14,27mar16_6mar16_PWD_m1_sp1_2.1_rev_14,0,,,,,,,
27mar16_6mar16_PWD_m1_sp1_2.1_rev,3.1746,0.040891,0.57266,78,2,15,27mar16_6mar16_PWD_m1_sp1_2.1_rev_15,1,1,1,,2,18,68,
27mar16_6mar16_PWD_m1_sp1_2.1_rev,2.0588,0.032798,0.53544,63,1,17,27mar16_6mar16_PWD_m1_sp1_2.1_rev_17,1,1,1,,1,16,,
27mar16_6mar16_PWD_m1_sp1_2.1_rev,5.8226,0.12296,0.50751,47,1,18,27mar16_6mar16_PWD_m1_sp1_2.1_rev_18,1,1,1,,1,43,,
27mar16_6mar16_PWD_m1_sp1_2.1_rev,2.5806,0.026983,0.67413,96,2,2,27mar16_6mar16_PWD_m1_sp1_2.1_rev_2,1,1,1,,2,32,89,
27mar16_6mar16_PWD_m1_sp1_2.1_rev,3.3898,0.043032,0.6176,79,2,3,27mar16_6mar16_PWD_m1_sp1_2.1_rev_3,1,1,1,,2,25,70,
27mar16_6mar16_PWD_m1_sp1_2.1_rev,3.9258,0.074129,0.71859,53,1,4,27mar16_6mar16_PWD_m1_sp1_2.1_rev_4,1,1,1,,1,38,,
27mar16_6mar16_PWD_m1_sp1_2.1_rev,4.3333,0.067409,0.56314,64,1,5,27mar16_6mar16_PWD_m1_sp1_2.1_rev_5,1,1,1,,1,48,,
27mar16_6mar16_PWD_m1_sp1_2.1_rev,3.8233,0.034951,0.54021,109,2,6,27mar16_6mar16_PWD_m1_sp1_2.1_rev_6,1,1,1,,2,40,97,
27mar16_6mar16_PWD_m1_sp1_2.1_rev,5.1111,0.055458,0.59292,92,2,7,27mar16_6mar16_PWD_m1_sp1_2.1_rev_7,1,1,1,,2,16,79,
27mar16_6mar16_PWD_m1_sp1_2.1_rev,4.0893,0.026031,0.60933,157,2,8,27mar16_6mar16_PWD_m1_sp1_2.1_rev_8,0,,,,,,,
27mar16_6mar16_PWD_m1_sp1_2.2_rev,6.6946,0.048817,0.513,137,2,1,27mar16_6mar16_PWD_m1_sp1_2.2_rev_1,1,0,0,,1,93,,
27mar16_6mar16_PWD_m1_sp1_2.2_rev,6.1581,0.16602,0.55275,37,2,10,27mar16_6mar16_PWD_m1_sp1_2.2_rev_10,0,,,,,,,
27mar16_6mar16_PWD_m1_sp1_2.2_rev,5.0938,0.056449,0.58438,90,3,11,27mar16_6mar16_PWD_m1_sp1_2.2_rev_11,1,0,0,,2,23,81,
27mar16_6mar16_PWD_m1_sp1_2.2_rev,3.7633,0.068676,0.5519,55,3,12,27mar16_6mar16_PWD_m1_sp1_2.2_rev_12,0,,,,,,,
27mar16_6mar16_PWD_m1_sp1_2.2_rev,6.6503,0.067103,0.56134,99,3,13,27mar16_6mar16_PWD_m1_sp1_2.2_rev_13,1,0,0,,1,68,,
27mar16_6mar16_PWD_m1_sp1_2.2_rev,6.3524,0.071667,0.57326,89,3,14,27mar16_6mar16_PWD_m1_sp1_2.2_rev_14,1,0,0,,1,78,,
27mar16_6mar16_PWD_m1_sp1_2.2_rev,5.5992,0.096054,0.58394,58,1,15,27mar16_6mar16_PWD_m1_sp1_2.2_rev_15,0,,,,,,,
27mar16_6mar16_PWD_m1_sp1_2.2_rev,6.7758,0.1108,0.62225,61,4,17,27mar16_6mar16_PWD_m1_sp1_2.2_rev_17,1,0,0,might not be good segmentation,1,50,,
27mar16_6mar16_PWD_m1_sp1_2.2_rev,4.889,0.055324,0.57524,88,3,18,27mar16_6mar16_PWD_m1_sp1_2.2_rev_18,1,0,0,,2,28,86,
27mar16_6mar16_PWD_m1_sp1_2.2_rev,7.6107,0.060007,0.48901,127,2,2,27mar16_6mar16_PWD_m1_sp1_2.2_rev_2,1,0,0,,1,55,,
27mar16_6mar16_PWD_m1_sp1_2.2_rev,5.0515,0.089907,0.61808,56,2,3,27mar16_6mar16_PWD_m1_sp1_2.2_rev_3,0,,,the length doesn't look right,,,,
27mar16_6mar16_PWD_m1_sp1_2.2_rev,3.27,0.029956,0.58651,109,4,4,27mar16_6mar16_PWD_m1_sp1_2.2_rev_4,1,0,0,,2,23,105,
27mar16_6mar16_PWD_m1_sp1_2.2_rev,5.6509,0.086888,0.59253,65,1,6,27mar16_6mar16_PWD_m1_sp1_2.2_rev_6,1,1,1,,1,26,,
27mar16_6mar16_PWD_m1_sp1_2.2_rev,5.0187,0.087521,0.5299,57,1,9,27mar16_6mar16_PWD_m1_sp1_2.2_rev_9,1,1,1,,1,26,,
27mar16_6mar16_PWD_m1_sp1_3_rev,5.3071,0.072996,0.75806,73,1,1,27mar16_6mar16_PWD_m1_sp1_3_rev_1,1,1,1,,1,62,,
27mar16_6mar16_PWD_m1_sp1_3_rev,3.9039,0.10486,0.78903,37,4,10,27mar16_6mar16_PWD_m1_sp1_3_rev_10,0,,,,,,,
27mar16_6mar16_PWD_m1_sp1_3_rev,7.1993,0.11009,0.7626,65,3,11,27mar16_6mar16_PWD_m1_sp1_3_rev_11,0,,,,,,,
27mar16_6mar16_PWD_m1_sp1_3_rev,4.1044,0.038743,0.64813,106,2,12,27mar16_6mar16_PWD_m1_sp1_3_rev_12,1,1,1,,2,23,96,
27mar16_6mar16_PWD_m1_sp1_3_rev,3.2836,0.027012,0.6142,122,1,13,27mar16_6mar16_PWD_m1_sp1_3_rev_13,1,1,1,,1,118,,
27mar16_6mar16_PWD_m1_sp1_3_rev,5.0133,0.087462,0.61496,57,1,14,27mar16_6mar16_PWD_m1_sp1_3_rev_14,0,,,,,,,
27mar16_6mar16_PWD_m1_sp1_3_rev,2.8125,0.026908,0.71923,105,3,15,27mar16_6mar16_PWD_m1_sp1_3_rev_15,1,0,0,,0,,,
27mar16_6mar16_PWD_m1_sp1_3_rev,6.053,0.10048,0.70275,60,1,16,27mar16_6mar16_PWD_m1_sp1_3_rev_16,0,,,,,,,
27mar16_6mar16_PWD_m1_sp1_3_rev,5.5172,0.058118,0.70583,95,3,18,27mar16_6mar16_PWD_m1_sp1_3_rev_18,1?0?,,,strange kink,,,,
27mar16_6mar16_PWD_m1_sp1_3_rev,4.7411,0.049065,0.63892,97,2,19,27mar16_6mar16_PWD_m1_sp1_3_rev_19,1,1,1,,2,28,85,
27mar16_6mar16_PWD_m1_sp1_3_rev,5.4057,0.048262,0.73862,112,2,2,27mar16_6mar16_PWD_m1_sp1_3_rev_2,1,1,1,,2,38,99,
27mar16_6mar16_PWD_m1_sp1_3_rev,3.678,0.049915,0.62667,74,1,20,27mar16_6mar16_PWD_m1_sp1_3_rev_20,1,1,1,,1,52,,
27mar16_6mar16_PWD_m1_sp1_3_rev,3.4453,0.096318,0.71422,36,4,6,27mar16_6mar16_PWD_m1_sp1_3_rev_6,0,,,,,,,
27mar16_6mar16_PWD_m1_sp1_3_rev,7.7055,0.067762,0.68478,114,2,8,27mar16_6mar16_PWD_m1_sp1_3_rev_8,1,1,1,,2,35,102,
27mar16_6mar16_PWD_m1_sp1_3_rev,6.9745,0.090276,0.72188,77,1,9,27mar16_6mar16_PWD_m1_sp1_3_rev_9,1,1,1,,1,70,,
27mar16_6mar16_PWD_m1_sp1_4_rev,5.0714,0.04687,0.36074,108,2,10,27mar16_6mar16_PWD_m1_sp1_4_rev_10,0,,,,,,,
27mar16_6mar16_PWD_m1_sp1_4_rev,5.6318,0.10961,0.41001,51,1,11,27mar16_6mar16_PWD_m1_sp1_4_rev_11,1,1,1,,1,46,,
27mar16_6mar16_PWD_m1_sp1_4_rev,5.7848,0.056172,0.33105,103,2,12,27mar16_6mar16_PWD_m1_sp1_4_rev_12,1,1,1,,2,31,82,
27mar16_6mar16_PWD_m1_sp1_4_rev,5.1772,0.10459,0.35218,49,1,13,27mar16_6mar16_PWD_m1_sp1_4_rev_13,1,1,1,,1,46,,
27mar16_6mar16_PWD_m1_sp1_4_rev,3.613,0.060181,0.34767,60,2,14,27mar16_6mar16_PWD_m1_sp1_4_rev_14,0,,,,,,,
27mar16_6mar16_PWD_m1_sp1_4_rev,3.9481,0.054479,0.31402,72,1,15,27mar16_6mar16_PWD_m1_sp1_4_rev_15,1,1,1,,1,50,,
27mar16_6mar16_PWD_m1_sp1_4_rev,4.1846,0.057973,0.32875,72,1,16,27mar16_6mar16_PWD_m1_sp1_4_rev_16,1,1,1,,1,55,,
27mar16_6mar16_PWD_m1_sp1_4_rev,8.9359,0.16862,0.34667,53,1,17,27mar16_6mar16_PWD_m1_sp1_4_rev_17,1,1,1,,1,31,,
27mar16_6mar16_PWD_m1_sp1_4_rev,5.0877,0.069087,0.43592,74,4,2,27mar16_6mar16_PWD_m1_sp1_4_rev_2,,,,broken up segmentation,,,,
27mar16_6mar16_PWD_m1_sp1_4_rev,4.5735,0.055154,0.40187,83,2,3,27mar16_6mar16_PWD_m1_sp1_4_rev_3,0,,,,,,,
27mar16_6mar16_PWD_m1_sp1_4_rev,3.8467,0.052392,0.43443,73,3,4,27mar16_6mar16_PWD_m1_sp1_4_rev_4,1,0,0,,1,64,,
27mar16_6mar16_PWD_m1_sp1_4_rev,4.2138,0.038662,0.3443,109,2,5,27mar16_6mar16_PWD_m1_sp1_4_rev_5,1,1,1,,2,22,96,
27mar16_6mar16_PWD_m1_sp1_4_rev,3.5808,0.059489,0.37963,60,1,6,27mar16_6mar16_PWD_m1_sp1_4_rev_6,0,,,,,,,
27mar16_6mar16_PWD_m1_sp1_5_rev,6.7944,0.062308,0.55034,109,6,1,27mar16_6mar16_PWD_m1_sp1_5_rev_1,1,0,0,,2,25,61,
27mar16_6mar16_PWD_m1_sp1_5_rev,1.7143,0.02761,0.57355,62,4,12,27mar16_6mar16_PWD_m1_sp1_5_rev_12,1,0,0,,1,26,,
27mar16_6mar16_PWD_m1_sp1_5_rev,2.9719,0.025949,0.54171,115,5,13,27mar16_6mar16_PWD_m1_sp1_5_rev_13,0,,,,,,,
27mar16_6mar16_PWD_m1_sp1_5_rev,4.8382,0.049788,0.48234,97,4,14,27mar16_6mar16_PWD_m1_sp1_5_rev_14,1,0,0,,1,23,,
27mar16_6mar16_PWD_m1_sp1_5_rev,2.5,0.063365,0.52403,39,1,15,27mar16_6mar16_PWD_m1_sp1_5_rev_15,0,,,,,,,
27mar16_6mar16_PWD_m1_sp1_5_rev,6.1965,0.12503,0.5263,50,4,16,27mar16_6mar16_PWD_m1_sp1_5_rev_16,1,0,0,,1,36,,
27mar16_6mar16_PWD_m1_sp1_5_rev,5.1717,0.060262,0.49897,86,4,18,27mar16_6mar16_PWD_m1_sp1_5_rev_18,1,0,0,,1,12,,
27mar16_6mar16_PWD_m1_sp1_5_rev,5.3015,0.066086,0.5699,80,4,2,27mar16_6mar16_PWD_m1_sp1_5_rev_2,1,0,0,,1,66,,
27mar16_6mar16_PWD_m1_sp1_5_rev,8.493,0.089571,0.54939,95,6,3,27mar16_6mar16_PWD_m1_sp1_5_rev_3,1,0,0,,1,58,,
27mar16_6mar16_PWD_m1_sp1_5_rev,6.13,0.067476,0.56411,91,7,4,27mar16_6mar16_PWD_m1_sp1_5_rev_4,1,,,,1?,72,,
27mar16_6mar16_PWD_m1_sp1_5_rev,8.286,0.12508,0.58003,66,1,5,27mar16_6mar16_PWD_m1_sp1_5_rev_5,0,,,,,,,
27mar16_6mar16_PWD_m1_sp1_5_rev,10.113,0.080439,0.56221,126,4,7,27mar16_6mar16_PWD_m1_sp1_5_rev_7,0,,,,,,,
27mar16_6mar16_PWD_m1_sp1_5_rev,3.4182,0.034657,0.49175,99,3,9,27mar16_6mar16_PWD_m1_sp1_5_rev_9,1,0,0,,1,32,,
6mar15_1mar15_PWD_m1_sp4_1.1_rev,10,0.19525,0.44052,51,6,1,6mar15_1mar15_PWD_m1_sp4_1.1_rev_1,0,,,,,,,
6mar15_1mar15_PWD_m1_sp4_1.1_rev,2.715,0.033371,0.36999,81,9,11,6mar15_1mar15_PWD_m1_sp4_1.1_rev_11,1,0,0,,2,63,69,
6mar15_1mar15_PWD_m1_sp4_1.1_rev,4.3873,0.07174,0.40402,61,1,12,6mar15_1mar15_PWD_m1_sp4_1.1_rev_12,1,1,1,,1,31,,
6mar15_1mar15_PWD_m1_sp4_1.1_rev,4.2684,0.13794,0.38836,31,3,4,6mar15_1mar15_PWD_m1_sp4_1.1_rev_4,0,,,,,,,
6mar15_1mar15_PWD_m1_sp4_1.1_rev,3.5825,0.030987,0.33526,116,13,8,6mar15_1mar15_PWD_m1_sp4_1.1_rev_8,1,0,0,,2,65,111,
6mar15_1mar15_PWD_m1_sp4_1.1_rev,8.4322,0.12421,0.37519,68,8,9,6mar15_1mar15_PWD_m1_sp4_1.1_rev_9,0,,,,,,,
6mar15_1mar15_PWD_m1_sp4_2_rev,3.6982,0.036448,0.83025,101,5,1,6mar15_1mar15_PWD_m1_sp4_2_rev_1,1,0,0,,3,29,34,95
6mar15_1mar15_PWD_m1_sp4_2_rev,3.6883,0.027314,0.71646,135,4,11,6mar15_1mar15_PWD_m1_sp4_2_rev_11,0,,,,,,,
6mar15_1mar15_PWD_m1_sp4_2_rev,9.0234,0.08246,0.79936,109,8,13,6mar15_1mar15_PWD_m1_sp4_2_rev_13,1,0,0,,2,46,102,
6mar15_1mar15_PWD_m1_sp4_2_rev,5.1037,0.069919,0.76068,73,4,15,6mar15_1mar15_PWD_m1_sp4_2_rev_15,1,0,0,,1,42,,
6mar15_1mar15_PWD_m1_sp4_2_rev,2.4615,0.02766,0.77618,89,5,16,6mar15_1mar15_PWD_m1_sp4_2_rev_16,0,,,,,,,
6mar15_1mar15_PWD_m1_sp4_2_rev,5.8372,0.10151,0.85293,58,2,3,6mar15_1mar15_PWD_m1_sp4_2_rev_3,1,0,0,,1,49,,
6mar15_1mar15_PWD_m1_sp4_2_rev,4.1823,0.070958,0.8248,59,4,4,6mar15_1mar15_PWD_m1_sp4_2_rev_4,0,,,,,,,
6mar15_1mar15_PWD_m1_sp4_2_rev,2.3881,0.044639,0.78361,53,5,5,6mar15_1mar15_PWD_m1_sp4_2_rev_5,1,0,0,,1,28,,
6mar15_1mar15_PWD_m1_sp4_2_rev,4.0956,0.08129,0.732,50,3,7,6mar15_1mar15_PWD_m1_sp4_2_rev_7,0,,,,,,,
6mar15_1mar15_PWD_m1_sp4_2_rev,4.5203,0.051093,0.74016,88,4,8,6mar15_1mar15_PWD_m1_sp4_2_rev_8,1,0,0,,2,16,63,
6mar15_1mar15_PWD_m1_sp4_3_rev,3.2268,0.04214,0.75332,77,2,1,6mar15_1mar15_PWD_m1_sp4_3_rev_1,1,0,0,,2,18,61,
6mar15_1mar15_PWD_m1_sp4_3_rev,5.7177,0.045607,0.64081,125,3,10,6mar15_1mar15_PWD_m1_sp4_3_rev_10,1,0,0,,2,44,97,
6mar15_1mar15_PWD_m1_sp4_3_rev,2.5352,0.024513,0.69392,103,4,13,6mar15_1mar15_PWD_m1_sp4_3_rev_13,1,0,0,,2,33,89,
6mar15_1mar15_PWD_m1_sp4_3_rev,7.6644,0.10447,0.74472,73,2,15,6mar15_1mar15_PWD_m1_sp4_3_rev_15,1,1,1,,2,25,65,
6mar15_1mar15_PWD_m1_sp4_3_rev,3.7887,0.05282,0.78236,72,5,2,6mar15_1mar15_PWD_m1_sp4_3_rev_2,0,,,,,,,
6mar15_1mar15_PWD_m1_sp4_3_rev,4.4523,0.046499,0.69654,96,4,3,6mar15_1mar15_PWD_m1_sp4_3_rev_3,1,0,0,,2,27,78,
6mar15_1mar15_PWD_m1_sp4_3_rev,3.6041,0.048281,0.73908,75,1,4,6mar15_1mar15_PWD_m1_sp4_3_rev_4,1,1,1,,1,65,,
6mar15_1mar15_PWD_m1_sp4_3_rev,3.8161,0.068068,0.81053,56,1,5,6mar15_1mar15_PWD_m1_sp4_3_rev_5,1,1,1,,1,36,,
6mar15_1mar15_PWD_m1_sp4_3_rev,4.6936,0.081194,0.74835,58,2,7,6mar15_1mar15_PWD_m1_sp4_3_rev_7,1,0,0,,1,49,,
6mar15_1mar15_PWD_m1_sp4_4_rev,3.9416,0.037034,0.79459,106,2,1,6mar15_1mar15_PWD_m1_sp4_4_rev_1,1,0,0,,1,15,,
6mar15_1mar15_PWD_m1_sp4_4_rev,4.5917,0.052963,0.82639,87,5,11,6mar15_1mar15_PWD_m1_sp4_4_rev_11,1,0,0,,3,33,47,65
6mar15_1mar15_PWD_m1_sp4_4_rev,3.9908,0.040298,0.77893,99,3,12,6mar15_1mar15_PWD_m1_sp4_4_rev_12,1,0,0,tweak at the end might mess up segmentation,2,20,91,
6mar15_1mar15_PWD_m1_sp4_4_rev,11.2591,0.098513,0.88559,114,13,13,6mar15_1mar15_PWD_m1_sp4_4_rev_13,0,,,,,,,
6mar15_1mar15_PWD_m1_sp4_4_rev,6.4456,0.064067,0.82258,101,5,14,6mar15_1mar15_PWD_m1_sp4_4_rev_14,1,0,0,faint 3rd foci,2,19,88,
6mar15_1mar15_PWD_m1_sp4_4_rev,5.6146,0.065181,0.75348,86,3,15,6mar15_1mar15_PWD_m1_sp4_4_rev_15,1,0,0,,1,56,,
6mar15_1mar15_PWD_m1_sp4_4_rev,9.2074,0.11612,0.80928,79,4,16,6mar15_1mar15_PWD_m1_sp4_4_rev_16,1,0,0,,1,66,,
6mar15_1mar15_PWD_m1_sp4_4_rev,4.934,0.059531,0.77771,83,3,17,6mar15_1mar15_PWD_m1_sp4_4_rev_17,1,0,0,,2,34,80,
6mar15_1mar15_PWD_m1_sp4_4_rev,4.4999,0.049972,0.84755,90,5,2,6mar15_1mar15_PWD_m1_sp4_4_rev_2,1,0,0,,2,31,81,
6mar15_1mar15_PWD_m1_sp4_4_rev,5.1965,0.084126,0.84396,62,3,3,6mar15_1mar15_PWD_m1_sp4_4_rev_3,1,0,0,faint foci,1,44,,
6mar15_1mar15_PWD_m1_sp4_4_rev,7.7438,0.080169,0.81102,97,5,4,6mar15_1mar15_PWD_m1_sp4_4_rev_4,1,0,0,,2,29,81,
6mar15_1mar15_PWD_m1_sp4_4_rev,5.9758,0.051343,0.83549,116,6,5,6mar15_1mar15_PWD_m1_sp4_4_rev_5,1,0,0,,2,37,101,
6mar15_1mar15_PWD_m1_sp4_4_rev,4.4692,0.057216,0.8568,78,6,6,6mar15_1mar15_PWD_m1_sp4_4_rev_6,1,0,0,,2,31,67,
6mar15_1mar15_PWD_m1_sp4_4_rev,4.4129,0.062239,0.81112,71,2,7,6mar15_1mar15_PWD_m1_sp4_4_rev_7,1,1,1,,2,34,62,
6mar15_1mar15_PWD_m1_sp4_4_rev,6.2415,0.061445,0.7835,102,6,8,6mar15_1mar15_PWD_m1_sp4_4_rev_8,1,0,0,,2,15,95,
6mar15_1mar15_PWD_m1_sp4_4_rev,6.3347,0.11463,0.85817,55,5,9,6mar15_1mar15_PWD_m1_sp4_4_rev_9,1,0,0,,1,46,,
6mar15_1mar15_PWD_m1_sp4_5_rev,7.0834,0.078422,0.61295,90,2,1,6mar15_1mar15_PWD_m1_sp4_5_rev_1,1,1,1,offset blue channels,2,27,72,
6mar15_1mar15_PWD_m1_sp4_5_rev,4.8893,0.058086,0.64711,84,2,11,6mar15_1mar15_PWD_m1_sp4_5_rev_11,1,1,1,,2,11,70,
6mar15_1mar15_PWD_m1_sp4_5_rev,1.2698,0.017515,0.65713,72,3,13,6mar15_1mar15_PWD_m1_sp4_5_rev_13,1,0,0,,2,13,53,
6mar15_1mar15_PWD_m1_sp4_5_rev,2.3188,0.02646,0.68757,88,2,15,6mar15_1mar15_PWD_m1_sp4_5_rev_15,1,1,1,,2,17,71,
6mar15_1mar15_PWD_m1_sp4_5_rev,7.2835,0.077865,0.64558,94,1,2,6mar15_1mar15_PWD_m1_sp4_5_rev_2,1,1,1,,1,83,,
6mar15_1mar15_PWD_m1_sp4_5_rev,0.3125,0.0025036,0.55086,125,4,3,6mar15_1mar15_PWD_m1_sp4_5_rev_3,1,0,0,,1,121,,
6mar15_1mar15_PWD_m1_sp4_5_rev,8.8189,0.16582,0.56133,53,1,4,6mar15_1mar15_PWD_m1_sp4_5_rev_4,1,1,1,,1,17,,
6mar15_1mar15_PWD_m1_sp4_5_rev,9.5176,0.089328,0.60254,107,2,5,6mar15_1mar15_PWD_m1_sp4_5_rev_5,1,1,1,,2,56,96,
6mar15_1mar15_PWD_m1_sp4_5_rev,8.6967,0.15238,0.66878,57,1,6,6mar15_1mar15_PWD_m1_sp4_5_rev_6,1,1,1,,1,50,,
6mar15_1mar15_PWD_m1_sp4_5_rev,0.63492,0.010281,0.68291,62,4,8,6mar15_1mar15_PWD_m1_sp4_5_rev_8,1,0,0,,1,47,,
6mar15_1mar15_PWD_m1_sp4_6.1_rev,5.9755,0.061812,0.69047,97,3,1,6mar15_1mar15_PWD_m1_sp4_6.1_rev_1,1,0,0,,2,29,87,
6mar15_1mar15_PWD_m1_sp4_6.1_rev,6.0569,0.14417,0.72419,42,2,10,6mar15_1mar15_PWD_m1_sp4_6.1_rev_10,0,,,,,,,
6mar15_1mar15_PWD_m1_sp4_6.1_rev,4.259,0.045714,0.57968,93,2,11,6mar15_1mar15_PWD_m1_sp4_6.1_rev_11,1,1,1,,2,17,80,
6mar15_1mar15_PWD_m1_sp4_6.1_rev,4.5622,0.052796,0.60439,86,2,12,6mar15_1mar15_PWD_m1_sp4_6.1_rev_12,1,0,0,faint second foci,1,77,,
6mar15_1mar15_PWD_m1_sp4_6.1_rev,8.1312,0.08288,0.6987,98,4,2,6mar15_1mar15_PWD_m1_sp4_6.1_rev_2,1,0,0,,2,20,77,
6mar15_1mar15_PWD_m1_sp4_6.1_rev,4.7031,0.03971,0.62559,118,3,5,6mar15_1mar15_PWD_m1_sp4_6.1_rev_5,1,0,0,,2,18,109,
6mar15_1mar15_PWD_m1_sp4_6.1_rev,6.6097,0.11498,0.69405,57,1,6,6mar15_1mar15_PWD_m1_sp4_6.1_rev_6,1,1,1,,1,47,,
6mar15_1mar15_PWD_m1_sp4_6.1_rev,6.1175,0.097419,0.7112,63,1,7,6mar15_1mar15_PWD_m1_sp4_6.1_rev_7,1,1,1,,1,53,,
6mar15_1mar15_PWD_m1_sp4_6.1_rev,5.1588,0.048819,0.61647,106,3,9,6mar15_1mar15_PWD_m1_sp4_6.1_rev_9,1,0,0,small kink at the end,2,30,104,
6mar15_1mar15_PWD_m1_sp4_6.2_rev,4.6377,0.041187,0.41141,113,5,10,6mar15_1mar15_PWD_m1_sp4_6.2_rev_10,1,,,small kink at the end,1,75,,
6mar15_1mar15_PWD_m1_sp4_6.2_rev,6.9456,0.10692,0.41484,65,6,11,6mar15_1mar15_PWD_m1_sp4_6.2_rev_11,1,,,,,,,
6mar15_1mar15_PWD_m1_sp4_6.2_rev,5.4644,0.047485,0.40677,115,4,12,6mar15_1mar15_PWD_m1_sp4_6.2_rev_12,0,,,,,,,
6mar15_1mar15_PWD_m1_sp4_6.2_rev,6.9332,0.066144,0.46535,105,3,13,6mar15_1mar15_PWD_m1_sp4_6.2_rev_13,1,0,0,,1,96,,
6mar15_1mar15_PWD_m1_sp4_6.2_rev,3.8863,0.034998,0.41547,111,11,7,6mar15_1mar15_PWD_m1_sp4_6.2_rev_7,1,,,,,,,
6mar15_1mar15_PWD_m1_sp4_6.2_rev,4.9367,0.055636,0.45078,89,6,9,6mar15_1mar15_PWD_m1_sp4_6.2_rev_9,1,0,0,,1,25,,
6mar15_1mar15_PWD_m1_sp4_7_rev,5.0168,0.061609,0.62246,81,5,1,6mar15_1mar15_PWD_m1_sp4_7_rev_1,1,,,"several foci on this one, noise?",,,,
6mar15_1mar15_PWD_m1_sp4_7_rev,3.1836,0.043265,0.67611,74,5,10,6mar15_1mar15_PWD_m1_sp4_7_rev_10,1,0,0,,1,64,,
6mar15_1mar15_PWD_m1_sp4_7_rev,3.9602,0.050697,0.61317,78,4,11,6mar15_1mar15_PWD_m1_sp4_7_rev_11,1,,,"several foci on this one, noise?",,,,
6mar15_1mar15_PWD_m1_sp4_7_rev,4.2272,0.078107,0.66776,54,3,12,6mar15_1mar15_PWD_m1_sp4_7_rev_12,1,0,0,,1,50,,
6mar15_1mar15_PWD_m1_sp4_7_rev,3.3255,0.030313,0.63647,110,4,13,6mar15_1mar15_PWD_m1_sp4_7_rev_13,1,0,0,,2,25,93,
6mar15_1mar15_PWD_m1_sp4_7_rev,5.4398,0.055884,0.66003,97,3,15,6mar15_1mar15_PWD_m1_sp4_7_rev_15,1,0,0,,2,45,92,
6mar15_1mar15_PWD_m1_sp4_7_rev,4.4968,0.055342,0.67819,81,1,16,6mar15_1mar15_PWD_m1_sp4_7_rev_16,1,1,1,,1,78,,
6mar15_1mar15_PWD_m1_sp4_7_rev,4.3464,0.073147,0.68975,59,6,17,6mar15_1mar15_PWD_m1_sp4_7_rev_17,1,0,0,faint foci near end,1,42,,
6mar15_1mar15_PWD_m1_sp4_7_rev,4.2382,0.0556,0.69388,76,2,18,6mar15_1mar15_PWD_m1_sp4_7_rev_18,1,0,0,,1,56,,
6mar15_1mar15_PWD_m1_sp4_7_rev,8.0267,0.094181,0.68194,85,9,19,6mar15_1mar15_PWD_m1_sp4_7_rev_19,1,0,0,,2,21,69,
6mar15_1mar15_PWD_m1_sp4_7_rev,5.2895,0.04973,0.58531,106,3,2,6mar15_1mar15_PWD_m1_sp4_7_rev_2,1,0,0,,2,20,101,
6mar15_1mar15_PWD_m1_sp4_7_rev,5.8838,0.10703,0.59344,55,3,3,6mar15_1mar15_PWD_m1_sp4_7_rev_3,0,,,,,,,
6mar15_1mar15_PWD_m1_sp4_7_rev,5.8916,0.059927,0.54333,98,2,4,6mar15_1mar15_PWD_m1_sp4_7_rev_4,1,1,1,,2,28,90,
6mar15_1mar15_PWD_m1_sp4_7_rev,3.1028,0.04251,0.56978,73,5,5,6mar15_1mar15_PWD_m1_sp4_7_rev_5,1,0,0,,2,49,71,
6mar15_1mar15_PWD_m1_sp4_7_rev,4.6365,0.039229,0.54872,118,3,6,6mar15_1mar15_PWD_m1_sp4_7_rev_6,1,0,0,think middle foci is noise,2,37,104,
6mar15_1mar15_PWD_m1_sp4_7_rev,6.7269,0.061925,0.643,109,4,7,6mar15_1mar15_PWD_m1_sp4_7_rev_7,1,0,0,,2,44,103,
6mar15_1mar15_PWD_m1_sp4_7_rev,5.5209,0.08145,0.62479,68,4,8,6mar15_1mar15_PWD_m1_sp4_7_rev_8,1,0,0,,1,56,,
6mar15_1mar15_PWD_m1_sp4_7_rev,5.7726,0.067285,0.6238,86,3,9,6mar15_1mar15_PWD_m1_sp4_7_rev_9,1,0,0,,2,10,67,
6mar15_1mar15_PWD_m1_sp4_8_rev,7.5611,0.096281,0.5739,79,2,1,6mar15_1mar15_PWD_m1_sp4_8_rev_1,1,0,0,,1,40,,
6mar15_1mar15_PWD_m1_sp4_8_rev,3.2907,0.0385,0.56379,85,5,10,6mar15_1mar15_PWD_m1_sp4_8_rev_10,1,0,0,faint middle foci,2,13,78,
6mar15_1mar15_PWD_m1_sp4_8_rev,5.0989,0.091136,0.61723,56,3,11,6mar15_1mar15_PWD_m1_sp4_8_rev_11,1,0,0,,1,36,,
6mar15_1mar15_PWD_m1_sp4_8_rev,6.9402,0.072496,0.59986,96,2,12,6mar15_1mar15_PWD_m1_sp4_8_rev_12,1,1,1,,2,27,80,
6mar15_1mar15_PWD_m1_sp4_8_rev,10.504,0.19233,0.56838,55,6,13,6mar15_1mar15_PWD_m1_sp4_8_rev_13,0,,,,,,,
6mar15_1mar15_PWD_m1_sp4_8_rev,4.6245,0.03965,0.56406,117,5,14,6mar15_1mar15_PWD_m1_sp4_8_rev_14,1,0,0,,2,22,115,
6mar15_1mar15_PWD_m1_sp4_8_rev,4.3094,0.05802,0.57976,74,9,15,6mar15_1mar15_PWD_m1_sp4_8_rev_15,0,,,,,,,
6mar15_1mar15_PWD_m1_sp4_8_rev,3.4155,0.044177,0.59588,77,4,16,6mar15_1mar15_PWD_m1_sp4_8_rev_16,1,0,0,faint flanking foci,1,46,,
6mar15_1mar15_PWD_m1_sp4_8_rev,4.6981,0.060338,0.54818,78,1,17,6mar15_1mar15_PWD_m1_sp4_8_rev_17,1,1,1,,1,27,,
6mar15_1mar15_PWD_m1_sp4_8_rev,4.1628,0.048163,0.53843,86,3,18,6mar15_1mar15_PWD_m1_sp4_8_rev_18,1,0,0,,2,43,80,
6mar15_1mar15_PWD_m1_sp4_8_rev,4.1685,0.028065,0.62884,149,20,2,6mar15_1mar15_PWD_m1_sp4_8_rev_2,0,,,,,,,
6mar15_1mar15_PWD_m1_sp4_8_rev,3.7017,0.035228,0.60265,105,2,3,6mar15_1mar15_PWD_m1_sp4_8_rev_3,1,1,1,,2,17,100,
6mar15_1mar15_PWD_m1_sp4_8_rev,4.6225,0.078759,0.61406,59,1,4,6mar15_1mar15_PWD_m1_sp4_8_rev_4,1,1,1,,1,41,,
6mar15_1mar15_PWD_m1_sp4_8_rev,3.2836,0.037751,0.60487,87,4,5,6mar15_1mar15_PWD_m1_sp4_8_rev_5,1,0,0,faint foci,1,72,,
6mar15_1mar15_PWD_m1_sp4_8_rev,3.0817,0.032834,0.57768,94,3,6,6mar15_1mar15_PWD_m1_sp4_8_rev_6,1,0,0,,2,28,90,
6mar15_1mar15_PWD_m1_sp4_8_rev,4.1468,0.059215,0.56014,70,4,7,6mar15_1mar15_PWD_m1_sp4_8_rev_7,1,0,0,,1,45,,
6mar15_1mar15_PWD_m1_sp4_8_rev,2.9508,0.030791,0.58556,96,4,8,6mar15_1mar15_PWD_m1_sp4_8_rev_8,1,0,0,,2,24,88,
6mar15_1mar15_PWD_m1_sp4_8_rev,3.1199,0.034649,0.56473,90,3,9,6mar15_1mar15_PWD_m1_sp4_8_rev_9,1,0,0,,2,27,76,
7mar15_1mar15_PWD_m1_sp4_1.1_rev,5.0619,0.052435,0.6991,97,7,1,7mar15_1mar15_PWD_m1_sp4_1.1_rev_1,1,0,0,,1,17,,
7mar15_1mar15_PWD_m1_sp4_1.1_rev,4.91,0.055608,0.58675,88,3,10,7mar15_1mar15_PWD_m1_sp4_1.1_rev_10,1,0,0,,2,17,84,
7mar15_1mar15_PWD_m1_sp4_1.1_rev,3.3381,0.024735,0.51866,135,4,11,7mar15_1mar15_PWD_m1_sp4_1.1_rev_11,1,0,0,kinda faint flanking foci,1,68,,
7mar15_1mar15_PWD_m1_sp4_1.1_rev,5.5907,0.10302,0.57765,54,6,12,7mar15_1mar15_PWD_m1_sp4_1.1_rev_12,1,0,0,,1,50,,
7mar15_1mar15_PWD_m1_sp4_1.1_rev,4.8886,0.061347,0.51693,80,5,13,7mar15_1mar15_PWD_m1_sp4_1.1_rev_13,1,0,0,,2,13,71,
7mar15_1mar15_PWD_m1_sp4_1.1_rev,5.8179,0.081382,0.51651,71,6,16,7mar15_1mar15_PWD_m1_sp4_1.1_rev_16,0,,,bad segmentation,,,,
7mar15_1mar15_PWD_m1_sp4_1.1_rev,10.3316,0.12086,0.53344,85,2,17,7mar15_1mar15_PWD_m1_sp4_1.1_rev_17,0,,,I think segmentation should be longer,,,,
7mar15_1mar15_PWD_m1_sp4_1.1_rev,4.18,0.051732,0.75936,81,3,3,7mar15_1mar15_PWD_m1_sp4_1.1_rev_3,0,,,,,,,
7mar15_1mar15_PWD_m1_sp4_1.1_rev,22.3968,0.19728,0.65302,114,7,4,7mar15_1mar15_PWD_m1_sp4_1.1_rev_4,0,,,,,,,
7mar15_1mar15_PWD_m1_sp4_1.1_rev,3.981,0.031272,0.6054,127,3,5,7mar15_1mar15_PWD_m1_sp4_1.1_rev_5,1,0,0,faint middle foci,2,23,118,
7mar15_1mar15_PWD_m1_sp4_1.1_rev,2.6015,0.029319,0.60048,89,2,6,7mar15_1mar15_PWD_m1_sp4_1.1_rev_6,1,1,1,,1,47,,
7mar15_1mar15_PWD_m1_sp4_1.1_rev,4.3235,0.041465,0.53351,104,3,7,7mar15_1mar15_PWD_m1_sp4_1.1_rev_7,1,0,0,,2,50,88,
7mar15_1mar15_PWD_m1_sp4_1.1_rev,2.3351,0.028796,0.6516,81,2,8,7mar15_1mar15_PWD_m1_sp4_1.1_rev_8,1,1,1,,2,24,72,
7mar15_1mar15_PWD_m1_sp4_1.1_rev,4.8056,0.052683,0.5887,91,1,9,7mar15_1mar15_PWD_m1_sp4_1.1_rev_9,1,1,1,,1,86,,
7mar15_1mar15_PWD_m1_sp4_1.2_rev,5.6547,0.04451,0.4487,127,1,10,7mar15_1mar15_PWD_m1_sp4_1.2_rev_10,1,1,1,,1,28,,
7mar15_1mar15_PWD_m1_sp4_1.2_rev,4.5866,0.055859,0.49066,82,1,11,7mar15_1mar15_PWD_m1_sp4_1.2_rev_11,1,1,1,,1,61,,
7mar15_1mar15_PWD_m1_sp4_1.2_rev,4.2026,0.061493,0.50526,68,2,13,7mar15_1mar15_PWD_m1_sp4_1.2_rev_13,1,0,0,,1,44,,
7mar15_1mar15_PWD_m1_sp4_1.2_rev,4.4976,0.042469,0.49635,106,8,14,7mar15_1mar15_PWD_m1_sp4_1.2_rev_14,1,0,0,,1,92,,
7mar15_1mar15_PWD_m1_sp4_1.2_rev,5.975,0.054034,0.48504,111,5,15,7mar15_1mar15_PWD_m1_sp4_1.2_rev_15,1,0,0,faint middle foci,2,22,106,
7mar15_1mar15_PWD_m1_sp4_1.2_rev,4.2448,0.051899,0.49513,82,1,2,7mar15_1mar15_PWD_m1_sp4_1.2_rev_2,1,1,1,"werid segmentation, broken. But measures seem right",1,71,,
7mar15_1mar15_PWD_m1_sp4_1.2_rev,5.7757,0.10596,0.51029,55,3,3,7mar15_1mar15_PWD_m1_sp4_1.2_rev_3,1,0,0,,1,29,,
7mar15_1mar15_PWD_m1_sp4_1.2_rev,4.3148,0.043407,0.46474,99,5,5,7mar15_1mar15_PWD_m1_sp4_1.2_rev_5,0,,,,,,,
7mar15_1mar15_PWD_m1_sp4_1.2_rev,6.6454,0.10576,0.45437,63,1,7,7mar15_1mar15_PWD_m1_sp4_1.2_rev_7,1,1,1,,1,56,,
7mar15_1mar15_PWD_m1_sp4_1.2_rev,5.2586,0.045885,0.45337,115,2,8,7mar15_1mar15_PWD_m1_sp4_1.2_rev_8,1,1,1,,2,27,94,
7mar15_1mar15_PWD_m1_sp4_1.2_rev,6.4435,0.075294,0.48505,86,2,9,7mar15_1mar15_PWD_m1_sp4_1.2_rev_9,1,0,0,faint foci at end,1,27,,
7mar15_1mar15_PWD_m1_sp4_12_rev,4.4817,0.04466,0.41273,100,5,10,7mar15_1mar15_PWD_m1_sp4_12_rev_10,1,0,0,some faint foci,1,23,,
7mar15_1mar15_PWD_m1_sp4_12_rev,4.1765,0.049082,0.43881,85,8,12,7mar15_1mar15_PWD_m1_sp4_12_rev_12,1,0,0,,1,25,,
7mar15_1mar15_PWD_m1_sp4_12_rev,7.0313,0.10809,0.45251,65,5,14,7mar15_1mar15_PWD_m1_sp4_12_rev_14,1,0,0,,2,13,53,
7mar15_1mar15_PWD_m1_sp4_12_rev,7.9602,0.087491,0.44176,91,7,15,7mar15_1mar15_PWD_m1_sp4_12_rev_15,1,0,0,faint foci,1,73,,
7mar15_1mar15_PWD_m1_sp4_12_rev,6.8204,0.082398,0.49531,83,7,16,7mar15_1mar15_PWD_m1_sp4_12_rev_16,1,0,0,,1,42,,
7mar15_1mar15_PWD_m1_sp4_12_rev,4.2419,0.036511,0.38345,116,6,17,7mar15_1mar15_PWD_m1_sp4_12_rev_17,1,0,0,,1,97,,
7mar15_1mar15_PWD_m1_sp4_12_rev,5.7864,0.069586,0.43211,83,3,18,7mar15_1mar15_PWD_m1_sp4_12_rev_18,1,0,0,,2,23,79,
7mar15_1mar15_PWD_m1_sp4_12_rev,3.1694,0.025047,0.39481,127,8,19,7mar15_1mar15_PWD_m1_sp4_12_rev_19,1,0,0,,2,34,123,
7mar15_1mar15_PWD_m1_sp4_12_rev,5.5538,0.050484,0.49344,110,9,2,7mar15_1mar15_PWD_m1_sp4_12_rev_2,1,0,0,,1,77,,
7mar15_1mar15_PWD_m1_sp4_12_rev,3.4878,0.035975,0.46527,97,8,20,7mar15_1mar15_PWD_m1_sp4_12_rev_20,1,0,0,,2,33,83,
7mar15_1mar15_PWD_m1_sp4_12_rev,5.2718,0.079742,0.57141,66,4,3,7mar15_1mar15_PWD_m1_sp4_12_rev_3,1,0,0,,1,51,,
7mar15_1mar15_PWD_m1_sp4_12_rev,3.5285,0.02824,0.42711,125,4,4,7mar15_1mar15_PWD_m1_sp4_12_rev_4,1,0,0,,2,19,118,
7mar15_1mar15_PWD_m1_sp4_12_rev,2.4638,0.016953,0.51427,145,10,5,7mar15_1mar15_PWD_m1_sp4_12_rev_5,0,,,,,,,
7mar15_1mar15_PWD_m1_sp4_12_rev,7.2702,0.091507,0.41216,79,4,7,7mar15_1mar15_PWD_m1_sp4_12_rev_7,0,,,,,,,
7mar15_1mar15_PWD_m1_sp4_12_rev,3.4826,0.030177,0.5114,115,9,8,7mar15_1mar15_PWD_m1_sp4_12_rev_8,1,0,0,,2,33,114,
7mar15_1mar15_PWD_m1_sp4_12_rev,4.5431,0.030884,0.35627,147,6,9,7mar15_1mar15_PWD_m1_sp4_12_rev_9,1,0,0,,2,55,144,
7mar15_1mar15_PWD_m1_sp4_15_rev,3.0472,0.06223,0.74327,49,4,1,7mar15_1mar15_PWD_m1_sp4_15_rev_1,0,,,,,,,
7mar15_1mar15_PWD_m1_sp4_15_rev,4.9331,0.091149,0.7456,54,6,11,7mar15_1mar15_PWD_m1_sp4_15_rev_11,1,0,0,,1,40,,
7mar15_1mar15_PWD_m1_sp4_15_rev,8.1142,0.083142,0.74314,98,5,12,7mar15_1mar15_PWD_m1_sp4_15_rev_12,1,0,0,,2,15,95,
7mar15_1mar15_PWD_m1_sp4_15_rev,2.0588,0.025249,0.69938,82,7,13,7mar15_1mar15_PWD_m1_sp4_15_rev_13,1,0,0,,2,34,71,
7mar15_1mar15_PWD_m1_sp4_15_rev,6.4004,0.071071,0.66489,90,6,14,7mar15_1mar15_PWD_m1_sp4_15_rev_14,1,0,0,faint first foci,2,51,77,
7mar15_1mar15_PWD_m1_sp4_15_rev,3.0007,0.057299,0.7376,52,4,15,7mar15_1mar15_PWD_m1_sp4_15_rev_15,1,0,0,,1,47,,
7mar15_1mar15_PWD_m1_sp4_15_rev,2.8986,0.038825,0.77491,75,3,4,7mar15_1mar15_PWD_m1_sp4_15_rev_4,1,0,0,,1,20,,
7mar15_1mar15_PWD_m1_sp4_15_rev,4.1083,0.045655,0.75902,90,9,5,7mar15_1mar15_PWD_m1_sp4_15_rev_5,1,0,0,,2,16,75,
7mar15_1mar15_PWD_m1_sp4_15_rev,7.4928,0.075023,0.72936,100,7,6,7mar15_1mar15_PWD_m1_sp4_15_rev_6,0,,,,,,,
7mar15_1mar15_PWD_m1_sp4_15_rev,7.3929,0.076032,0.74662,97,5,7,7mar15_1mar15_PWD_m1_sp4_15_rev_7,0,,,strange segmentation,,,,
7mar15_1mar15_PWD_m1_sp4_15_rev,4.5185,0.050637,0.70003,89,4,9,7mar15_1mar15_PWD_m1_sp4_15_rev_9,1,0,0,,1,31,,
7mar15_1mar15_PWD_m1_sp4_16_rev,4.0168,0.034499,0.73518,116,3,11,7mar15_1mar15_PWD_m1_sp4_16_rev_11,1,0,0,,1,77,,
7mar15_1mar15_PWD_m1_sp4_16_rev,7.2621,0.094633,0.77372,77,3,12,7mar15_1mar15_PWD_m1_sp4_16_rev_12,1,0,0,,1,58,,
7mar15_1mar15_PWD_m1_sp4_16_rev,9.1932,0.07506,0.76251,122,5,13,7mar15_1mar15_PWD_m1_sp4_16_rev_13,1,,,strange segmentation at end,1,78,,
7mar15_1mar15_PWD_m1_sp4_16_rev,4.2881,0.046449,0.75399,92,4,14,7mar15_1mar15_PWD_m1_sp4_16_rev_14,1,0,0,,1,36,,
7mar15_1mar15_PWD_m1_sp4_16_rev,5.928,0.057742,0.78151,103,5,15,7mar15_1mar15_PWD_m1_sp4_16_rev_15,1,0,0,,2,17,86,
7mar15_1mar15_PWD_m1_sp4_16_rev,4.5436,0.040447,0.74401,112,7,2,7mar15_1mar15_PWD_m1_sp4_16_rev_2,1,0,0,,2,25,103,
7mar15_1mar15_PWD_m1_sp4_16_rev,5.4449,0.095207,0.78783,57,4,3,7mar15_1mar15_PWD_m1_sp4_16_rev_3,1,0,0,,1,29,,
7mar15_1mar15_PWD_m1_sp4_16_rev,6.3778,0.070482,0.77113,90,7,4,7mar15_1mar15_PWD_m1_sp4_16_rev_4,1,0,0,,1,62,,
7mar15_1mar15_PWD_m1_sp4_16_rev,2.7498,0.032738,0.74941,84,3,5,7mar15_1mar15_PWD_m1_sp4_16_rev_5,1,0,0,,2,16,71,
7mar15_1mar15_PWD_m1_sp4_16_rev,3.3435,0.04272,0.76233,78,4,6,7mar15_1mar15_PWD_m1_sp4_16_rev_6,1,0,0,,1,36,,
7mar15_1mar15_PWD_m1_sp4_16_rev,2.5714,0.017144,0.75231,150,8,7,7mar15_1mar15_PWD_m1_sp4_16_rev_7,0,,,,,,,
7mar15_1mar15_PWD_m1_sp4_16_rev,7.8657,0.12634,0.77944,62,5,9,7mar15_1mar15_PWD_m1_sp4_16_rev_9,1,0,0,,2,3,50,
7mar15_1mar15_PWD_m1_sp4_17_rev,3.9145,0.062358,0.38375,63,4,1,7mar15_1mar15_PWD_m1_sp4_17_rev_1,1,0,0,,1,40,,
7mar15_1mar15_PWD_m1_sp4_17_rev,4.9161,0.076733,0.37543,64,4,10,7mar15_1mar15_PWD_m1_sp4_17_rev_10,1,0,0,,1,27,,
7mar15_1mar15_PWD_m1_sp4_17_rev,5.8291,0.11029,0.31846,53,3,13,7mar15_1mar15_PWD_m1_sp4_17_rev_13,0,,,,,,,
7mar15_1mar15_PWD_m1_sp4_17_rev,1.2698,0.010642,0.40485,119,6,14,7mar15_1mar15_PWD_m1_sp4_17_rev_14,0,,,,,,,
7mar15_1mar15_PWD_m1_sp4_17_rev,5.7875,0.059293,0.36603,98,5,15,7mar15_1mar15_PWD_m1_sp4_17_rev_15,1,0,0,faint foci near cent,2,60,89,
7mar15_1mar15_PWD_m1_sp4_17_rev,6.1439,0.074643,0.36166,82,3,16,7mar15_1mar15_PWD_m1_sp4_17_rev_16,1,0,0,,1,79,,
7mar15_1mar15_PWD_m1_sp4_17_rev,4.6063,0.050348,0.34342,91,3,17,7mar15_1mar15_PWD_m1_sp4_17_rev_17,1,0,0,,1,80,,
7mar15_1mar15_PWD_m1_sp4_17_rev,4.59,0.053061,0.33468,87,2,3,7mar15_1mar15_PWD_m1_sp4_17_rev_3,1,0,0,,1,61,,
7mar15_1mar15_PWD_m1_sp4_17_rev,6.1815,0.072783,0.37076,85,1,5,7mar15_1mar15_PWD_m1_sp4_17_rev_5,1,1,1,,1,78,,
7mar15_1mar15_PWD_m1_sp4_17_rev,10.303,0.099995,0.36691,103,4,6,7mar15_1mar15_PWD_m1_sp4_17_rev_6,0,,,,,,,
7mar15_1mar15_PWD_m1_sp4_18_rev,3.2023,0.034798,0.33442,92,3,1,7mar15_1mar15_PWD_m1_sp4_18_rev_1,1,0,0,,2,27,78,
7mar15_1mar15_PWD_m1_sp4_18_rev,5.5278,0.050856,0.27637,109,4,10,7mar15_1mar15_PWD_m1_sp4_18_rev_10,1,0,0,faint foci,1,85,,
7mar15_1mar15_PWD_m1_sp4_18_rev,5.4824,0.06082,0.31343,90,1,11,7mar15_1mar15_PWD_m1_sp4_18_rev_11,1,1,1,,1,75,,
7mar15_1mar15_PWD_m1_sp4_18_rev,3.8016,0.065474,0.31674,58,3,12,7mar15_1mar15_PWD_m1_sp4_18_rev_12,1,0,0,faint middle foci,1,37,,
7mar15_1mar15_PWD_m1_sp4_18_rev,7.8998,0.096961,0.28724,81,2,13,7mar15_1mar15_PWD_m1_sp4_18_rev_13,1,1,1,,2,14,65,
7mar15_1mar15_PWD_m1_sp4_18_rev,6.5756,0.095674,0.28752,69,1,14,7mar15_1mar15_PWD_m1_sp4_18_rev_14,1,1,1,,1,62,,
7mar15_1mar15_PWD_m1_sp4_18_rev,5.6651,0.069068,0.36241,82,7,2,7mar15_1mar15_PWD_m1_sp4_18_rev_2,1,0,0,,1,68,,
7mar15_1mar15_PWD_m1_sp4_18_rev,7.2301,0.075493,0.3457,96,2,3,7mar15_1mar15_PWD_m1_sp4_18_rev_3,1,1,1,,2,23,80,
7mar15_1mar15_PWD_m1_sp4_18_rev,3.9306,0.030026,0.34305,131,6,4,7mar15_1mar15_PWD_m1_sp4_18_rev_4,0,,,,,,,
7mar15_1mar15_PWD_m1_sp4_18_rev,2.5714,0.027546,0.32054,93,8,8,7mar15_1mar15_PWD_m1_sp4_18_rev_8,1,,,,,,,
7mar15_1mar15_PWD_m1_sp4_18_rev,4.7868,0.038903,0.29079,123,1,9,7mar15_1mar15_PWD_m1_sp4_18_rev_9,1,1,1,,1,117,,
7mar15_1mar15_PWD_m1_sp4_19_rev,4.5708,0.057927,0.47165,79,5,1,7mar15_1mar15_PWD_m1_sp4_19_rev_1,1,0,0,,1,33,,
7mar15_1mar15_PWD_m1_sp4_19_rev,3.1369,0.02271,0.49429,138,4,11,7mar15_1mar15_PWD_m1_sp4_19_rev_11,0,,,,,,,
7mar15_1mar15_PWD_m1_sp4_19_rev,3.7508,0.039633,0.45761,95,1,12,7mar15_1mar15_PWD_m1_sp4_19_rev_12,1,1,1,,1,87,,
7mar15_1mar15_PWD_m1_sp4_19_rev,2.3601,0.029531,0.45566,80,1,13,7mar15_1mar15_PWD_m1_sp4_19_rev_13,1,1,1,,1,60,,
7mar15_1mar15_PWD_m1_sp4_19_rev,4.7209,0.057074,0.43831,83,6,14,7mar15_1mar15_PWD_m1_sp4_19_rev_14,1,0,0,,1,43,,
7mar15_1mar15_PWD_m1_sp4_19_rev,3.0556,0.026024,0.4526,117,3,3,7mar15_1mar15_PWD_m1_sp4_19_rev_3,1,0,0,faint middle foci,1,100,,
7mar15_1mar15_PWD_m1_sp4_19_rev,6.359,0.1649,0.46574,39,1,4,7mar15_1mar15_PWD_m1_sp4_19_rev_4,0,,,,,,,
7mar15_1mar15_PWD_m1_sp4_19_rev,5.9198,0.033113,0.46877,179,3,5,7mar15_1mar15_PWD_m1_sp4_19_rev_5,0,,,,,,,
7mar15_1mar15_PWD_m1_sp4_19_rev,5.9865,0.054451,0.42629,110,7,7,7mar15_1mar15_PWD_m1_sp4_19_rev_7,1,0,0,other faint foci,1,87,,
7mar15_1mar15_PWD_m1_sp4_19_rev,3.6761,0.059595,0.51631,62,1,8,7mar15_1mar15_PWD_m1_sp4_19_rev_8,1,1,1,,1,45,,
7mar15_1mar15_PWD_m1_sp4_19_rev,4.6597,0.04574,0.4611,102,2,9,7mar15_1mar15_PWD_m1_sp4_19_rev_9,1,1,1,,2,19,98,
7mar15_1mar15_PWD_m1_sp4_2_rev,4.8219,0.10186,0.36413,47,1,1,7mar15_1mar15_PWD_m1_sp4_2_rev_1,1,1,1,,1,40,,
7mar15_1mar15_PWD_m1_sp4_2_rev,4.3466,0.055823,0.3458,78,3,10,7mar15_1mar15_PWD_m1_sp4_2_rev_10,1,0,0,,1,60,,
7mar15_1mar15_PWD_m1_sp4_2_rev,9.8815,0.10304,0.51674,96,10,11,7mar15_1mar15_PWD_m1_sp4_2_rev_11,0,,,,,,,
7mar15_1mar15_PWD_m1_sp4_2_rev,2.8888,0.031495,0.33252,92,13,12,7mar15_1mar15_PWD_m1_sp4_2_rev_12,1,0,0,,1,89,,
7mar15_1mar15_PWD_m1_sp4_2_rev,5.4741,0.060968,0.31728,90,4,13,7mar15_1mar15_PWD_m1_sp4_2_rev_13,1,0,0,,1,73,,
7mar15_1mar15_PWD_m1_sp4_2_rev,5.123,0.05513,0.32991,93,4,15,7mar15_1mar15_PWD_m1_sp4_2_rev_15,1,0,0,,1,44,,
7mar15_1mar15_PWD_m1_sp4_2_rev,9.7037,0.14568,0.35939,67,2,2,7mar15_1mar15_PWD_m1_sp4_2_rev_2,0,,,,,,,
7mar15_1mar15_PWD_m1_sp4_2_rev,6.0805,0.094809,0.36681,64,2,3,7mar15_1mar15_PWD_m1_sp4_2_rev_3,1,0,0,"two bivs in the whole box, but measures seem right",1,58,,
7mar15_1mar15_PWD_m1_sp4_2_rev,3.6754,0.045791,0.39388,80,5,4,7mar15_1mar15_PWD_m1_sp4_2_rev_4,1,0,0,,2,18,61,
7mar15_1mar15_PWD_m1_sp4_2_rev,3.4335,0.050536,0.33653,68,6,5,7mar15_1mar15_PWD_m1_sp4_2_rev_5,1,0,0,,1,48,,
7mar15_1mar15_PWD_m1_sp4_2_rev,3.3752,0.037903,0.35641,89,2,6,7mar15_1mar15_PWD_m1_sp4_2_rev_6,1,1,1,,2,16,83,
7mar15_1mar15_PWD_m1_sp4_2_rev,2.1538,0.017736,0.32228,121,6,7,7mar15_1mar15_PWD_m1_sp4_2_rev_7,0,,,,,,,
7mar15_1mar15_PWD_m1_sp4_2_rev,2.2857,0.037241,0.3583,61,2,8,7mar15_1mar15_PWD_m1_sp4_2_rev_8,1,1,1,,2,21,54,
7mar15_1mar15_PWD_m1_sp4_2_rev,5.6523,0.052916,0.33012,107,4,9,7mar15_1mar15_PWD_m1_sp4_2_rev_9,0,,,,,,,
7mar15_1mar15_PWD_m1_sp4_20_rev,5.9701,0.08567,0.75143,70,5,1,7mar15_1mar15_PWD_m1_sp4_20_rev_1,1,0,0,,1,25,,
7mar15_1mar15_PWD_m1_sp4_20_rev,4.3424,0.04186,0.7514,104,5,11,7mar15_1mar15_PWD_m1_sp4_20_rev_11,1,0,0,,2,39,95,
7mar15_1mar15_PWD_m1_sp4_20_rev,7.1733,0.13717,0.7932,52,5,12,7mar15_1mar15_PWD_m1_sp4_20_rev_12,1,0,0,,1,28,,
7mar15_1mar15_PWD_m1_sp4_20_rev,3.3524,0.040807,0.77806,82,7,13,7mar15_1mar15_PWD_m1_sp4_20_rev_13,1,,,,,,,
7mar15_1mar15_PWD_m1_sp4_20_rev,4.2863,0.058458,0.83346,73,3,14,7mar15_1mar15_PWD_m1_sp4_20_rev_14,0,,,,,,,
7mar15_1mar15_PWD_m1_sp4_20_rev,2.4412,0.031845,0.79183,77,4,15,7mar15_1mar15_PWD_m1_sp4_20_rev_15,1,0,0,,2,14,68,
7mar15_1mar15_PWD_m1_sp4_20_rev,4.1845,0.061979,0.81171,68,2,18,7mar15_1mar15_PWD_m1_sp4_20_rev_18,1,0,0,,1,33,,
7mar15_1mar15_PWD_m1_sp4_20_rev,2.7692,0.027592,0.70535,100,4,2,7mar15_1mar15_PWD_m1_sp4_20_rev_2,1,0,0,,2,18,91,
7mar15_1mar15_PWD_m1_sp4_20_rev,2.3188,0.034943,0.7369,66,6,3,7mar15_1mar15_PWD_m1_sp4_20_rev_3,1,0,0,,2,17,64,
7mar15_1mar15_PWD_m1_sp4_20_rev,3.1856,0.038047,0.7497,84,5,4,7mar15_1mar15_PWD_m1_sp4_20_rev_4,1,0,0,"middle foci, might be real",2,16,75,
7mar15_1mar15_PWD_m1_sp4_20_rev,4.7385,0.071867,0.73131,66,8,5,7mar15_1mar15_PWD_m1_sp4_20_rev_5,1,0,0,,2,34,58,
7mar15_1mar15_PWD_m1_sp4_20_rev,5.462,0.11909,0.76436,46,3,6,7mar15_1mar15_PWD_m1_sp4_20_rev_6,1,0,0,,1,22,,
7mar15_1mar15_PWD_m1_sp4_20_rev,8.2321,0.10893,0.73422,76,4,7,7mar15_1mar15_PWD_m1_sp4_20_rev_7,1,0,0,,1,59,,
7mar15_1mar15_PWD_m1_sp4_20_rev,2.7692,0.02813,0.72596,98,5,8,7mar15_1mar15_PWD_m1_sp4_20_rev_8,1,0,0,,2,24,84,
7mar15_1mar15_PWD_m1_sp4_20_rev,2,0.023683,0.73228,84,4,9,7mar15_1mar15_PWD_m1_sp4_20_rev_9,1,0,0,,2,23,81,
7mar15_1mar15_PWD_m1_sp4_21_rev,10.9706,0.12612,0.6779,87,5,10,7mar15_1mar15_PWD_m1_sp4_21_rev_10,1,0,0,,2,35,81,
7mar15_1mar15_PWD_m1_sp4_21_rev,5.1736,0.057082,0.73999,91,6,11,7mar15_1mar15_PWD_m1_sp4_21_rev_11,1,0,0,,1,88,,
7mar15_1mar15_PWD_m1_sp4_21_rev,13.5237,0.1216,0.7543,111,9,2,7mar15_1mar15_PWD_m1_sp4_21_rev_2,0,,,,,,,
7mar15_1mar15_PWD_m1_sp4_21_rev,4.8515,0.042852,0.67825,113,6,5,7mar15_1mar15_PWD_m1_sp4_21_rev_5,1,0,0,,2,36,89,
7mar15_1mar15_PWD_m1_sp4_21_rev,8.1763,0.074821,0.69672,109,9,9,7mar15_1mar15_PWD_m1_sp4_21_rev_9,0,,,,,,,
7mar15_1mar15_PWD_m1_sp4_22_rev,6.1167,0.079148,0.39989,77,2,1,7mar15_1mar15_PWD_m1_sp4_22_rev_1,1,1,1,,2,33,72,
7mar15_1mar15_PWD_m1_sp4_22_rev,4.0634,0.03154,0.35627,129,1,10,7mar15_1mar15_PWD_m1_sp4_22_rev_10,0,,,,,,,
7mar15_1mar15_PWD_m1_sp4_22_rev,4.0855,0.037357,0.3302,109,2,11,7mar15_1mar15_PWD_m1_sp4_22_rev_11,1,1,1,,2,6,101,
7mar15_1mar15_PWD_m1_sp4_22_rev,3.67,0.035141,0.3463,104,2,12,7mar15_1mar15_PWD_m1_sp4_22_rev_12,0,,,,,,,
7mar15_1mar15_PWD_m1_sp4_22_rev,5.1912,0.063461,0.36994,82,1,13,7mar15_1mar15_PWD_m1_sp4_22_rev_13,0,,,,,,,
7mar15_1mar15_PWD_m1_sp4_22_rev,4.6926,0.08719,0.33067,54,5,14,7mar15_1mar15_PWD_m1_sp4_22_rev_14,1,0,0,,1,45,,
7mar15_1mar15_PWD_m1_sp4_22_rev,4.3907,0.07608,0.33097,58,1,15,7mar15_1mar15_PWD_m1_sp4_22_rev_15,1,1,1,,1,35,,
7mar15_1mar15_PWD_m1_sp4_22_rev,6.6009,0.070482,0.33156,94,3,16,7mar15_1mar15_PWD_m1_sp4_22_rev_16,1,0,0,,1,23,,
7mar15_1mar15_PWD_m1_sp4_22_rev,6.5656,0.067233,0.4062,98,2,2,7mar15_1mar15_PWD_m1_sp4_22_rev_2,1,1,1,,2,25,92,
7mar15_1mar15_PWD_m1_sp4_22_rev,3.7036,0.033335,0.38312,111,3,3,7mar15_1mar15_PWD_m1_sp4_22_rev_3,1,,,kink at end might mess up SC,1,47,105,
7mar15_1mar15_PWD_m1_sp4_22_rev,3.6758,0.063529,0.40268,58,1,4,7mar15_1mar15_PWD_m1_sp4_22_rev_4,0,,,,,,,
7mar15_1mar15_PWD_m1_sp4_22_rev,2.5291,0.032657,0.37268,77,1,6,7mar15_1mar15_PWD_m1_sp4_22_rev_6,1,1,1,,1,46,,
7mar15_1mar15_PWD_m1_sp4_22_rev,3.662,0.045023,0.39022,81,2,7,7mar15_1mar15_PWD_m1_sp4_22_rev_7,1,1,1,first foci is faint,2,41,67,
7mar15_1mar15_PWD_m1_sp4_22_rev,3.2508,0.058017,0.38682,56,2,8,7mar15_1mar15_PWD_m1_sp4_22_rev_8,1,0,0,,1,51,,
7mar15_1mar15_PWD_m1_sp4_22_rev,3.7052,0.036014,0.34995,103,2,9,7mar15_1mar15_PWD_m1_sp4_22_rev_9,1,1,1,,2,17,65,
7mar15_1mar15_PWD_m1_sp4_23_rev,5.0129,0.062553,0.39627,80,2,1,7mar15_1mar15_PWD_m1_sp4_23_rev_1,1,1,1,,2,27,75,
7mar15_1mar15_PWD_m1_sp4_23_rev,4.4169,0.050521,0.35878,87,3,10,7mar15_1mar15_PWD_m1_sp4_23_rev_10,1,0,0,,1,63,,
7mar15_1mar15_PWD_m1_sp4_23_rev,9.1913,0.15786,0.4205,58,4,13,7mar15_1mar15_PWD_m1_sp4_23_rev_13,0,,,,,,,
7mar15_1mar15_PWD_m1_sp4_23_rev,4.5275,0.043688,0.3723,104,2,14,7mar15_1mar15_PWD_m1_sp4_23_rev_14,1,1,1,second foci is faint,2,22,99,
7mar15_1mar15_PWD_m1_sp4_23_rev,3.9821,0.033979,0.35392,117,3,15,7mar15_1mar15_PWD_m1_sp4_23_rev_15,1,1,1,,3,15,41,104
7mar15_1mar15_PWD_m1_sp4_23_rev,5.9777,0.06268,0.40629,95,2,16,7mar15_1mar15_PWD_m1_sp4_23_rev_16,1,0,0,,1,46,,
7mar15_1mar15_PWD_m1_sp4_23_rev,3.8061,0.036387,0.32412,105,5,4,7mar15_1mar15_PWD_m1_sp4_23_rev_4,1,0,0,2 faint foci before,1,82,,
7mar15_1mar15_PWD_m1_sp4_23_rev,4.833,0.043683,0.36529,111,4,6,7mar15_1mar15_PWD_m1_sp4_23_rev_6,0,,,,,,,
7mar15_1mar15_PWD_m1_sp4_23_rev,3.7107,0.045336,0.38893,82,3,7,7mar15_1mar15_PWD_m1_sp4_23_rev_7,1,0,0,,1,15,,
7mar15_1mar15_PWD_m1_sp4_23_rev,6.7805,0.033755,0.37704,201,13,8,7mar15_1mar15_PWD_m1_sp4_23_rev_8,0,,,,,,,
7mar15_1mar15_PWD_m1_sp4_23_rev,4.7457,0.048091,0.33098,99,4,9,7mar15_1mar15_PWD_m1_sp4_23_rev_9,1,0,0,1 faint foci,2,22,69,
7mar15_1mar15_PWD_m1_sp4_24.1_rev,5.6448,0.056524,0.63956,100,4,1,7mar15_1mar15_PWD_m1_sp4_24.1_rev_1,1,0,0,,2,50,88,
7mar15_1mar15_PWD_m1_sp4_24.1_rev,3.4772,0.061133,0.70526,57,2,3,7mar15_1mar15_PWD_m1_sp4_24.1_rev_3,0,,,,,,,
7mar15_1mar15_PWD_m1_sp4_24.1_rev,3.6066,0.037002,0.59352,97,7,4,7mar15_1mar15_PWD_m1_sp4_24.1_rev_4,1,0,0,,0,,,
7mar15_1mar15_PWD_m1_sp4_24.2_rev,5.8898,0.056345,0.35841,105,5,11,7mar15_1mar15_PWD_m1_sp4_24.2_rev_11,1,0,0,,1,103,,
7mar15_1mar15_PWD_m1_sp4_24.2_rev,6.514,0.081242,0.32434,80,6,3,7mar15_1mar15_PWD_m1_sp4_24.2_rev_3,0,,,,,,,
7mar15_1mar15_PWD_m1_sp4_24.2_rev,3.9317,0.052322,0.30996,75,7,4,7mar15_1mar15_PWD_m1_sp4_24.2_rev_4,0,,,,,,,
7mar15_1mar15_PWD_m1_sp4_25.1_rev,8.5493,0.1082,0.34518,79,3,10,7mar15_1mar15_PWD_m1_sp4_25.1_rev_10,1,0,0,,2,29,75,
7mar15_1mar15_PWD_m1_sp4_25.1_rev,3.0769,0.041413,0.32559,74,4,11,7mar15_1mar15_PWD_m1_sp4_25.1_rev_11,1,0,0,,2,29,69,
7mar15_1mar15_PWD_m1_sp4_25.1_rev,6.941,0.12867,0.30504,54,5,12,7mar15_1mar15_PWD_m1_sp4_25.1_rev_12,0,,,,,,,
7mar15_1mar15_PWD_m1_sp4_25.1_rev,3.0503,0.033673,0.37453,91,6,5,7mar15_1mar15_PWD_m1_sp4_25.1_rev_5,0,,,,,,,
7mar15_1mar15_PWD_m1_sp4_25.1_rev,4.2898,0.16928,0.39506,25,3,6,7mar15_1mar15_PWD_m1_sp4_25.1_rev_6,0,,,,,,,
7mar15_1mar15_PWD_m1_sp4_25.2_rev,2.2222,0.035901,0.29167,62,3,10,7mar15_1mar15_PWD_m1_sp4_25.2_rev_10,1,0,0,,1,48,,
7mar15_1mar15_PWD_m1_sp4_25.2_rev,4.9125,0.062513,0.27809,79,2,11,7mar15_1mar15_PWD_m1_sp4_25.2_rev_11,0,,,,,,,
7mar15_1mar15_PWD_m1_sp4_25.2_rev,3.3488,0.031342,0.27696,107,3,12,7mar15_1mar15_PWD_m1_sp4_25.2_rev_12,1,0,0,,2,11,55,
7mar15_1mar15_PWD_m1_sp4_25.2_rev,4.2191,0.045876,0.28264,92,2,3,7mar15_1mar15_PWD_m1_sp4_25.2_rev_3,1,1,1,,2,24,81,
7mar15_1mar15_PWD_m1_sp4_25.2_rev,5.6882,0.067259,0.3156,85,1,5,7mar15_1mar15_PWD_m1_sp4_25.2_rev_5,1,1,1,,1,80,,
7mar15_1mar15_PWD_m1_sp4_25.2_rev,5.7416,0.12118,0.26302,47,6,6,7mar15_1mar15_PWD_m1_sp4_25.2_rev_6,0,,,,,,,
7mar15_1mar15_PWD_m1_sp4_25.2_rev,5.3808,0.072521,0.28454,74,1,7,7mar15_1mar15_PWD_m1_sp4_25.2_rev_7,1,,,might have missed a foci,,,,
7mar15_1mar15_PWD_m1_sp4_25.2_rev,4.5243,0.035391,0.29604,128,2,8,7mar15_1mar15_PWD_m1_sp4_25.2_rev_8,1,1,1,,2,11,100,
7mar15_1mar15_PWD_m1_sp4_3_rev,3.1058,0.039925,0.32941,78,6,10,7mar15_1mar15_PWD_m1_sp4_3_rev_10,1,0,0,,2,18,65,
7mar15_1mar15_PWD_m1_sp4_3_rev,4.9769,0.064058,0.3469,78,3,11,7mar15_1mar15_PWD_m1_sp4_3_rev_11,1,0,0,,1,58,,
7mar15_1mar15_PWD_m1_sp4_3_rev,4.7387,0.046671,0.33912,102,1,13,7mar15_1mar15_PWD_m1_sp4_3_rev_13,1,1,1,,1,47,,
7mar15_1mar15_PWD_m1_sp4_3_rev,2.1538,0.023506,0.33427,92,9,14,7mar15_1mar15_PWD_m1_sp4_3_rev_14,0,,,,,,,
7mar15_1mar15_PWD_m1_sp4_3_rev,5.7149,0.12082,0.34928,47,5,15,7mar15_1mar15_PWD_m1_sp4_3_rev_15,1,0,0,,1,41,,
7mar15_1mar15_PWD_m1_sp4_3_rev,2.4242,0.024631,0.32874,98,16,17,7mar15_1mar15_PWD_m1_sp4_3_rev_17,1,0,0,,1,87,,
7mar15_1mar15_PWD_m1_sp4_3_rev,4.7309,0.062355,0.34354,76,1,19,7mar15_1mar15_PWD_m1_sp4_3_rev_19,1,1,1,,1,43,,
7mar15_1mar15_PWD_m1_sp4_3_rev,3.5626,0.068369,0.3654,52,3,2,7mar15_1mar15_PWD_m1_sp4_3_rev_2,0,,,,,,,
7mar15_1mar15_PWD_m1_sp4_3_rev,2.9622,0.043556,0.37964,68,1,20,7mar15_1mar15_PWD_m1_sp4_3_rev_20,1,1,1,,1,63,,
7mar15_1mar15_PWD_m1_sp4_3_rev,2.2951,0.054085,0.3218,42,1,21,7mar15_1mar15_PWD_m1_sp4_3_rev_21,0,,,,,,,
7mar15_1mar15_PWD_m1_sp4_3_rev,4.3352,0.092477,0.36772,47,1,22,7mar15_1mar15_PWD_m1_sp4_3_rev_22,0,,,,,,,
7mar15_1mar15_PWD_m1_sp4_3_rev,5.337,0.08983,0.38492,59,1,3,7mar15_1mar15_PWD_m1_sp4_3_rev_3,1,1,1,,1,49,,
7mar15_1mar15_PWD_m1_sp4_3_rev,2.8571,0.044016,0.38134,65,1,5,7mar15_1mar15_PWD_m1_sp4_3_rev_5,1,1,1,,1,54,,
7mar15_1mar15_PWD_m1_sp4_3_rev,4.4196,0.059196,0.33464,75,4,6,7mar15_1mar15_PWD_m1_sp4_3_rev_6,0,,,,,,,
7mar15_1mar15_PWD_m1_sp4_3_rev,3.7777,0.04124,0.33851,92,12,8,7mar15_1mar15_PWD_m1_sp4_3_rev_8,,,,foci very faint,,,,
7mar15_1mar15_PWD_m1_sp4_4_rev,3.0769,0.045173,0.70897,68,2,1,7mar15_1mar15_PWD_m1_sp4_4_rev_1,1,0,0,,1,25,,
7mar15_1mar15_PWD_m1_sp4_4_rev,5.0718,0.063768,0.61793,80,7,10,7mar15_1mar15_PWD_m1_sp4_4_rev_10,1,,,,,,,
7mar15_1mar15_PWD_m1_sp4_4_rev,1.791,0.034704,0.68446,52,2,11,7mar15_1mar15_PWD_m1_sp4_4_rev_11,1,0,0,faint foci,1,42,,
7mar15_1mar15_PWD_m1_sp4_4_rev,3.6424,0.041048,0.67557,89,2,12,7mar15_1mar15_PWD_m1_sp4_4_rev_12,1,0,0,,1,21,,
7mar15_1mar15_PWD_m1_sp4_4_rev,6.0076,0.064964,0.58214,92,13,13,7mar15_1mar15_PWD_m1_sp4_4_rev_13,1,,,,0,,,
7mar15_1mar15_PWD_m1_sp4_4_rev,3.4678,0.041231,0.62596,84,3,15,7mar15_1mar15_PWD_m1_sp4_4_rev_15,1,1,1,,3,1,28,76
7mar15_1mar15_PWD_m1_sp4_4_rev,2.5108,0.027212,0.7094,92,12,16,7mar15_1mar15_PWD_m1_sp4_4_rev_16,0,,,,,,,
7mar15_1mar15_PWD_m1_sp4_4_rev,3.607,0.066425,0.5626,54,6,17,7mar15_1mar15_PWD_m1_sp4_4_rev_17,1,0,0,,1,39,,
7mar15_1mar15_PWD_m1_sp4_4_rev,3.3333,0.044765,0.72308,74,4,2,7mar15_1mar15_PWD_m1_sp4_4_rev_2,1,0,0,,2,13,54,
7mar15_1mar15_PWD_m1_sp4_4_rev,4.8275,0.056174,0.68508,86,5,3,7mar15_1mar15_PWD_m1_sp4_4_rev_3,1,0,0,faint foci,2,18,61,
7mar15_1mar15_PWD_m1_sp4_4_rev,1.8462,0.016434,0.68862,112,4,4,7mar15_1mar15_PWD_m1_sp4_4_rev_4,0,,,,,,,
7mar15_1mar15_PWD_m1_sp4_4_rev,3.6824,0.051828,0.69461,71,7,5,7mar15_1mar15_PWD_m1_sp4_4_rev_5,1,0,0,,1,54,,
7mar15_1mar15_PWD_m1_sp4_4_rev,1.4257,0.013176,0.68079,108,5,6,7mar15_1mar15_PWD_m1_sp4_4_rev_6,1,0,0,,1,78,,
7mar15_1mar15_PWD_m1_sp4_4_rev,3.9322,0.041617,0.65213,94,9,7,7mar15_1mar15_PWD_m1_sp4_4_rev_7,1,0,0,,1,82,,
7mar15_1mar15_PWD_m1_sp4_4_rev,4.7781,0.070117,0.66085,68,2,8,7mar15_1mar15_PWD_m1_sp4_4_rev_8,1,1,1,,1,35,,
7mar15_1mar15_PWD_m1_sp4_4_rev,5.5943,0.081758,0.68414,68,1,9,7mar15_1mar15_PWD_m1_sp4_4_rev_9,1,1,1,,1,49,,
7mar15_1mar15_PWD_m1_sp4_5_rev,4.2117,0.049894,0.78982,84,4,1,7mar15_1mar15_PWD_m1_sp4_5_rev_1,0,,,,,,,
7mar15_1mar15_PWD_m1_sp4_5_rev,2.3881,0.039097,0.78608,61,4,2,7mar15_1mar15_PWD_m1_sp4_5_rev_2,1,0,0,,1,47,,
7mar15_1mar15_PWD_m1_sp4_5_rev,3.9978,0.051646,0.74273,77,3,3,7mar15_1mar15_PWD_m1_sp4_5_rev_3,1,0,0,,1,64,,
7mar15_1mar15_PWD_m1_sp4_5_rev,3.8921,0.039853,0.69431,98,7,6,7mar15_1mar15_PWD_m1_sp4_5_rev_6,0,,,,,,,
7mar15_1mar15_PWD_m1_sp4_5_rev,3.6769,0.042839,0.75066,86,5,7,7mar15_1mar15_PWD_m1_sp4_5_rev_7,1,0,0,,2,16,22,
7mar15_1mar15_PWD_m1_sp4_5_rev,1.2903,0.016122,0.67969,80,3,8,7mar15_1mar15_PWD_m1_sp4_5_rev_8,0,,,,,,,
7mar15_1mar15_PWD_m1_sp4_5_rev,3.8963,0.019416,0.68648,201,11,9,7mar15_1mar15_PWD_m1_sp4_5_rev_9,0,,,,,,,
7mar15_1mar15_PWD_m1_sp4_6.1_rev,5.1379,0.063911,0.79273,80,10,1,7mar15_1mar15_PWD_m1_sp4_6.1_rev_1,0,,,,,,,
7mar15_1mar15_PWD_m1_sp4_6.1_rev,4.9881,0.077468,0.7742,64,5,11,7mar15_1mar15_PWD_m1_sp4_6.1_rev_11,1,0,0,,2,21,48,
7mar15_1mar15_PWD_m1_sp4_6.1_rev,5.6448,0.053582,0.65257,105,6,12,7mar15_1mar15_PWD_m1_sp4_6.1_rev_12,1,0,0,,2,13,92,
7mar15_1mar15_PWD_m1_sp4_6.1_rev,3.7915,0.041515,0.69225,91,7,3,7mar15_1mar15_PWD_m1_sp4_6.1_rev_3,1,0,0,,2,17,86,
7mar15_1mar15_PWD_m1_sp4_6.1_rev,3.5736,0.040753,0.67845,88,7,4,7mar15_1mar15_PWD_m1_sp4_6.1_rev_4,1,0,0,,1,77,,
7mar15_1mar15_PWD_m1_sp4_6.1_rev,3.7273,0.056769,0.71075,66,4,5,7mar15_1mar15_PWD_m1_sp4_6.1_rev_5,1,0,0,,2,20,51,
7mar15_1mar15_PWD_m1_sp4_6.1_rev,3.9543,0.058926,0.7505,67,5,7,7mar15_1mar15_PWD_m1_sp4_6.1_rev_7,0,,,,,,,
7mar15_1mar15_PWD_m1_sp4_6.1_rev,10.2044,0.093239,0.70925,109,9,8,7mar15_1mar15_PWD_m1_sp4_6.1_rev_8,0,,,,,,,
7mar15_1mar15_PWD_m1_sp4_6.1_rev,5.1069,0.041474,0.70326,123,8,9,7mar15_1mar15_PWD_m1_sp4_6.1_rev_9,1,0,0,,1,45,,
7mar15_1mar15_PWD_m1_sp4_6.2_rev,2.4242,0.02433,0.54121,100,8,1,7mar15_1mar15_PWD_m1_sp4_6.2_rev_1,1,0,0,faint middle foci,2,31,92,
7mar15_1mar15_PWD_m1_sp4_6.2_rev,2.2857,0.01882,0.56553,121,1,11,7mar15_1mar15_PWD_m1_sp4_6.2_rev_11,0,,,,,,,
7mar15_1mar15_PWD_m1_sp4_6.2_rev,14.0713,0.11558,0.59722,122,6,2,7mar15_1mar15_PWD_m1_sp4_6.2_rev_2,0,,,,,,,
7mar15_1mar15_PWD_m1_sp4_6.2_rev,5.2308,0.053653,0.60041,97,6,3,7mar15_1mar15_PWD_m1_sp4_6.2_rev_3,0,,,,,,,
7mar15_1mar15_PWD_m1_sp4_6.2_rev,4.5168,0.063063,0.64752,72,4,4,7mar15_1mar15_PWD_m1_sp4_6.2_rev_4,1,0,0,,1,16,,
7mar15_1mar15_PWD_m1_sp4_6.2_rev,4.2222,0.046247,0.52154,91,6,6,7mar15_1mar15_PWD_m1_sp4_6.2_rev_6,1,0,0,,1,16,,
7mar15_1mar15_PWD_m1_sp4_6_rev,2.4242,0.02433,0.54121,100,8,1,7mar15_1mar15_PWD_m1_sp4_6_rev_1,,,,,,,,
7mar15_1mar15_PWD_m1_sp4_6_rev,2,0.016468,0.56553,121,1,11,7mar15_1mar15_PWD_m1_sp4_6_rev_11,,,,,,,,
7mar15_1mar15_PWD_m1_sp4_6_rev,14.0713,0.11558,0.59722,122,9,2,7mar15_1mar15_PWD_m1_sp4_6_rev_2,,,,,,,,
7mar15_1mar15_PWD_m1_sp4_6_rev,4.9231,0.050497,0.60041,97,9,3,7mar15_1mar15_PWD_m1_sp4_6_rev_3,,,,,,,,
7mar15_1mar15_PWD_m1_sp4_6_rev,4.5168,0.063063,0.64752,72,6,4,7mar15_1mar15_PWD_m1_sp4_6_rev_4,,,,,,,,
7mar15_1mar15_PWD_m1_sp4_6_rev,4.2222,0.046247,0.52154,91,8,6,7mar15_1mar15_PWD_m1_sp4_6_rev_6,,,,,,,,
7mar15_1mar15_PWD_m1_sp4_7_rev,5.0895,0.055605,0.41322,92,5,10,7mar15_1mar15_PWD_m1_sp4_7_rev_10,1,0,0,,1,17,,
7mar15_1mar15_PWD_m1_sp4_7_rev,5.0659,0.040446,0.41654,125,2,12,7mar15_1mar15_PWD_m1_sp4_7_rev_12,1,1,1,,2,13,101,
7mar15_1mar15_PWD_m1_sp4_7_rev,2.9342,0.059163,0.4537,50,2,13,7mar15_1mar15_PWD_m1_sp4_7_rev_13,0,,,,,,,
7mar15_1mar15_PWD_m1_sp4_7_rev,3.2836,0.035011,0.4645,94,3,14,7mar15_1mar15_PWD_m1_sp4_7_rev_14,1,0,0,,2,39,81,
7mar15_1mar15_PWD_m1_sp4_7_rev,4.3058,0.050996,0.41375,84,2,15,7mar15_1mar15_PWD_m1_sp4_7_rev_15,1,1,1,,2,20,78,
7mar15_1mar15_PWD_m1_sp4_7_rev,7.5591,0.12332,0.40997,61,1,16,7mar15_1mar15_PWD_m1_sp4_7_rev_16,1,1,1,,1,34,,
7mar15_1mar15_PWD_m1_sp4_7_rev,2.9314,0.021806,0.43447,134,12,17,7mar15_1mar15_PWD_m1_sp4_7_rev_17,0,,,,,,,
7mar15_1mar15_PWD_m1_sp4_7_rev,2.6471,0.050269,0.37358,53,4,19,7mar15_1mar15_PWD_m1_sp4_7_rev_19,1,0,0,,1,38,,
7mar15_1mar15_PWD_m1_sp4_7_rev,6.2544,0.037435,0.40919,167,9,23,7mar15_1mar15_PWD_m1_sp4_7_rev_23,0,,,,,,,
7mar15_1mar15_PWD_m1_sp4_7_rev,3.6755,0.05688,0.40854,65,1,24,7mar15_1mar15_PWD_m1_sp4_7_rev_24,1,1,1,,1,58,,
7mar15_1mar15_PWD_m1_sp4_7_rev,4.3707,0.038789,0.42731,113,2,25,7mar15_1mar15_PWD_m1_sp4_7_rev_25,0,,,,,,,
7mar15_1mar15_PWD_m1_sp4_7_rev,4.5308,0.036377,0.40941,125,2,26,7mar15_1mar15_PWD_m1_sp4_7_rev_26,1,0,0,,1,15,,
7mar15_1mar15_PWD_m1_sp4_7_rev,4.8155,0.055183,0.42887,87,1,28,7mar15_1mar15_PWD_m1_sp4_7_rev_28,1,1,1,,1,15,,
7mar15_1mar15_PWD_m1_sp4_7_rev,4.1791,0.020289,0.4525,206,8,3,7mar15_1mar15_PWD_m1_sp4_7_rev_3,0,,,,,,,
7mar15_1mar15_PWD_m1_sp4_8.1_rev,6.9675,0.17179,0.49164,41,3,1,7mar15_1mar15_PWD_m1_sp4_8.1_rev_1,0,,,,,,,
7mar15_1mar15_PWD_m1_sp4_8.1_rev,6.1789,0.07419,0.39658,83,1,10,7mar15_1mar15_PWD_m1_sp4_8.1_rev_10,1,1,1,,1,21,,
7mar15_1mar15_PWD_m1_sp4_8.1_rev,7.4194,0.096545,0.41062,77,1,11,7mar15_1mar15_PWD_m1_sp4_8.1_rev_11,0,,,,,,,
7mar15_1mar15_PWD_m1_sp4_8.1_rev,3.0389,0.034191,0.36033,89,1,16,7mar15_1mar15_PWD_m1_sp4_8.1_rev_16,1,1,1,,1,61,,
7mar15_1mar15_PWD_m1_sp4_8.1_rev,6.3279,0.06416,0.41928,99,2,2,7mar15_1mar15_PWD_m1_sp4_8.1_rev_2,1,1,1,,2,46,85,
7mar15_1mar15_PWD_m1_sp4_8.1_rev,6.2708,0.055645,0.41681,113,2,3,7mar15_1mar15_PWD_m1_sp4_8.1_rev_3,1,1,1,faint foci,2,23,107,
7mar15_1mar15_PWD_m1_sp4_8.1_rev,4.8567,0.037198,0.49877,131,12,5,7mar15_1mar15_PWD_m1_sp4_8.1_rev_5,0,,,,,,,
7mar15_1mar15_PWD_m1_sp4_8.1_rev,5.2652,0.030116,0.44147,175,5,6,7mar15_1mar15_PWD_m1_sp4_8.1_rev_6,0,,,,,,,
7mar15_1mar15_PWD_m1_sp4_8.1_rev,5.1754,0.066105,0.41611,78,2,8,7mar15_1mar15_PWD_m1_sp4_8.1_rev_8,1,1,1,,2,10,66,
7mar15_1mar15_PWD_m1_sp4_8.1_rev,1.5385,0.021463,0.36545,72,10,9,7mar15_1mar15_PWD_m1_sp4_8.1_rev_9,0,,,,,,,
7mar15_1mar15_PWD_m1_sp4_8.2_rev,5.2369,0.067911,0.3659,77,1,1,7mar15_1mar15_PWD_m1_sp4_8.2_rev_1,0,,,,,,,
7mar15_1mar15_PWD_m1_sp4_8.2_rev,3.8689,0.14298,0.34524,27,4,10,7mar15_1mar15_PWD_m1_sp4_8.2_rev_10,0,,,,,,,
7mar15_1mar15_PWD_m1_sp4_8.2_rev,6.3507,0.081176,0.30532,78,3,12,7mar15_1mar15_PWD_m1_sp4_8.2_rev_12,0,,,,,,,
7mar15_1mar15_PWD_m1_sp4_8.2_rev,4.2432,0.077457,0.28875,55,1,15,7mar15_1mar15_PWD_m1_sp4_8.2_rev_15,0,,,,,,,
7mar15_1mar15_PWD_m1_sp4_8.2_rev,2.029,0.058595,0.31068,35,1,18,7mar15_1mar15_PWD_m1_sp4_8.2_rev_18,0,,,,,,,
7mar15_1mar15_PWD_m1_sp4_8.2_rev,5.112,0.11804,0.3044,43,1,20,7mar15_1mar15_PWD_m1_sp4_8.2_rev_20,0,,,,,,,
7mar15_1mar15_PWD_m1_sp4_8.2_rev,7.8517,0.18779,0.27356,42,3,23,7mar15_1mar15_PWD_m1_sp4_8.2_rev_23,0,,,,,,,
7mar15_1mar15_PWD_m1_sp4_8.2_rev,2.7692,0.057243,0.27116,48,1,26,7mar15_1mar15_PWD_m1_sp4_8.2_rev_26,1,1,1,,1,24,,
7mar15_1mar15_PWD_m1_sp4_8.2_rev,3.2513,0.049174,0.29886,66,1,27,7mar15_1mar15_PWD_m1_sp4_8.2_rev_27,1,1,1,,1,59,,
7mar15_1mar15_PWD_m1_sp4_8.2_rev,3.8803,0.06613,0.32552,59,7,5,7mar15_1mar15_PWD_m1_sp4_8.2_rev_5,0,,,,,,,
7mar15_1mar15_PWD_m1_sp4_8.2_rev,17.9378,0.175,0.34055,103,2,6,7mar15_1mar15_PWD_m1_sp4_8.2_rev_6,0,,,,,,,
7mar15_1mar15_PWD_m1_sp4_8.2_rev,8.6509,0.14803,0.33134,58,2,7,7mar15_1mar15_PWD_m1_sp4_8.2_rev_7,0,,,,,,,
7mar15_1mar15_PWD_m1_sp4_8.2_rev,3.8868,0.087715,0.35814,44,1,9,7mar15_1mar15_PWD_m1_sp4_8.2_rev_9,1,1,1,,1,19,,
7mar15_1mar15_PWD_m1_sp4_9_rev,5.7754,0.055168,0.34596,105,1,1,7mar15_1mar15_PWD_m1_sp4_9_rev_1,1,1,1,,1,26,,
7mar15_1mar15_PWD_m1_sp4_9_rev,4.7781,0.030508,0.37675,157,16,10,7mar15_1mar15_PWD_m1_sp4_9_rev_10,0,,,,,,,
7mar15_1mar15_PWD_m1_sp4_9_rev,5.9769,0.048925,0.3857,122,3,11,7mar15_1mar15_PWD_m1_sp4_9_rev_11,0,,,,,,,
7mar15_1mar15_PWD_m1_sp4_9_rev,5.6958,0.039635,0.39544,144,9,12,7mar15_1mar15_PWD_m1_sp4_9_rev_12,0,,,,,,,
7mar15_1mar15_PWD_m1_sp4_9_rev,2.7692,0.040563,0.44287,68,2,13,7mar15_1mar15_PWD_m1_sp4_9_rev_13,1,0,0,,1,60,,
7mar15_1mar15_PWD_m1_sp4_9_rev,8.4928,0.088054,0.40847,96,2,14,7mar15_1mar15_PWD_m1_sp4_9_rev_14,1,1,1,,2,26,94,
7mar15_1mar15_PWD_m1_sp4_9_rev,3.4919,0.04954,0.36488,70,1,4,7mar15_1mar15_PWD_m1_sp4_9_rev_4,1,1,1,,1,64,,
7mar15_1mar15_PWD_m1_sp4_9_rev,6.8314,0.055819,0.35183,122,2,7,7mar15_1mar15_PWD_m1_sp4_9_rev_7,0,,,,,,,
7mar15_1mar15_PWD_m1_sp4_9_rev,3.1804,0.11281,0.4114,28,4,8,7mar15_1mar15_PWD_m1_sp4_9_rev_8,0,,,,,,,
7mar15_1mar15_PWD_m1_sp4_9_rev,3.479,0.0214,0.33848,163,2,9,7mar15_1mar15_PWD_m1_sp4_9_rev_9,1,1,1,,2,77,150,
