fileName,chromosomeLength,centromere_ABS_Position,centromere_PER_Position,avergeRED,numberCrossOvers,boxNumber,Obj.ID,SC.pass,foci.pass,curated(1pass.0fail),curation.notes,hand.foci.count,Foci1,Foci2,Foci3,foci_ABS_Position_1,foci_PER_Position_1,foci_intensity_1,foci_ABS_Position_2,foci_PER_Position_16,Obj.ID,mouse,category,strain,sex,subsp
17mar15_10mar15_PWD_m1_sp1_1_rev,40,4.4776,0.11259,0.37747,1,10,17mar15_10mar15_PWD_m1_sp1_1_rev_10,0,,,,,,,,17,0.42174,0,NA,NA,17mar15_10mar15_PWD_m1_sp1_1_rev_10,10mar15_PWD_m1,PWD male,PWD,male,Musc
17mar15_10mar15_PWD_m1_sp1_1_rev,42,8.0597,0.19253,0.39556,1,11,17mar15_10mar15_PWD_m1_sp1_1_rev_11,0,,,,,,,,19,0.45701,0,NA,NA,17mar15_10mar15_PWD_m1_sp1_1_rev_11,10mar15_PWD_m1,PWD male,PWD,male,Musc
17mar15_10mar15_PWD_m1_sp1_1_rev,88,2.2535,0.025601,0.38177,5,2,17mar15_10mar15_PWD_m1_sp1_1_rev_2,0,,,,,,,,5,0.058048,0.48307,25,NA,17mar15_10mar15_PWD_m1_sp1_1_rev_2,10mar15_PWD_m1,PWD male,PWD,male,Musc
17mar15_10mar15_PWD_m1_sp1_1_rev,95,2.8125,0.029506,0.40794,2,4,17mar15_10mar15_PWD_m1_sp1_1_rev_4,1,1,1,,2,27,80,,27,0.27891,0,80,NA,17mar15_10mar15_PWD_m1_sp1_1_rev_4,10mar15_PWD_m1,PWD male,PWD,male,Musc
17mar15_10mar15_PWD_m1_sp1_1_rev,105,2.7827,0.026616,0.37629,3,6,17mar15_10mar15_PWD_m1_sp1_1_rev_6,1,1,1,,3,17,51,91,17,0.16345,0,51,NA,17mar15_10mar15_PWD_m1_sp1_1_rev_6,10mar15_PWD_m1,PWD male,PWD,male,Musc
17mar15_10mar15_PWD_m1_sp1_1_rev,54,5.6966,0.10542,0.42488,1,7,17mar15_10mar15_PWD_m1_sp1_1_rev_7,1,1,1,,1,22,,,22,0.40324,0,NA,NA,17mar15_10mar15_PWD_m1_sp1_1_rev_7,10mar15_PWD_m1,PWD male,PWD,male,Musc
17mar15_10mar15_PWD_m1_sp1_1_rev,49,8.2353,0.16952,0.43795,2,9,17mar15_10mar15_PWD_m1_sp1_1_rev_9,0,,,,,,,,12,0.24796,8.3694,30,NA,17mar15_10mar15_PWD_m1_sp1_1_rev_9,10mar15_PWD_m1,PWD male,PWD,male,Musc
17mar15_10mar15_PWD_m1_sp1_10.1_rev,89,5.1492,0.058054,0.59605,3,1,17mar15_10mar15_PWD_m1_sp1_10.1_rev_1,1,0,0,,2,16,85,,16,0.18323,0,80,NA,17mar15_10mar15_PWD_m1_sp1_10.1_rev_1,10mar15_PWD_m1,PWD male,PWD,male,Musc
17mar15_10mar15_PWD_m1_sp1_10.1_rev,82,4.6737,0.057155,0.53858,1,10,17mar15_10mar15_PWD_m1_sp1_10.1_rev_10,0,,,,,,,,52,0.63487,6.1557,NA,NA,17mar15_10mar15_PWD_m1_sp1_10.1_rev_10,10mar15_PWD_m1,PWD male,PWD,male,Musc
17mar15_10mar15_PWD_m1_sp1_10.1_rev,85,4.7548,0.056185,0.57052,2,11,17mar15_10mar15_PWD_m1_sp1_10.1_rev_11,1,1,1,,2,19,66,,19,0.22385,9.6997,66,NA,17mar15_10mar15_PWD_m1_sp1_10.1_rev_11,10mar15_PWD_m1,PWD male,PWD,male,Musc
17mar15_10mar15_PWD_m1_sp1_10.1_rev,61,6.0948,0.099314,0.59027,6,14,17mar15_10mar15_PWD_m1_sp1_10.1_rev_14,1,0,0,,1,54,,,1,0.010028,0,13,NA,17mar15_10mar15_PWD_m1_sp1_10.1_rev_14,10mar15_PWD_m1,PWD male,PWD,male,Musc
17mar15_10mar15_PWD_m1_sp1_10.1_rev,119,2.7692,0.023253,0.54311,6,4,17mar15_10mar15_PWD_m1_sp1_10.1_rev_4,1,,,,,,,,2,0.020669,3.4508,6,NA,17mar15_10mar15_PWD_m1_sp1_10.1_rev_4,10mar15_PWD_m1,PWD male,PWD,male,Musc
17mar15_10mar15_PWD_m1_sp1_10.1_rev,82,2.5806,0.031357,0.52194,2,5,17mar15_10mar15_PWD_m1_sp1_10.1_rev_5,1,1,1,,2,25,77,,25,0.29775,4.6307,77,NA,17mar15_10mar15_PWD_m1_sp1_10.1_rev_5,10mar15_PWD_m1,PWD male,PWD,male,Musc
17mar15_10mar15_PWD_m1_sp1_10.1_rev,96,4.3159,0.045188,0.57737,3,8,17mar15_10mar15_PWD_m1_sp1_10.1_rev_8,1,,,,,,,,54,0.56501,0,78,NA,17mar15_10mar15_PWD_m1_sp1_10.1_rev_8,10mar15_PWD_m1,PWD male,PWD,male,Musc
17mar15_10mar15_PWD_m1_sp1_10.1_rev,49,2.3924,0.048449,0.58641,4,9,17mar15_10mar15_PWD_m1_sp1_10.1_rev_9,0,,,,,,,,6,0.11647,0,26,NA,17mar15_10mar15_PWD_m1_sp1_10.1_rev_9,10mar15_PWD_m1,PWD male,PWD,male,Musc
17mar15_10mar15_PWD_m1_sp1_11_rev,57,2.7778,0.048663,0.42017,1,10,17mar15_10mar15_PWD_m1_sp1_11_rev_10,1,1,1,,1,47,,,47,0.81619,6.4559,NA,NA,17mar15_10mar15_PWD_m1_sp1_11_rev_10,10mar15_PWD_m1,PWD male,PWD,male,Musc
17mar15_10mar15_PWD_m1_sp1_11_rev,113,4.4455,0.039238,0.42224,9,12,17mar15_10mar15_PWD_m1_sp1_11_rev_12,1,0,0,,2,43,88,,6,0.053856,1.3058,15,NA,17mar15_10mar15_PWD_m1_sp1_11_rev_12,10mar15_PWD_m1,PWD male,PWD,male,Musc
17mar15_10mar15_PWD_m1_sp1_11_rev,82,3.8967,0.047251,0.41005,1,13,17mar15_10mar15_PWD_m1_sp1_11_rev_13,1,1,1,,1,61,,,61,0.74465,7.0136,NA,NA,17mar15_10mar15_PWD_m1_sp1_11_rev_13,10mar15_PWD_m1,PWD male,PWD,male,Musc
17mar15_10mar15_PWD_m1_sp1_11_rev,64,4.0057,0.062543,0.42444,3,14,17mar15_10mar15_PWD_m1_sp1_11_rev_14,1,0,0,,1,54,,,6,0.094829,0.9457,54,NA,17mar15_10mar15_PWD_m1_sp1_11_rev_14,10mar15_PWD_m1,PWD male,PWD,male,Musc
17mar15_10mar15_PWD_m1_sp1_11_rev,80,3.5421,0.044112,0.42003,1,15,17mar15_10mar15_PWD_m1_sp1_11_rev_15,1,1,1,,1,73,,,73,0.90517,0,NA,NA,17mar15_10mar15_PWD_m1_sp1_11_rev_15,10mar15_PWD_m1,PWD male,PWD,male,Musc
17mar15_10mar15_PWD_m1_sp1_11_rev,109,4.0835,0.037399,0.41126,1,16,17mar15_10mar15_PWD_m1_sp1_11_rev_16,1,1,1,,1,48,,,48,0.44128,8.6099,NA,NA,17mar15_10mar15_PWD_m1_sp1_11_rev_16,10mar15_PWD_m1,PWD male,PWD,male,Musc
17mar15_10mar15_PWD_m1_sp1_11_rev,94,3.3246,0.035329,0.37159,2,3,17mar15_10mar15_PWD_m1_sp1_11_rev_3,1,1,1,,2,29,82,,29,0.30963,0,82,NA,17mar15_10mar15_PWD_m1_sp1_11_rev_3,10mar15_PWD_m1,PWD male,PWD,male,Musc
17mar15_10mar15_PWD_m1_sp1_11_rev,43,3.1703,0.074231,0.37257,5,4,17mar15_10mar15_PWD_m1_sp1_11_rev_4,0,,,,,,,,4,0.094148,0.49745,9,NA,17mar15_10mar15_PWD_m1_sp1_11_rev_4,10mar15_PWD_m1,PWD male,PWD,male,Musc
17mar15_10mar15_PWD_m1_sp1_11_rev,52,4.3916,0.085046,0.37877,2,5,17mar15_10mar15_PWD_m1_sp1_11_rev_5,0,,,,,,,,4,0.073411,1.1295,40,NA,17mar15_10mar15_PWD_m1_sp1_11_rev_5,10mar15_PWD_m1,PWD male,PWD,male,Musc
17mar15_10mar15_PWD_m1_sp1_11_rev,132,5.1615,0.039083,0.38652,2,6,17mar15_10mar15_PWD_m1_sp1_11_rev_6,1,1,1,,2,37,117,,37,0.27989,0,117,NA,17mar15_10mar15_PWD_m1_sp1_11_rev_6,10mar15_PWD_m1,PWD male,PWD,male,Musc
17mar15_10mar15_PWD_m1_sp1_11_rev,114,3.2176,0.028217,0.38653,1,7,17mar15_10mar15_PWD_m1_sp1_11_rev_7,1,1,1,,1,78,,,78,0.68061,0,NA,NA,17mar15_10mar15_PWD_m1_sp1_11_rev_7,10mar15_PWD_m1,PWD male,PWD,male,Musc
17mar15_10mar15_PWD_m1_sp1_11_rev,117,4.8341,0.041419,0.3626,2,9,17mar15_10mar15_PWD_m1_sp1_11_rev_9,1,1,1,,2,44,109,,44,0.37781,0,109,NA,17mar15_10mar15_PWD_m1_sp1_11_rev_9,10mar15_PWD_m1,PWD male,PWD,male,Musc
17mar15_10mar15_PWD_m1_sp1_12.1_rev,54,4.9396,0.091965,0.45997,2,10,17mar15_10mar15_PWD_m1_sp1_12.1_rev_10,1,0,0,,1,25,,,25,0.45971,5.0777,54,NA,17mar15_10mar15_PWD_m1_sp1_12.1_rev_10,10mar15_PWD_m1,PWD male,PWD,male,Musc
17mar15_10mar15_PWD_m1_sp1_12.1_rev,120,4.3813,0.036536,0.47161,3,11,17mar15_10mar15_PWD_m1_sp1_12.1_rev_11,0,,,,,,,,40,0.3367,0,87,NA,17mar15_10mar15_PWD_m1_sp1_12.1_rev_11,10mar15_PWD_m1,PWD male,PWD,male,Musc
17mar15_10mar15_PWD_m1_sp1_12.1_rev,71,3.5333,0.049672,0.42669,1,6,17mar15_10mar15_PWD_m1_sp1_12.1_rev_6,0,,,,,,,,57,0.79696,0,NA,NA,17mar15_10mar15_PWD_m1_sp1_12.1_rev_6,10mar15_PWD_m1,PWD male,PWD,male,Musc
17mar15_10mar15_PWD_m1_sp1_12.1_rev,114,8.2384,0.072262,0.40662,1,8,17mar15_10mar15_PWD_m1_sp1_12.1_rev_8,1,1,1,,1,70,,,70,0.61249,7.7604,NA,NA,17mar15_10mar15_PWD_m1_sp1_12.1_rev_8,10mar15_PWD_m1,PWD male,PWD,male,Musc
17mar15_10mar15_PWD_m1_sp1_12.2_rev,119,5.5624,0.046607,0.38565,3,10,17mar15_10mar15_PWD_m1_sp1_12.2_rev_10,0,,,,,,,,20,0.16909,0,35,NA,17mar15_10mar15_PWD_m1_sp1_12.2_rev_10,10mar15_PWD_m1,PWD male,PWD,male,Musc
17mar15_10mar15_PWD_m1_sp1_12.2_rev,60,5.0221,0.083232,0.45702,1,12,17mar15_10mar15_PWD_m1_sp1_12.2_rev_12,1,1,1,,1,54,,,54,0.90222,9.3837,NA,NA,17mar15_10mar15_PWD_m1_sp1_12.2_rev_12,10mar15_PWD_m1,PWD male,PWD,male,Musc
17mar15_10mar15_PWD_m1_sp1_12.2_rev,86,4.4667,0.051871,0.46789,2,13,17mar15_10mar15_PWD_m1_sp1_12.2_rev_13,1,1,1,,2,14,78,,14,0.15828,10.0557,78,NA,17mar15_10mar15_PWD_m1_sp1_12.2_rev_13,10mar15_PWD_m1,PWD male,PWD,male,Musc
17mar15_10mar15_PWD_m1_sp1_12.2_rev,90,5.4192,0.060358,0.37814,2,2,17mar15_10mar15_PWD_m1_sp1_12.2_rev_2,0,,,,,,,,25,0.28208,0,80,NA,17mar15_10mar15_PWD_m1_sp1_12.2_rev_2,10mar15_PWD_m1,PWD male,PWD,male,Musc
17mar15_10mar15_PWD_m1_sp1_12.2_rev,60,3.7552,0.062465,0.43053,1,7,17mar15_10mar15_PWD_m1_sp1_12.2_rev_7,1,1,1,,1,48,,,48,0.79073,8.2556,NA,NA,17mar15_10mar15_PWD_m1_sp1_12.2_rev_7,10mar15_PWD_m1,PWD male,PWD,male,Musc
17mar15_10mar15_PWD_m1_sp1_12.2_rev,74,4.4588,0.060308,0.34646,2,9,17mar15_10mar15_PWD_m1_sp1_12.2_rev_9,0,,,,,,,,25,0.33815,0.1328,64,NA,17mar15_10mar15_PWD_m1_sp1_12.2_rev_9,10mar15_PWD_m1,PWD male,PWD,male,Musc
17mar15_10mar15_PWD_m1_sp1_13_rev,90,4.7546,0.052814,0.58484,1,1,17mar15_10mar15_PWD_m1_sp1_13_rev_1,1,1,1,,1,77,,,77,0.85721,0,NA,NA,17mar15_10mar15_PWD_m1_sp1_13_rev_1,10mar15_PWD_m1,PWD male,PWD,male,Musc
17mar15_10mar15_PWD_m1_sp1_13_rev,52,5.7847,0.11065,0.52205,2,11,17mar15_10mar15_PWD_m1_sp1_13_rev_11,0,,,,,,,,27,0.51022,7.8492,35,NA,17mar15_10mar15_PWD_m1_sp1_13_rev_11,10mar15_PWD_m1,PWD male,PWD,male,Musc
17mar15_10mar15_PWD_m1_sp1_13_rev,77,2.1212,0.027518,0.47948,1,12,17mar15_10mar15_PWD_m1_sp1_13_rev_12,1,1,1,,1,34,,,34,0.44307,5.9085,NA,NA,17mar15_10mar15_PWD_m1_sp1_13_rev_12,10mar15_PWD_m1,PWD male,PWD,male,Musc
17mar15_10mar15_PWD_m1_sp1_13_rev,84,7.5215,0.089959,0.52787,1,13,17mar15_10mar15_PWD_m1_sp1_13_rev_13,1,1,1,,1,47,,,47,0.56734,6.4088,NA,NA,17mar15_10mar15_PWD_m1_sp1_13_rev_13,10mar15_PWD_m1,PWD male,PWD,male,Musc
17mar15_10mar15_PWD_m1_sp1_13_rev,80,4.562,0.05673,0.48026,2,14,17mar15_10mar15_PWD_m1_sp1_13_rev_14,1,1,1,,2,19,66,,19,0.23208,0,66,NA,17mar15_10mar15_PWD_m1_sp1_13_rev_14,10mar15_PWD_m1,PWD male,PWD,male,Musc
17mar15_10mar15_PWD_m1_sp1_13_rev,56,3.4392,0.061177,0.5568,1,15,17mar15_10mar15_PWD_m1_sp1_13_rev_15,1,1,1,,1,33,,,33,0.58214,8.867,NA,NA,17mar15_10mar15_PWD_m1_sp1_13_rev_15,10mar15_PWD_m1,PWD male,PWD,male,Musc
17mar15_10mar15_PWD_m1_sp1_13_rev,72,5.4141,0.075518,0.58551,2,5,17mar15_10mar15_PWD_m1_sp1_13_rev_5,1,0,0,,1,66,,,5,0.072018,0,66,NA,17mar15_10mar15_PWD_m1_sp1_13_rev_5,10mar15_PWD_m1,PWD male,PWD,male,Musc
17mar15_10mar15_PWD_m1_sp1_15_rev,85,3.6373,0.042639,0.37215,2,10,17mar15_10mar15_PWD_m1_sp1_15_rev_10,1,1,1,multiple cells,2,19,64,,19,0.22322,6.1027,64,NA,17mar15_10mar15_PWD_m1_sp1_15_rev_10,10mar15_PWD_m1,PWD male,PWD,male,Musc
17mar15_10mar15_PWD_m1_sp1_15_rev,92,4.1477,0.045128,0.39716,1,11,17mar15_10mar15_PWD_m1_sp1_15_rev_11,,,,,,,,,73,0.79799,0,NA,NA,17mar15_10mar15_PWD_m1_sp1_15_rev_11,10mar15_PWD_m1,PWD male,PWD,male,Musc
17mar15_10mar15_PWD_m1_sp1_15_rev,56,3.6656,0.065878,0.38934,1,12,17mar15_10mar15_PWD_m1_sp1_15_rev_12,,,,,,,,,17,0.31449,0,NA,NA,17mar15_10mar15_PWD_m1_sp1_15_rev_12,10mar15_PWD_m1,PWD male,PWD,male,Musc
17mar15_10mar15_PWD_m1_sp1_15_rev,80,6.754,0.084013,0.39836,2,13,17mar15_10mar15_PWD_m1_sp1_15_rev_13,,,,,,,,,30,0.36975,0,51,NA,17mar15_10mar15_PWD_m1_sp1_15_rev_13,10mar15_PWD_m1,PWD male,PWD,male,Musc
17mar15_10mar15_PWD_m1_sp1_15_rev,60,10.6751,0.17874,0.3744,1,17,17mar15_10mar15_PWD_m1_sp1_15_rev_17,,,,,,,,,33,0.54614,5.5282,NA,NA,17mar15_10mar15_PWD_m1_sp1_15_rev_17,10mar15_PWD_m1,PWD male,PWD,male,Musc
17mar15_10mar15_PWD_m1_sp1_15_rev,62,4.1711,0.067563,0.42891,1,18,17mar15_10mar15_PWD_m1_sp1_15_rev_18,1,1,1,,1,32,,,32,0.51218,0,NA,NA,17mar15_10mar15_PWD_m1_sp1_15_rev_18,10mar15_PWD_m1,PWD male,PWD,male,Musc
17mar15_10mar15_PWD_m1_sp1_15_rev,112,3.2423,0.029022,0.38338,2,2,17mar15_10mar15_PWD_m1_sp1_15_rev_2,0,,,,,,,,37,0.32733,0,102,NA,17mar15_10mar15_PWD_m1_sp1_15_rev_2,10mar15_PWD_m1,PWD male,PWD,male,Musc
17mar15_10mar15_PWD_m1_sp1_15_rev,107,3.1143,0.029113,0.38981,6,21,17mar15_10mar15_PWD_m1_sp1_15_rev_21,0,,,,,,,,4,0.037023,0,10,NA,17mar15_10mar15_PWD_m1_sp1_15_rev_21,10mar15_PWD_m1,PWD male,PWD,male,Musc
17mar15_10mar15_PWD_m1_sp1_15_rev,51,4.317,0.084803,0.39602,1,23,17mar15_10mar15_PWD_m1_sp1_15_rev_23,1,0,0,,1,47,,,47,0.92546,0,NA,NA,17mar15_10mar15_PWD_m1_sp1_15_rev_23,10mar15_PWD_m1,PWD male,PWD,male,Musc
17mar15_10mar15_PWD_m1_sp1_15_rev,27,2.029,0.07494,0.40283,1,24,17mar15_10mar15_PWD_m1_sp1_15_rev_24,0,,,,,,,,8,0.298,6.3244,NA,NA,17mar15_10mar15_PWD_m1_sp1_15_rev_24,10mar15_PWD_m1,PWD male,PWD,male,Musc
17mar15_10mar15_PWD_m1_sp1_15_rev,103,8.6099,0.083773,0.35292,2,3,17mar15_10mar15_PWD_m1_sp1_15_rev_3,1,1,1,,1,94,,,5,0.049516,0,94,NA,17mar15_10mar15_PWD_m1_sp1_15_rev_3,10mar15_PWD_m1,PWD male,PWD,male,Musc
17mar15_10mar15_PWD_m1_sp1_15_rev,114,3.5667,0.0312,0.37793,4,4,17mar15_10mar15_PWD_m1_sp1_15_rev_4,0,,,,,,,,17,0.14696,0,36,NA,17mar15_10mar15_PWD_m1_sp1_15_rev_4,10mar15_PWD_m1,PWD male,PWD,male,Musc
17mar15_10mar15_PWD_m1_sp1_15_rev,75,2.9508,0.039494,0.45257,1,5,17mar15_10mar15_PWD_m1_sp1_15_rev_5,1,1,1,,1,66,,,66,0.87959,4.6952,NA,NA,17mar15_10mar15_PWD_m1_sp1_15_rev_5,10mar15_PWD_m1,PWD male,PWD,male,Musc
17mar15_10mar15_PWD_m1_sp1_15_rev,105,4.6154,0.044046,0.3747,2,7,17mar15_10mar15_PWD_m1_sp1_15_rev_7,0,,,,,,,,42,0.40169,8.0535,96,NA,17mar15_10mar15_PWD_m1_sp1_15_rev_7,10mar15_PWD_m1,PWD male,PWD,male,Musc
17mar15_10mar15_PWD_m1_sp1_15_rev,62,5.284,0.084672,0.41912,3,8,17mar15_10mar15_PWD_m1_sp1_15_rev_8,0,,,,,,,,3,0.053414,5.1557,51,NA,17mar15_10mar15_PWD_m1_sp1_15_rev_8,10mar15_PWD_m1,PWD male,PWD,male,Musc
17mar15_10mar15_PWD_m1_sp1_2_rev,99,6.1754,0.062358,0.42193,3,11,17mar15_10mar15_PWD_m1_sp1_2_rev_11,,,,mulitple cells,,,,,16,0.15853,8.3098,41,NA,17mar15_10mar15_PWD_m1_sp1_2_rev_11,10mar15_PWD_m1,PWD male,PWD,male,Musc
17mar15_10mar15_PWD_m1_sp1_2_rev,85,5.0602,0.059719,0.40351,1,12,17mar15_10mar15_PWD_m1_sp1_2_rev_12,,,,mulitple cells,,,,,66,0.77395,0,NA,NA,17mar15_10mar15_PWD_m1_sp1_2_rev_12,10mar15_PWD_m1,PWD male,PWD,male,Musc
17mar15_10mar15_PWD_m1_sp1_2_rev,55,7.0973,0.12992,0.44256,6,13,17mar15_10mar15_PWD_m1_sp1_2_rev_13,,,,mulitple cells,,,,,4,0.074598,2.6791,12,NA,17mar15_10mar15_PWD_m1_sp1_2_rev_13,10mar15_PWD_m1,PWD male,PWD,male,Musc
17mar15_10mar15_PWD_m1_sp1_2_rev,103,5.0796,0.049228,0.38533,3,18,17mar15_10mar15_PWD_m1_sp1_2_rev_18,,,,mulitple cells,,,,,30,0.29276,4.0419,36,NA,17mar15_10mar15_PWD_m1_sp1_2_rev_18,10mar15_PWD_m1,PWD male,PWD,male,Musc
17mar15_10mar15_PWD_m1_sp1_2_rev,84,2.2883,0.027315,0.48858,1,3,17mar15_10mar15_PWD_m1_sp1_2_rev_3,,,,mulitple cells,,,,,75,0.89003,0,NA,NA,17mar15_10mar15_PWD_m1_sp1_2_rev_3,10mar15_PWD_m1,PWD male,PWD,male,Musc
17mar15_10mar15_PWD_m1_sp1_2_rev,38,2.4242,0.062986,0.52258,4,4,17mar15_10mar15_PWD_m1_sp1_2_rev_4,,,,mulitple cells,,,,,10,0.25348,4.0885,15,NA,17mar15_10mar15_PWD_m1_sp1_2_rev_4,10mar15_PWD_m1,PWD male,PWD,male,Musc
17mar15_10mar15_PWD_m1_sp1_2_rev,172,2.4242,0.014064,0.49897,17,5,17mar15_10mar15_PWD_m1_sp1_2_rev_5,,,,mulitple cells,,,,,4,0.024498,1.043,24,0.92649,17mar15_10mar15_PWD_m1_sp1_2_rev_5,10mar15_PWD_m1,PWD male,PWD,male,Musc
17mar15_10mar15_PWD_m1_sp1_2_rev,67,7.2718,0.10815,0.44273,3,7,17mar15_10mar15_PWD_m1_sp1_2_rev_7,,,,mulitple cells,,,,,5,0.076446,0,25,NA,17mar15_10mar15_PWD_m1_sp1_2_rev_7,10mar15_PWD_m1,PWD male,PWD,male,Musc
17mar15_10mar15_PWD_m1_sp1_3.1_rev,74,3.9824,0.053819,0.31553,1,1,17mar15_10mar15_PWD_m1_sp1_3.1_rev_1,1,1,1,,1,51,,,51,0.68332,0,NA,NA,17mar15_10mar15_PWD_m1_sp1_3.1_rev_1,10mar15_PWD_m1,PWD male,PWD,male,Musc
17mar15_10mar15_PWD_m1_sp1_3.1_rev,81,5.128,0.062962,0.26126,3,10,17mar15_10mar15_PWD_m1_sp1_3.1_rev_10,1,0,0,,2,16,64,,16,0.20171,3.5763,55,NA,17mar15_10mar15_PWD_m1_sp1_3.1_rev_10,10mar15_PWD_m1,PWD male,PWD,male,Musc
17mar15_10mar15_PWD_m1_sp1_3.1_rev,129,4.4932,0.034833,0.25084,3,11,17mar15_10mar15_PWD_m1_sp1_3.1_rev_11,0,,,,,,,,20,0.15339,0,56,NA,17mar15_10mar15_PWD_m1_sp1_3.1_rev_11,10mar15_PWD_m1,PWD male,PWD,male,Musc
17mar15_10mar15_PWD_m1_sp1_3.1_rev,114,4.5429,0.03982,0.27332,4,12,17mar15_10mar15_PWD_m1_sp1_3.1_rev_12,0,,,,,,,,28,0.24312,0.61532,35,NA,17mar15_10mar15_PWD_m1_sp1_3.1_rev_12,10mar15_PWD_m1,PWD male,PWD,male,Musc
17mar15_10mar15_PWD_m1_sp1_3.1_rev,62,6.5113,0.10536,0.24377,7,14,17mar15_10mar15_PWD_m1_sp1_3.1_rev_14,1,0,0,,1,55,,,3,0.045581,2.8041,8,NA,17mar15_10mar15_PWD_m1_sp1_3.1_rev_14,10mar15_PWD_m1,PWD male,PWD,male,Musc
17mar15_10mar15_PWD_m1_sp1_3.1_rev,89,3.476,0.039025,0.296,3,2,17mar15_10mar15_PWD_m1_sp1_3.1_rev_2,1,0,0,,2,19,64,,19,0.20971,4.1744,53,NA,17mar15_10mar15_PWD_m1_sp1_3.1_rev_2,10mar15_PWD_m1,PWD male,PWD,male,Musc
17mar15_10mar15_PWD_m1_sp1_3.1_rev,98,3.8833,0.039727,0.2727,2,3,17mar15_10mar15_PWD_m1_sp1_3.1_rev_3,1,0,0,,1,57,,,57,0.58288,0,80,NA,17mar15_10mar15_PWD_m1_sp1_3.1_rev_3,10mar15_PWD_m1,PWD male,PWD,male,Musc
17mar15_10mar15_PWD_m1_sp1_3.1_rev,106,4.286,0.040485,0.25857,3,4,17mar15_10mar15_PWD_m1_sp1_3.1_rev_4,1,0,0,,2,44,87,,44,0.41603,6.932,87,NA,17mar15_10mar15_PWD_m1_sp1_3.1_rev_4,10mar15_PWD_m1,PWD male,PWD,male,Musc
17mar15_10mar15_PWD_m1_sp1_3.1_rev,83,3.2882,0.039681,0.27846,5,5,17mar15_10mar15_PWD_m1_sp1_3.1_rev_5,1,0,0,,2,17,76,,17,0.20784,0,29,NA,17mar15_10mar15_PWD_m1_sp1_3.1_rev_5,10mar15_PWD_m1,PWD male,PWD,male,Musc
17mar15_10mar15_PWD_m1_sp1_3.1_rev,50,2.8125,0.055892,0.29812,1,6,17mar15_10mar15_PWD_m1_sp1_3.1_rev_6,1,1,1,,1,40,,,40,0.79509,0,NA,NA,17mar15_10mar15_PWD_m1_sp1_3.1_rev_6,10mar15_PWD_m1,PWD male,PWD,male,Musc
17mar15_10mar15_PWD_m1_sp1_3.1_rev,59,5.0934,0.086582,0.3727,7,7,17mar15_10mar15_PWD_m1_sp1_3.1_rev_7,0,,,,,,,,10,0.16827,0.64577,21,NA,17mar15_10mar15_PWD_m1_sp1_3.1_rev_7,10mar15_PWD_m1,PWD male,PWD,male,Musc
17mar15_10mar15_PWD_m1_sp1_3.1_rev,125,3.9425,0.031596,0.2977,2,8,17mar15_10mar15_PWD_m1_sp1_3.1_rev_8,0,,,,,,,,21,0.16527,0,94,NA,17mar15_10mar15_PWD_m1_sp1_3.1_rev_8,10mar15_PWD_m1,PWD male,PWD,male,Musc
17mar15_10mar15_PWD_m1_sp1_3.1_rev,69,12.6524,0.18233,0.2997,2,9,17mar15_10mar15_PWD_m1_sp1_3.1_rev_9,0,,,,,,,,14,0.19821,4.572,56,NA,17mar15_10mar15_PWD_m1_sp1_3.1_rev_9,10mar15_PWD_m1,PWD male,PWD,male,Musc
17mar15_10mar15_PWD_m1_sp1_4_rev,90,3.6433,0.040593,0.34619,2,1,17mar15_10mar15_PWD_m1_sp1_4_rev_1,1,1,1,,2,23,82,,23,0.25284,5.9498,82,NA,17mar15_10mar15_PWD_m1_sp1_4_rev_1,10mar15_PWD_m1,PWD male,PWD,male,Musc
17mar15_10mar15_PWD_m1_sp1_4_rev,110,4.3794,0.039878,0.30471,3,4,17mar15_10mar15_PWD_m1_sp1_4_rev_4,1,0,0,,2,62,104,,1,0.0085367,0,62,NA,17mar15_10mar15_PWD_m1_sp1_4_rev_4,10mar15_PWD_m1,PWD male,PWD,male,Musc
17mar15_10mar15_PWD_m1_sp1_4_rev,83,3.4047,0.041151,0.34827,3,5,17mar15_10mar15_PWD_m1_sp1_4_rev_5,0,,,,,,,,39,0.47184,8.5506,68,NA,17mar15_10mar15_PWD_m1_sp1_4_rev_5,10mar15_PWD_m1,PWD male,PWD,male,Musc
17mar15_10mar15_PWD_m1_sp1_4_rev,134,3.795,0.028406,0.34341,4,6,17mar15_10mar15_PWD_m1_sp1_4_rev_6,0,,,,,,,,2,0.015641,0,61,NA,17mar15_10mar15_PWD_m1_sp1_4_rev_6,10mar15_PWD_m1,PWD male,PWD,male,Musc
17mar15_10mar15_PWD_m1_sp1_4_rev,91,5.0913,0.055809,0.33259,4,7,17mar15_10mar15_PWD_m1_sp1_4_rev_7,0,,,,,,,,7,0.079498,0,14,NA,17mar15_10mar15_PWD_m1_sp1_4_rev_7,10mar15_PWD_m1,PWD male,PWD,male,Musc
17mar15_10mar15_PWD_m1_sp1_4_rev,91,4.1837,0.045975,0.31368,2,8,17mar15_10mar15_PWD_m1_sp1_4_rev_8,1,1,1,,2,25,77,,25,0.27083,6.2203,77,NA,17mar15_10mar15_PWD_m1_sp1_4_rev_8,10mar15_PWD_m1,PWD male,PWD,male,Musc
17mar15_10mar15_PWD_m1_sp1_4_rev,72,6.1318,0.085066,0.34861,1,9,17mar15_10mar15_PWD_m1_sp1_4_rev_9,1,1,1,,1,62,,,62,0.85336,6.0634,NA,NA,17mar15_10mar15_PWD_m1_sp1_4_rev_9,10mar15_PWD_m1,PWD male,PWD,male,Musc
17mar15_10mar15_PWD_m1_sp1_5_rev,53,2.8125,0.053013,0.68052,2,1,17mar15_10mar15_PWD_m1_sp1_5_rev_1,1,0,0,,1,25,,,17,0.31525,0,25,NA,17mar15_10mar15_PWD_m1_sp1_5_rev_1,10mar15_PWD_m1,PWD male,PWD,male,Musc
17mar15_10mar15_PWD_m1_sp1_5_rev,109,3.2411,0.029853,0.5285,2,10,17mar15_10mar15_PWD_m1_sp1_5_rev_10,1,1,1,,2,43,102,,43,0.39175,0,102,NA,17mar15_10mar15_PWD_m1_sp1_5_rev_10,10mar15_PWD_m1,PWD male,PWD,male,Musc
17mar15_10mar15_PWD_m1_sp1_5_rev,76,2.8891,0.037911,0.56454,2,11,17mar15_10mar15_PWD_m1_sp1_5_rev_11,1,1,1,,2,32,69,,32,0.41676,0,69,NA,17mar15_10mar15_PWD_m1_sp1_5_rev_11,10mar15_PWD_m1,PWD male,PWD,male,Musc
17mar15_10mar15_PWD_m1_sp1_5_rev,72,3.7354,0.051641,0.54858,1,12,17mar15_10mar15_PWD_m1_sp1_5_rev_12,1,1,1,,1,60,,,60,0.83302,10.2832,NA,NA,17mar15_10mar15_PWD_m1_sp1_5_rev_12,10mar15_PWD_m1,PWD male,PWD,male,Musc
17mar15_10mar15_PWD_m1_sp1_5_rev,100,5.3867,0.053974,0.56579,3,13,17mar15_10mar15_PWD_m1_sp1_5_rev_13,1,0,0,,2,23,79,,7,0.073588,3.2705,23,NA,17mar15_10mar15_PWD_m1_sp1_5_rev_13,10mar15_PWD_m1,PWD male,PWD,male,Musc
17mar15_10mar15_PWD_m1_sp1_5_rev,100,3.6805,0.036916,0.55099,2,14,17mar15_10mar15_PWD_m1_sp1_5_rev_14,1,1,1,,2,23,91,,23,0.23303,0,91,NA,17mar15_10mar15_PWD_m1_sp1_5_rev_14,10mar15_PWD_m1,PWD male,PWD,male,Musc
17mar15_10mar15_PWD_m1_sp1_5_rev,51,5.4853,0.10738,0.63448,1,16,17mar15_10mar15_PWD_m1_sp1_5_rev_16,1,1,1,,1,26,,,26,0.50216,6.9591,NA,NA,17mar15_10mar15_PWD_m1_sp1_5_rev_16,10mar15_PWD_m1,PWD male,PWD,male,Musc
17mar15_10mar15_PWD_m1_sp1_5_rev,89,2.8185,0.031774,0.65138,6,17,17mar15_10mar15_PWD_m1_sp1_5_rev_17,1,0,0,,1,56,,,2,0.026141,0,17,NA,17mar15_10mar15_PWD_m1_sp1_5_rev_17,10mar15_PWD_m1,PWD male,PWD,male,Musc
17mar15_10mar15_PWD_m1_sp1_5_rev,94,2.0896,0.02223,0.5701,2,18,17mar15_10mar15_PWD_m1_sp1_5_rev_18,1,1,1,,2,31,88,,31,0.33125,0,88,NA,17mar15_10mar15_PWD_m1_sp1_5_rev_18,10mar15_PWD_m1,PWD male,PWD,male,Musc
17mar15_10mar15_PWD_m1_sp1_5_rev,46,7.6065,0.16452,0.63059,1,3,17mar15_10mar15_PWD_m1_sp1_5_rev_3,1,1,1,,1,40,,,40,0.85902,0,NA,NA,17mar15_10mar15_PWD_m1_sp1_5_rev_3,10mar15_PWD_m1,PWD male,PWD,male,Musc
17mar15_10mar15_PWD_m1_sp1_5_rev,71,6.2422,0.088274,0.59724,2,4,17mar15_10mar15_PWD_m1_sp1_5_rev_4,1,0,0,,1,57,,,57,0.80157,0,70,NA,17mar15_10mar15_PWD_m1_sp1_5_rev_4,10mar15_PWD_m1,PWD male,PWD,male,Musc
17mar15_10mar15_PWD_m1_sp1_5_rev,76,3.955,0.052004,0.64621,2,5,17mar15_10mar15_PWD_m1_sp1_5_rev_5,1,1,1,,2,21,68,,21,0.27695,0,68,NA,17mar15_10mar15_PWD_m1_sp1_5_rev_5,10mar15_PWD_m1,PWD male,PWD,male,Musc
17mar15_10mar15_PWD_m1_sp1_5_rev,73,3,0.04103,0.52471,3,6,17mar15_10mar15_PWD_m1_sp1_5_rev_6,1,0,0,,1,64,,,28,0.37916,0.90378,64,NA,17mar15_10mar15_PWD_m1_sp1_5_rev_6,10mar15_PWD_m1,PWD male,PWD,male,Musc
17mar15_10mar15_PWD_m1_sp1_5_rev,84,5.1756,0.061765,0.58172,3,7,17mar15_10mar15_PWD_m1_sp1_5_rev_7,1,0,0,,2,12,76,,12,0.14594,0,50,NA,17mar15_10mar15_PWD_m1_sp1_5_rev_7,10mar15_PWD_m1,PWD male,PWD,male,Musc
17mar15_10mar15_PWD_m1_sp1_5_rev,86,6.3066,0.073307,0.60741,4,8,17mar15_10mar15_PWD_m1_sp1_5_rev_8,1,0,0,,2,19,60,,6,0.073307,2.8806,19,NA,17mar15_10mar15_PWD_m1_sp1_5_rev_8,10mar15_PWD_m1,PWD male,PWD,male,Musc
17mar15_10mar15_PWD_m1_sp1_5_rev,63,2.623,0.041697,0.52254,2,9,17mar15_10mar15_PWD_m1_sp1_5_rev_9,1,0,0,,1,13,,,13,0.20329,9.4517,26,NA,17mar15_10mar15_PWD_m1_sp1_5_rev_9,10mar15_PWD_m1,PWD male,PWD,male,Musc
17mar15_10mar15_PWD_m1_sp1_6_rev,92,5.4512,0.059117,0.49405,8,6,17mar15_10mar15_PWD_m1_sp1_6_rev_6,1,0,0,,2,19,83,,2,0.023004,1.9487,12,NA,17mar15_10mar15_PWD_m1_sp1_6_rev_6,10mar15_PWD_m1,PWD male,PWD,male,Musc
17mar15_10mar15_PWD_m1_sp1_6_rev,108,2.8571,0.026435,0.49656,11,7,17mar15_10mar15_PWD_m1_sp1_6_rev_7,1,0,0,,1,63,,,4,0.040525,0,11,NA,17mar15_10mar15_PWD_m1_sp1_6_rev_7,10mar15_PWD_m1,PWD male,PWD,male,Musc
17mar15_10mar15_PWD_m1_sp1_6_rev,101,5.7194,0.056791,0.52157,3,8,17mar15_10mar15_PWD_m1_sp1_6_rev_8,1,0,0,,2,38,75,,38,0.37772,0,52,NA,17mar15_10mar15_PWD_m1_sp1_6_rev_8,10mar15_PWD_m1,PWD male,PWD,male,Musc
17mar15_10mar15_PWD_m1_sp1_7_rev,85,2.0588,0.024337,0.46118,1,1,17mar15_10mar15_PWD_m1_sp1_7_rev_1,1,1,1,,1,65,,,65,0.7663,0,NA,NA,17mar15_10mar15_PWD_m1_sp1_7_rev_1,10mar15_PWD_m1,PWD male,PWD,male,Musc
17mar15_10mar15_PWD_m1_sp1_7_rev,181,2.8945,0.01599,0.45867,4,2,17mar15_10mar15_PWD_m1_sp1_7_rev_2,0,,,,,,,,25,0.13988,0,87,NA,17mar15_10mar15_PWD_m1_sp1_7_rev_2,10mar15_PWD_m1,PWD male,PWD,male,Musc
17mar15_10mar15_PWD_m1_sp1_8_rev,95,3.5994,0.03792,0.7095,12,1,17mar15_10mar15_PWD_m1_sp1_8_rev_1,0,,,3 cells,,,,,2,0.022013,2.0731,16,NA,17mar15_10mar15_PWD_m1_sp1_8_rev_1,10mar15_PWD_m1,PWD male,PWD,male,Musc
17mar15_10mar15_PWD_m1_sp1_8_rev,79,4.0417,0.051166,0.42761,3,10,17mar15_10mar15_PWD_m1_sp1_8_rev_10,1,0,0,,1,47,,,6,0.073581,0,47,NA,17mar15_10mar15_PWD_m1_sp1_8_rev_10,10mar15_PWD_m1,PWD male,PWD,male,Musc
17mar15_10mar15_PWD_m1_sp1_8_rev,82,2.029,0.024689,0.41682,8,11,17mar15_10mar15_PWD_m1_sp1_8_rev_11,1,0,0,foci not distinct,,,,,2,0.024689,1.6297,16,NA,17mar15_10mar15_PWD_m1_sp1_8_rev_11,10mar15_PWD_m1,PWD male,PWD,male,Musc
17mar15_10mar15_PWD_m1_sp1_8_rev,80,3.2838,0.041006,0.50146,1,12,17mar15_10mar15_PWD_m1_sp1_8_rev_12,1,1,1,,1,50,,,50,0.62912,9.357,NA,NA,17mar15_10mar15_PWD_m1_sp1_8_rev_12,10mar15_PWD_m1,PWD male,PWD,male,Musc
17mar15_10mar15_PWD_m1_sp1_8_rev,68,5.1681,0.076366,0.46607,6,13,17mar15_10mar15_PWD_m1_sp1_8_rev_13,1,0,0,,1,37,,,1,0.021109,1.6448,9,NA,17mar15_10mar15_PWD_m1_sp1_8_rev_13,10mar15_PWD_m1,PWD male,PWD,male,Musc
17mar15_10mar15_PWD_m1_sp1_8_rev,61,4.5135,0.073615,0.51937,2,14,17mar15_10mar15_PWD_m1_sp1_8_rev_14,0,,,,,,,,12,0.19883,7.4883,50,NA,17mar15_10mar15_PWD_m1_sp1_8_rev_14,10mar15_PWD_m1,PWD male,PWD,male,Musc
17mar15_10mar15_PWD_m1_sp1_8_rev,53,4.9711,0.094308,0.41913,2,15,17mar15_10mar15_PWD_m1_sp1_8_rev_15,1,0,0,,1,27,,,5,0.087448,3.0562,27,NA,17mar15_10mar15_PWD_m1_sp1_8_rev_15,10mar15_PWD_m1,PWD male,PWD,male,Musc
17mar15_10mar15_PWD_m1_sp1_8_rev,34,3.125,0.090741,0.48473,2,16,17mar15_10mar15_PWD_m1_sp1_8_rev_16,0,,,,,,,,2,0.063519,0.9677,23,NA,17mar15_10mar15_PWD_m1_sp1_8_rev_16,10mar15_PWD_m1,PWD male,PWD,male,Musc
17mar15_10mar15_PWD_m1_sp1_8_rev,43,5.3607,0.1259,0.53904,5,17,17mar15_10mar15_PWD_m1_sp1_8_rev_17,0,,,,,,,,3,0.077104,1.7246,14,NA,17mar15_10mar15_PWD_m1_sp1_8_rev_17,10mar15_PWD_m1,PWD male,PWD,male,Musc
17mar15_10mar15_PWD_m1_sp1_8_rev,61,8.1058,0.13251,0.5294,3,18,17mar15_10mar15_PWD_m1_sp1_8_rev_18,1,0,0,,1,56,,,8,0.12845,6.9238,50,NA,17mar15_10mar15_PWD_m1_sp1_8_rev_18,10mar15_PWD_m1,PWD male,PWD,male,Musc
17mar15_10mar15_PWD_m1_sp1_8_rev,59,2.3729,0.040099,0.44201,4,2,17mar15_10mar15_PWD_m1_sp1_8_rev_2,1,0,0,,2,11,50,,1,0.022914,0.76879,11,NA,17mar15_10mar15_PWD_m1_sp1_8_rev_2,10mar15_PWD_m1,PWD male,PWD,male,Musc
17mar15_10mar15_PWD_m1_sp1_8_rev,44,2.0141,0.045456,0.50503,1,20,17mar15_10mar15_PWD_m1_sp1_8_rev_20,0,,,,,,,,41,0.93362,0,NA,NA,17mar15_10mar15_PWD_m1_sp1_8_rev_20,10mar15_PWD_m1,PWD male,PWD,male,Musc
17mar15_10mar15_PWD_m1_sp1_8_rev,33,5.5381,0.16545,0.53387,1,21,17mar15_10mar15_PWD_m1_sp1_8_rev_21,0,,,,,,,,10,0.28493,0,NA,NA,17mar15_10mar15_PWD_m1_sp1_8_rev_21,10mar15_PWD_m1,PWD male,PWD,male,Musc
17mar15_10mar15_PWD_m1_sp1_8_rev,51,1.5873,0.031122,0.44387,3,23,17mar15_10mar15_PWD_m1_sp1_8_rev_23,0,,,,,,,,3,0.054689,0,18,NA,17mar15_10mar15_PWD_m1_sp1_8_rev_23,10mar15_PWD_m1,PWD male,PWD,male,Musc
17mar15_10mar15_PWD_m1_sp1_8_rev,91,5.3177,0.058212,0.44459,3,24,17mar15_10mar15_PWD_m1_sp1_8_rev_24,1,0,0,,2,11,85,,11,0.12118,6.497,33,NA,17mar15_10mar15_PWD_m1_sp1_8_rev_24,10mar15_PWD_m1,PWD male,PWD,male,Musc
17mar15_10mar15_PWD_m1_sp1_8_rev,102,5.941,0.058371,0.47258,2,25,17mar15_10mar15_PWD_m1_sp1_8_rev_25,1,1,1,,2,28,100,,28,0.27994,0,100,NA,17mar15_10mar15_PWD_m1_sp1_8_rev_25,10mar15_PWD_m1,PWD male,PWD,male,Musc
17mar15_10mar15_PWD_m1_sp1_8_rev,31,2.3881,0.075888,0.46826,1,26,17mar15_10mar15_PWD_m1_sp1_8_rev_26,0,,,,,,,,28,0.90037,7.7324,NA,NA,17mar15_10mar15_PWD_m1_sp1_8_rev_26,10mar15_PWD_m1,PWD male,PWD,male,Musc
17mar15_10mar15_PWD_m1_sp1_8_rev,61,4.1634,0.068644,0.47504,4,29,17mar15_10mar15_PWD_m1_sp1_8_rev_29,1,0,0,,1,51,,,6,0.090886,3.9602,33,NA,17mar15_10mar15_PWD_m1_sp1_8_rev_29,10mar15_PWD_m1,PWD male,PWD,male,Musc
17mar15_10mar15_PWD_m1_sp1_8_rev,78,3.3159,0.042333,0.47055,5,3,17mar15_10mar15_PWD_m1_sp1_8_rev_3,1,0,0,foci are faint,,,,,5,0.065808,4.5759,10,NA,17mar15_10mar15_PWD_m1_sp1_8_rev_3,10mar15_PWD_m1,PWD male,PWD,male,Musc
17mar15_10mar15_PWD_m1_sp1_8_rev,73,4.6687,0.06417,0.42567,2,30,17mar15_10mar15_PWD_m1_sp1_8_rev_30,1,1,1,,2,35,71,,35,0.47623,0,71,NA,17mar15_10mar15_PWD_m1_sp1_8_rev_30,10mar15_PWD_m1,PWD male,PWD,male,Musc
17mar15_10mar15_PWD_m1_sp1_8_rev,150,5.2173,0.03474,0.5263,6,33,17mar15_10mar15_PWD_m1_sp1_8_rev_33,0,,,,,,,,3,0.019567,7.0654,28,NA,17mar15_10mar15_PWD_m1_sp1_8_rev_33,10mar15_PWD_m1,PWD male,PWD,male,Musc
17mar15_10mar15_PWD_m1_sp1_8_rev,50,3.7669,0.075496,0.41441,4,37,17mar15_10mar15_PWD_m1_sp1_8_rev_37,1,0,0,,1,36,,,2,0.048101,0.93655,27,NA,17mar15_10mar15_PWD_m1_sp1_8_rev_37,10mar15_PWD_m1,PWD male,PWD,male,Musc
17mar15_10mar15_PWD_m1_sp1_8_rev,64,2.7156,0.042405,0.49376,8,38,17mar15_10mar15_PWD_m1_sp1_8_rev_38,1,,,,,,,,2,0.02366,2.3605,8,NA,17mar15_10mar15_PWD_m1_sp1_8_rev_38,10mar15_PWD_m1,PWD male,PWD,male,Musc
17mar15_10mar15_PWD_m1_sp1_8_rev,60,3.954,0.066207,0.39591,1,40,17mar15_10mar15_PWD_m1_sp1_8_rev_40,1,,,not sure about foci?,,,,,4,0.070372,3.3826,NA,NA,17mar15_10mar15_PWD_m1_sp1_8_rev_40,10mar15_PWD_m1,PWD male,PWD,male,Musc
17mar15_10mar15_PWD_m1_sp1_8_rev,61,4.7794,0.078076,0.41831,5,41,17mar15_10mar15_PWD_m1_sp1_8_rev_41,0,,,,,,,,5,0.089627,8.1225,21,NA,17mar15_10mar15_PWD_m1_sp1_8_rev_41,10mar15_PWD_m1,PWD male,PWD,male,Musc
17mar15_10mar15_PWD_m1_sp1_8_rev,90,5.0072,0.055789,0.40387,1,42,17mar15_10mar15_PWD_m1_sp1_8_rev_42,1,1,1,,1,48,,,48,0.53133,0,NA,NA,17mar15_10mar15_PWD_m1_sp1_8_rev_42,10mar15_PWD_m1,PWD male,PWD,male,Musc
17mar15_10mar15_PWD_m1_sp1_8_rev,63,2.3375,0.037357,0.42433,2,43,17mar15_10mar15_PWD_m1_sp1_8_rev_43,1,0,0,,1,48,,,5,0.085041,0,48,NA,17mar15_10mar15_PWD_m1_sp1_8_rev_43,10mar15_PWD_m1,PWD male,PWD,male,Musc
17mar15_10mar15_PWD_m1_sp1_8_rev,99,1.875,0.018942,0.50728,8,5,17mar15_10mar15_PWD_m1_sp1_8_rev_5,0,,,,,,,,3,0.027157,0,13,NA,17mar15_10mar15_PWD_m1_sp1_8_rev_5,10mar15_PWD_m1,PWD male,PWD,male,Musc
17mar15_10mar15_PWD_m1_sp1_8_rev,127,2.6596,0.02086,0.48706,16,6,17mar15_10mar15_PWD_m1_sp1_8_rev_6,0,,,,,,,,4,0.034496,0.93393,15,0.9768,17mar15_10mar15_PWD_m1_sp1_8_rev_6,10mar15_PWD_m1,PWD male,PWD,male,Musc
17mar15_10mar15_PWD_m1_sp1_8_rev,61,4.5852,0.075421,0.50998,3,7,17mar15_10mar15_PWD_m1_sp1_8_rev_7,1,0,0,,2,12,47,,12,0.20075,0,31,NA,17mar15_10mar15_PWD_m1_sp1_8_rev_7,10mar15_PWD_m1,PWD male,PWD,male,Musc
17mar15_10mar15_PWD_m1_sp1_8_rev,69,4.1557,0.059833,0.51169,2,8,17mar15_10mar15_PWD_m1_sp1_8_rev_8,1,1,1,3 cells,2,17,53,,17,0.24228,3.0009,53,NA,17mar15_10mar15_PWD_m1_sp1_8_rev_8,10mar15_PWD_m1,PWD male,PWD,male,Musc
22mar15_10mar15_PWD_m1_sp1_1_rev,153,4.3598,0.028434,0.52668,13,1,22mar15_10mar15_PWD_m1_sp1_1_rev_1,0,,,,,,,,3,0.018943,1.9899,17,NA,22mar15_10mar15_PWD_m1_sp1_1_rev_1,10mar15_PWD_m1,PWD male,PWD,male,Musc
22mar15_10mar15_PWD_m1_sp1_1_rev,96,3.7049,0.038717,0.47002,2,10,22mar15_10mar15_PWD_m1_sp1_1_rev_10,1,1,1,,2,31,80,,31,0.32692,5.7993,80,NA,22mar15_10mar15_PWD_m1_sp1_1_rev_10,10mar15_PWD_m1,PWD male,PWD,male,Musc
22mar15_10mar15_PWD_m1_sp1_1_rev,86,6.042,0.069875,0.43449,2,11,22mar15_10mar15_PWD_m1_sp1_1_rev_11,1,1,1,,2,25,78,,25,0.28503,5.8299,78,NA,22mar15_10mar15_PWD_m1_sp1_1_rev_11,10mar15_PWD_m1,PWD male,PWD,male,Musc
22mar15_10mar15_PWD_m1_sp1_1_rev,111,3.316,0.029923,0.4028,2,12,22mar15_10mar15_PWD_m1_sp1_1_rev_12,1,1,1,,2,24,79,,24,0.21956,0,79,NA,22mar15_10mar15_PWD_m1_sp1_1_rev_12,10mar15_PWD_m1,PWD male,PWD,male,Musc
22mar15_10mar15_PWD_m1_sp1_1_rev,85,4.235,0.049961,0.46817,2,13,22mar15_10mar15_PWD_m1_sp1_1_rev_13,1,1,1,,2,20,59,,20,0.23506,7.2177,59,NA,22mar15_10mar15_PWD_m1_sp1_1_rev_13,10mar15_PWD_m1,PWD male,PWD,male,Musc
22mar15_10mar15_PWD_m1_sp1_1_rev,104,5.549,0.053325,0.4328,2,14,22mar15_10mar15_PWD_m1_sp1_1_rev_14,1,1,1,,2,42,96,,42,0.40505,8.3899,96,NA,22mar15_10mar15_PWD_m1_sp1_1_rev_14,10mar15_PWD_m1,PWD male,PWD,male,Musc
22mar15_10mar15_PWD_m1_sp1_1_rev,103,2.3529,0.022822,0.43514,2,2,22mar15_10mar15_PWD_m1_sp1_1_rev_2,1,1,1,,2,27,64,,27,0.26429,0,64,NA,22mar15_10mar15_PWD_m1_sp1_1_rev_2,10mar15_PWD_m1,PWD male,PWD,male,Musc
22mar15_10mar15_PWD_m1_sp1_1_rev,73,5.5853,0.076688,0.43821,2,3,22mar15_10mar15_PWD_m1_sp1_1_rev_3,1,0,0,,1,53,,,10,0.13339,1.1721,53,NA,22mar15_10mar15_PWD_m1_sp1_1_rev_3,10mar15_PWD_m1,PWD male,PWD,male,Musc
22mar15_10mar15_PWD_m1_sp1_1_rev,59,2.3188,0.039603,0.56592,1,4,22mar15_10mar15_PWD_m1_sp1_1_rev_4,1,1,1,,1,28,,,28,0.47917,4.4484,NA,NA,22mar15_10mar15_PWD_m1_sp1_1_rev_4,10mar15_PWD_m1,PWD male,PWD,male,Musc
22mar15_10mar15_PWD_m1_sp1_1_rev,183,34.9377,0.19106,0.42353,5,8,22mar15_10mar15_PWD_m1_sp1_1_rev_8,0,,,,,,,,17,0.092727,0,60,NA,22mar15_10mar15_PWD_m1_sp1_1_rev_8,10mar15_PWD_m1,PWD male,PWD,male,Musc
22mar15_10mar15_PWD_m1_sp1_1_rev,52,4.7832,0.091565,0.45837,1,9,22mar15_10mar15_PWD_m1_sp1_1_rev_9,1,1,1,,1,41,,,41,0.78841,0,NA,NA,22mar15_10mar15_PWD_m1_sp1_1_rev_9,10mar15_PWD_m1,PWD male,PWD,male,Musc
22mar15_10mar15_PWD_m1_sp1_10.3_rev,69,8.9564,0.12971,0.42299,1,10,22mar15_10mar15_PWD_m1_sp1_10.3_rev_10,1,1,1,,1,67,,,67,0.9711,0,NA,NA,22mar15_10mar15_PWD_m1_sp1_10.3_rev_10,10mar15_PWD_m1,PWD male,PWD,male,Musc
22mar15_10mar15_PWD_m1_sp1_10.3_rev,82,4.4271,0.053771,0.48891,1,12,22mar15_10mar15_PWD_m1_sp1_10.3_rev_12,1,1,1,,1,65,,,65,0.78671,4.8829,NA,NA,22mar15_10mar15_PWD_m1_sp1_10.3_rev_12,10mar15_PWD_m1,PWD male,PWD,male,Musc
22mar15_10mar15_PWD_m1_sp1_10.3_rev,81,4.0949,0.050741,0.46738,2,2,22mar15_10mar15_PWD_m1_sp1_10.3_rev_2,1,1,1,,2,18,60,,18,0.21689,7.6078,60,NA,22mar15_10mar15_PWD_m1_sp1_10.3_rev_2,10mar15_PWD_m1,PWD male,PWD,male,Musc
22mar15_10mar15_PWD_m1_sp1_10.3_rev,126,5.0303,0.039862,0.45364,3,3,22mar15_10mar15_PWD_m1_sp1_10.3_rev_3,0,,,,,,,,29,0.22885,0,90,NA,22mar15_10mar15_PWD_m1_sp1_10.3_rev_3,10mar15_PWD_m1,PWD male,PWD,male,Musc
22mar15_10mar15_PWD_m1_sp1_10.3_rev,82,5.1544,0.062866,0.46067,1,4,22mar15_10mar15_PWD_m1_sp1_10.3_rev_4,1,1,1,,1,72,,,72,0.87267,6.8064,NA,NA,22mar15_10mar15_PWD_m1_sp1_10.3_rev_4,10mar15_PWD_m1,PWD male,PWD,male,Musc
22mar15_10mar15_PWD_m1_sp1_10.3_rev,115,3.5696,0.03093,0.37729,2,5,22mar15_10mar15_PWD_m1_sp1_10.3_rev_5,1,1,1,,2,13,110,,13,0.1125,0,110,NA,22mar15_10mar15_PWD_m1_sp1_10.3_rev_5,10mar15_PWD_m1,PWD male,PWD,male,Musc
22mar15_10mar15_PWD_m1_sp1_10.3_rev,75,5.657,0.075311,0.48216,1,6,22mar15_10mar15_PWD_m1_sp1_10.3_rev_6,1,1,1,,1,42,,,42,0.55906,7.8917,NA,NA,22mar15_10mar15_PWD_m1_sp1_10.3_rev_6,10mar15_PWD_m1,PWD male,PWD,male,Musc
22mar15_10mar15_PWD_m1_sp1_10.3_rev,56,8.2762,0.1474,0.44454,1,7,22mar15_10mar15_PWD_m1_sp1_10.3_rev_7,1,1,1,,1,42,,,42,0.75461,0,NA,NA,22mar15_10mar15_PWD_m1_sp1_10.3_rev_7,10mar15_PWD_m1,PWD male,PWD,male,Musc
22mar15_10mar15_PWD_m1_sp1_10.3_rev,95,3.1473,0.033184,0.42378,2,9,22mar15_10mar15_PWD_m1_sp1_10.3_rev_9,0,,,,,,,,14,0.15065,2.2745,73,NA,22mar15_10mar15_PWD_m1_sp1_10.3_rev_9,10mar15_PWD_m1,PWD male,PWD,male,Musc
22mar15_10mar15_PWD_m1_sp1_2_rev,48,4.5972,0.095088,0.25528,3,12,22mar15_10mar15_PWD_m1_sp1_2_rev_12,,,,,,,,,6,0.1209,1.5551,41,NA,22mar15_10mar15_PWD_m1_sp1_2_rev_12,10mar15_PWD_m1,PWD male,PWD,male,Musc
22mar15_10mar15_PWD_m1_sp1_2_rev,36,7.1211,0.19823,0.24257,2,27,22mar15_10mar15_PWD_m1_sp1_2_rev_27,,,,,,,,,6,0.1746,2.2433,28,NA,22mar15_10mar15_PWD_m1_sp1_2_rev_27,10mar15_PWD_m1,PWD male,PWD,male,Musc
22mar15_10mar15_PWD_m1_sp1_2_rev,44,8.6743,0.19541,0.20752,4,35,22mar15_10mar15_PWD_m1_sp1_2_rev_35,,,,,,,,,5,0.12144,2.1006,11,NA,22mar15_10mar15_PWD_m1_sp1_2_rev_35,10mar15_PWD_m1,PWD male,PWD,male,Musc
22mar15_10mar15_PWD_m1_sp1_2_rev,41,3.2457,0.07971,0.20348,5,40,22mar15_10mar15_PWD_m1_sp1_2_rev_40,,,,,,,,,4,0.10045,0.44888,8,NA,22mar15_10mar15_PWD_m1_sp1_2_rev_40,10mar15_PWD_m1,PWD male,PWD,male,Musc
22mar15_10mar15_PWD_m1_sp1_2_rev,56,4.9907,0.089053,0.23961,9,8,22mar15_10mar15_PWD_m1_sp1_2_rev_8,,,,,,,,,4,0.073759,1.3501,10,NA,22mar15_10mar15_PWD_m1_sp1_2_rev_8,10mar15_PWD_m1,PWD male,PWD,male,Musc
22mar15_10mar15_PWD_m1_sp1_3.1_rev,64,4.6263,0.072235,0.34908,4,11,22mar15_10mar15_PWD_m1_sp1_3.1_rev_11,,,,,,,,,3,0.049511,0,15,NA,22mar15_10mar15_PWD_m1_sp1_3.1_rev_11,10mar15_PWD_m1,PWD male,PWD,male,Musc
22mar15_10mar15_PWD_m1_sp1_3.1_rev,85,5.7647,0.067667,0.29687,7,14,22mar15_10mar15_PWD_m1_sp1_3.1_rev_14,,,,,,,,,3,0.037426,1.6798,20,NA,22mar15_10mar15_PWD_m1_sp1_3.1_rev_14,10mar15_PWD_m1,PWD male,PWD,male,Musc
22mar15_10mar15_PWD_m1_sp1_3.1_rev,78,3.2353,0.041329,0.27328,10,2,22mar15_10mar15_PWD_m1_sp1_3.1_rev_2,,,,,,,,,4,0.045086,0.88433,20,NA,22mar15_10mar15_PWD_m1_sp1_3.1_rev_2,10mar15_PWD_m1,PWD male,PWD,male,Musc
22mar15_10mar15_PWD_m1_sp1_3.1_rev,56,6.6667,0.11955,0.27529,6,3,22mar15_10mar15_PWD_m1_sp1_3.1_rev_3,,,,,,,,,5,0.083688,0.89609,13,NA,22mar15_10mar15_PWD_m1_sp1_3.1_rev_3,10mar15_PWD_m1,PWD male,PWD,male,Musc
22mar15_10mar15_PWD_m1_sp1_3.1_rev,44,7.0502,0.1603,0.23757,4,4,22mar15_10mar15_PWD_m1_sp1_3.1_rev_4,,,,,,,,,7,0.16599,0.89997,14,NA,22mar15_10mar15_PWD_m1_sp1_3.1_rev_4,10mar15_PWD_m1,PWD male,PWD,male,Musc
22mar15_10mar15_PWD_m1_sp1_3.1_rev,66,4.7879,0.07246,0.27048,9,6,22mar15_10mar15_PWD_m1_sp1_3.1_rev_6,,,,,,,,,2,0.033631,0.75409,8,NA,22mar15_10mar15_PWD_m1_sp1_3.1_rev_6,10mar15_PWD_m1,PWD male,PWD,male,Musc
22mar15_10mar15_PWD_m1_sp1_4.1_rev,58,6.0931,0.10535,0.53141,2,2,22mar15_10mar15_PWD_m1_sp1_4.1_rev_2,0,,,,,,,,47,0.8122,6.2969,55,NA,22mar15_10mar15_PWD_m1_sp1_4.1_rev_2,10mar15_PWD_m1,PWD male,PWD,male,Musc
22mar15_10mar15_PWD_m1_sp1_4.1_rev,64,3.1746,0.049871,0.53257,4,6,22mar15_10mar15_PWD_m1_sp1_4.1_rev_6,0,,,,,,,,2,0.024935,2.7311,5,NA,22mar15_10mar15_PWD_m1_sp1_4.1_rev_6,10mar15_PWD_m1,PWD male,PWD,male,Musc
22mar15_10mar15_PWD_m1_sp1_4.1_rev,84,6.9452,0.083159,0.54794,2,9,22mar15_10mar15_PWD_m1_sp1_4.1_rev_9,1,1,1,,2,14,75,,14,0.17071,4.1967,75,NA,22mar15_10mar15_PWD_m1_sp1_4.1_rev_9,10mar15_PWD_m1,PWD male,PWD,male,Musc
22mar15_10mar15_PWD_m1_sp1_5.1_rev,101,5.3811,0.053292,0.40073,5,1,22mar15_10mar15_PWD_m1_sp1_5.1_rev_1,1,0,0,,1,66,,,4,0.042286,2.6067,39,NA,22mar15_10mar15_PWD_m1_sp1_5.1_rev_1,10mar15_PWD_m1,PWD male,PWD,male,Musc
22mar15_10mar15_PWD_m1_sp1_5.1_rev,59,4.6474,0.078575,0.47738,2,10,22mar15_10mar15_PWD_m1_sp1_5.1_rev_10,1,0,0,,1,28,,,4,0.07256,0,28,NA,22mar15_10mar15_PWD_m1_sp1_5.1_rev_10,10mar15_PWD_m1,PWD male,PWD,male,Musc
22mar15_10mar15_PWD_m1_sp1_5.1_rev,100,5.9548,0.05935,0.32335,11,4,22mar15_10mar15_PWD_m1_sp1_5.1_rev_4,0,,,,,,,,7,0.06874,2.1909,14,NA,22mar15_10mar15_PWD_m1_sp1_5.1_rev_4,10mar15_PWD_m1,PWD male,PWD,male,Musc
22mar15_10mar15_PWD_m1_sp1_5.1_rev,54,4.9441,0.091739,0.34938,3,5,22mar15_10mar15_PWD_m1_sp1_5.1_rev_5,1,0,0,,1,28,,,28,0.51348,2.1115,38,NA,22mar15_10mar15_PWD_m1_sp1_5.1_rev_5,10mar15_PWD_m1,PWD male,PWD,male,Musc
22mar15_10mar15_PWD_m1_sp1_5.1_rev,70,5.5848,0.079601,0.39215,4,6,22mar15_10mar15_PWD_m1_sp1_5.1_rev_6,1,0,0,,1,61,,,28,0.39396,0.74095,36,NA,22mar15_10mar15_PWD_m1_sp1_5.1_rev_6,10mar15_PWD_m1,PWD male,PWD,male,Musc
22mar15_10mar15_PWD_m1_sp1_5.1_rev,112,12.2742,0.10917,0.34271,2,7,22mar15_10mar15_PWD_m1_sp1_5.1_rev_7,1,1,1,,2,29,98,,29,0.25699,5.6654,98,NA,22mar15_10mar15_PWD_m1_sp1_5.1_rev_7,10mar15_PWD_m1,PWD male,PWD,male,Musc
22mar15_10mar15_PWD_m1_sp1_5.1_rev,55,6.2987,0.11433,0.35814,3,8,22mar15_10mar15_PWD_m1_sp1_5.1_rev_8,1,0,0,,1,33,,,4,0.073694,3.2519,21,NA,22mar15_10mar15_PWD_m1_sp1_5.1_rev_8,10mar15_PWD_m1,PWD male,PWD,male,Musc
22mar15_10mar15_PWD_m1_sp1_8_rev,74,5.8922,0.080074,0.52893,2,2,22mar15_10mar15_PWD_m1_sp1_8_rev_2,1,1,,first foci is v faint,1,68,,,35,0.48136,0,68,NA,22mar15_10mar15_PWD_m1_sp1_8_rev_2,10mar15_PWD_m1,PWD male,PWD,male,Musc
22mar15_10mar15_PWD_m1_sp1_8_rev,85,5.7675,0.067869,0.48256,2,4,22mar15_10mar15_PWD_m1_sp1_8_rev_4,0,,,,,,,,26,0.30522,0,35,NA,22mar15_10mar15_PWD_m1_sp1_8_rev_4,10mar15_PWD_m1,PWD male,PWD,male,Musc
22mar15_10mar15_PWD_m1_sp1_8_rev,58,4.481,0.077489,0.46443,1,5,22mar15_10mar15_PWD_m1_sp1_8_rev_5,0,,,,,,,,48,0.83373,0,NA,NA,22mar15_10mar15_PWD_m1_sp1_8_rev_5,10mar15_PWD_m1,PWD male,PWD,male,Musc
22mar15_10mar15_PWD_m1_sp1_8_rev,104,5.1339,0.049166,0.47032,1,6,22mar15_10mar15_PWD_m1_sp1_8_rev_6,0,,,,,,,,39,0.37129,6.4464,NA,NA,22mar15_10mar15_PWD_m1_sp1_8_rev_6,10mar15_PWD_m1,PWD male,PWD,male,Musc
22mar15_10mar15_PWD_m1_sp1_8_rev,86,4.1922,0.048642,0.45752,2,7,22mar15_10mar15_PWD_m1_sp1_8_rev_7,0,,,,,,,,28,0.32665,0,80,NA,22mar15_10mar15_PWD_m1_sp1_8_rev_7,10mar15_PWD_m1,PWD male,PWD,male,Musc
22mar15_10mar15_PWD_m1_sp1_8_rev,50,5.3547,0.10615,0.51902,3,9,22mar15_10mar15_PWD_m1_sp1_8_rev_9,1,0,0,can't tell for foci?,,,,,6,0.126,2.7134,21,NA,22mar15_10mar15_PWD_m1_sp1_8_rev_9,10mar15_PWD_m1,PWD male,PWD,male,Musc
22mar15_10mar15_PWD_m1_sp1_9_rev,99,2.2222,0.022551,0.32532,4,1,22mar15_10mar15_PWD_m1_sp1_9_rev_1,1,0,0,2 cells,2,22,90,,3,0.032762,1.6559,22,NA,22mar15_10mar15_PWD_m1_sp1_9_rev_1,10mar15_PWD_m1,PWD male,PWD,male,Musc
22mar15_10mar15_PWD_m1_sp1_9_rev,169,3.3735,0.019937,0.27699,5,12,22mar15_10mar15_PWD_m1_sp1_9_rev_12,0,,,,,,,,23,0.13621,0,34,NA,22mar15_10mar15_PWD_m1_sp1_9_rev_12,10mar15_PWD_m1,PWD male,PWD,male,Musc
22mar15_10mar15_PWD_m1_sp1_9_rev,67,5.291,0.079187,0.28634,3,13,22mar15_10mar15_PWD_m1_sp1_9_rev_13,0,,,,,,,,13,0.19751,0,30,NA,22mar15_10mar15_PWD_m1_sp1_9_rev_13,10mar15_PWD_m1,PWD male,PWD,male,Musc
22mar15_10mar15_PWD_m1_sp1_9_rev,89,3.5824,0.040291,0.30196,2,14,22mar15_10mar15_PWD_m1_sp1_9_rev_14,1,1,1,,2,18,,,18,0.19933,0,81,NA,22mar15_10mar15_PWD_m1_sp1_9_rev_14,10mar15_PWD_m1,PWD male,PWD,male,Musc
22mar15_10mar15_PWD_m1_sp1_9_rev,75,6.4841,0.08611,0.28911,1,16,22mar15_10mar15_PWD_m1_sp1_9_rev_16,1,1,1,,1,31,,,31,0.40759,7.7048,NA,NA,22mar15_10mar15_PWD_m1_sp1_9_rev_16,10mar15_PWD_m1,PWD male,PWD,male,Musc
22mar15_10mar15_PWD_m1_sp1_9_rev,99,4.1473,0.042031,0.29066,3,17,22mar15_10mar15_PWD_m1_sp1_9_rev_17,0,,,,,,,,5,0.054246,2.4515,30,NA,22mar15_10mar15_PWD_m1_sp1_9_rev_17,10mar15_PWD_m1,PWD male,PWD,male,Musc
22mar15_10mar15_PWD_m1_sp1_9_rev,22,2.7397,0.12322,0.37544,2,18,22mar15_10mar15_PWD_m1_sp1_9_rev_18,0,,,,,,,,0,0.012322,6.5219,5,NA,22mar15_10mar15_PWD_m1_sp1_9_rev_18,10mar15_PWD_m1,PWD male,PWD,male,Musc
22mar15_10mar15_PWD_m1_sp1_9_rev,165,5.4954,0.033317,0.32799,9,2,22mar15_10mar15_PWD_m1_sp1_9_rev_2,0,,,,,,,,3,0.018372,3.4464,45,NA,22mar15_10mar15_PWD_m1_sp1_9_rev_2,10mar15_PWD_m1,PWD male,PWD,male,Musc
22mar15_10mar15_PWD_m1_sp1_9_rev,135,3.2105,0.023799,0.27044,2,21,22mar15_10mar15_PWD_m1_sp1_9_rev_21,0,,,,,,,,17,0.12882,4.7612,88,NA,22mar15_10mar15_PWD_m1_sp1_9_rev_21,10mar15_PWD_m1,PWD male,PWD,male,Musc
22mar15_10mar15_PWD_m1_sp1_9_rev,102,3.5279,0.03462,0.30077,4,22,22mar15_10mar15_PWD_m1_sp1_9_rev_22,0,,,,,,,,16,0.16076,0,31,NA,22mar15_10mar15_PWD_m1_sp1_9_rev_22,10mar15_PWD_m1,PWD male,PWD,male,Musc
22mar15_10mar15_PWD_m1_sp1_9_rev,28,5.0957,0.18151,0.29283,1,25,22mar15_10mar15_PWD_m1_sp1_9_rev_25,0,,,,,,,,3,0.12196,0,NA,NA,22mar15_10mar15_PWD_m1_sp1_9_rev_25,10mar15_PWD_m1,PWD male,PWD,male,Musc
22mar15_10mar15_PWD_m1_sp1_9_rev,99,2.6891,0.027169,0.26077,2,27,22mar15_10mar15_PWD_m1_sp1_9_rev_27,1,1,1,,2,17,87,,17,0.16937,0,87,NA,22mar15_10mar15_PWD_m1_sp1_9_rev_27,10mar15_PWD_m1,PWD male,PWD,male,Musc
22mar15_10mar15_PWD_m1_sp1_9_rev,84,3.3519,0.039768,0.28805,2,28,22mar15_10mar15_PWD_m1_sp1_9_rev_28,1,1,1,,2,12,76,,12,0.13707,0,76,NA,22mar15_10mar15_PWD_m1_sp1_9_rev_28,10mar15_PWD_m1,PWD male,PWD,male,Musc
22mar15_10mar15_PWD_m1_sp1_9_rev,62,4.0736,0.065659,0.36668,2,3,22mar15_10mar15_PWD_m1_sp1_9_rev_3,1,0,0,,1,38,,,3,0.04952,2.3868,38,NA,22mar15_10mar15_PWD_m1_sp1_9_rev_3,10mar15_PWD_m1,PWD male,PWD,male,Musc
22mar15_10mar15_PWD_m1_sp1_9_rev,54,5.7241,0.10674,0.29044,1,30,22mar15_10mar15_PWD_m1_sp1_9_rev_30,1,1,1,,1,33,,,33,0.61123,0,NA,NA,22mar15_10mar15_PWD_m1_sp1_9_rev_30,10mar15_PWD_m1,PWD male,PWD,male,Musc
22mar15_10mar15_PWD_m1_sp1_9_rev,33,3.2307,0.097984,0.35297,3,6,22mar15_10mar15_PWD_m1_sp1_9_rev_6,0,,,,,,,,4,0.12036,4.1826,26,NA,22mar15_10mar15_PWD_m1_sp1_9_rev_6,10mar15_PWD_m1,PWD male,PWD,male,Musc
22mar15_10mar15_PWD_m1_sp1_9_rev,50,2.5046,0.049961,0.31591,1,9,22mar15_10mar15_PWD_m1_sp1_9_rev_9,1,1,1,,1,38,,,38,0.75836,5.9092,NA,NA,22mar15_10mar15_PWD_m1_sp1_9_rev_9,10mar15_PWD_m1,PWD male,PWD,male,Musc
