fileName,chromosomeLength,centromere_ABS_Position,centromere_PER_Position,boxNumber,Obj.ID,SC.pass,foci.pass,curated.1pass.0fail,curation.notes,hand.foci.count,Foci1,Foci2,Foci3,notes
29nov16_13nov16_MSM_m2_sp1_1_rev,120,3.5892,0.029892,1,29nov16_13nov16_MSM_m2_sp1_1_rev_1,0,,,,,,,,
29nov16_13nov16_MSM_m2_sp1_1_rev,88,8.7673,0.099618,2,29nov16_13nov16_MSM_m2_sp1_1_rev_2,1,1,1,,2,24,81,,
29nov16_13nov16_MSM_m2_sp1_1_rev,89,4.8546,0.054587,4,29nov16_13nov16_MSM_m2_sp1_1_rev_4,1,0,,,1,64,,,foci doesn't overlap
29nov16_13nov16_MSM_m2_sp1_1_rev,134,21.533,0.1603,6,29nov16_13nov16_MSM_m2_sp1_1_rev_6,0,,,,,,,,
29nov16_13nov16_MSM_m2_sp1_11_rev,64,6.3801,0.099561,2,29nov16_13nov16_MSM_m2_sp1_11_rev_2,0,,,,,,,,
29nov16_13nov16_MSM_m2_sp1_11_rev,95,3.6327,0.038345,5,29nov16_13nov16_MSM_m2_sp1_11_rev_5,1,0,0,,2,40,89,,
29nov16_13nov16_MSM_m2_sp1_11_rev,87,7.5964,0.087271,7,29nov16_13nov16_MSM_m2_sp1_11_rev_7,1,1,1,,1,60,,,
29nov16_13nov16_MSM_m2_sp1_12_rev,54,5.2773,0.098516,2,29nov16_13nov16_MSM_m2_sp1_12_rev_2,1,1,1,,1,45,,,
29nov16_13nov16_MSM_m2_sp1_12_rev,106,6.574,0.061946,4,29nov16_13nov16_MSM_m2_sp1_12_rev_4,1,0,0,,1,59,,,
29nov16_13nov16_MSM_m2_sp1_12_rev,107,6.1424,0.057357,5,29nov16_13nov16_MSM_m2_sp1_12_rev_5,1,0,0,,1,90,,,
29nov16_13nov16_MSM_m2_sp1_12_rev,107,7.0423,0.065854,7,29nov16_13nov16_MSM_m2_sp1_12_rev_7,1,1,1,,2,18,84,,
29nov16_13nov16_MSM_m2_sp1_12_rev,85,7.8634,0.09261,8,29nov16_13nov16_MSM_m2_sp1_12_rev_8,1,1,1,,1,50,,,
29nov16_13nov16_MSM_m2_sp1_13_rev,68,3.8808,0.057045,3,29nov16_13nov16_MSM_m2_sp1_13_rev_3,1,1,1,,1,27,,,
29nov16_13nov16_MSM_m2_sp1_13_rev,85,9.351,0.11043,5,29nov16_13nov16_MSM_m2_sp1_13_rev_5,1,0,0,,2,28,73,,
29nov16_13nov16_MSM_m2_sp1_13_rev,79,7.1771,0.091097,6,29nov16_13nov16_MSM_m2_sp1_13_rev_6,1,0,0,,1,64,,,faint foci near centromere
29nov16_13nov16_MSM_m2_sp1_13_rev,64,3.4862,0.05443,7,29nov16_13nov16_MSM_m2_sp1_13_rev_7,1,1,1,,2,14,55,,
29nov16_13nov16_MSM_m2_sp1_13_rev,116,4.149,0.035657,8,29nov16_13nov16_MSM_m2_sp1_13_rev_8,0,,,,,,,,
29nov16_13nov16_MSM_m2_sp1_13_rev,55,4.9277,0.090307,9,29nov16_13nov16_MSM_m2_sp1_13_rev_9,1,1,1,,1,48,,,
29nov16_13nov16_MSM_m2_sp1_14_rev,53,3.8235,0.071797,4,29nov16_13nov16_MSM_m2_sp1_14_rev_4,0,,,,,,,,
29nov16_13nov16_MSM_m2_sp1_14_rev,76,4.8175,0.06362,5,29nov16_13nov16_MSM_m2_sp1_14_rev_5,1,0,0,,2,16,47,,
29nov16_13nov16_MSM_m2_sp1_14_rev,100,5.2684,0.052473,8,29nov16_13nov16_MSM_m2_sp1_14_rev_8,0,,,,,,,,
29nov16_13nov16_MSM_m2_sp1_17_rev,79,5.9493,0.074855,1,29nov16_13nov16_MSM_m2_sp1_17_rev_1,1,1,1,,1,66,,,
29nov16_13nov16_MSM_m2_sp1_17_rev,94,4.4039,0.04662,3,29nov16_13nov16_MSM_m2_sp1_17_rev_3,0,,,,,,,,
29nov16_13nov16_MSM_m2_sp1_17_rev,132,4.3077,0.032581,4,29nov16_13nov16_MSM_m2_sp1_17_rev_4,0,,,,,,,,
29nov16_13nov16_MSM_m2_sp1_17_rev,64,11.9092,0.18682,5,29nov16_13nov16_MSM_m2_sp1_17_rev_5,0,,,,,,,,
29nov16_13nov16_MSM_m2_sp1_18_rev,66,6.2421,0.094097,1,29nov16_13nov16_MSM_m2_sp1_18_rev_1,1,1,1,,1,28,,,
29nov16_13nov16_MSM_m2_sp1_18_rev,87,4.6013,0.052969,11,29nov16_13nov16_MSM_m2_sp1_18_rev_11,0,,,,,,,,
29nov16_13nov16_MSM_m2_sp1_18_rev,57,4.7271,0.082811,3,29nov16_13nov16_MSM_m2_sp1_18_rev_3,0,,,,,,,,
29nov16_13nov16_MSM_m2_sp1_18_rev,84,3.9214,0.046859,4,29nov16_13nov16_MSM_m2_sp1_18_rev_4,1,1,1,,2,33,63,,
29nov16_13nov16_MSM_m2_sp1_18_rev,72,3.8946,0.054325,5,29nov16_13nov16_MSM_m2_sp1_18_rev_5,1,1,1,,2,17,62,,
29nov16_13nov16_MSM_m2_sp1_18_rev,129,2.5397,0.019626,6,29nov16_13nov16_MSM_m2_sp1_18_rev_6,0,,,,,,,,
29nov16_13nov16_MSM_m2_sp1_18_rev,68,4.3478,0.064406,7,29nov16_13nov16_MSM_m2_sp1_18_rev_7,0,,,,,,,,
29nov16_13nov16_MSM_m2_sp1_2_rev,91,4.4359,0.048495,10,29nov16_13nov16_MSM_m2_sp1_2_rev_10,1,1,1,,2,11,81,,
29nov16_13nov16_MSM_m2_sp1_2_rev,108,5.232,0.048414,4,29nov16_13nov16_MSM_m2_sp1_2_rev_4,1,1,1,,2,34,107,,
29nov16_13nov16_MSM_m2_sp1_2_rev,115,7.1336,0.061801,6,29nov16_13nov16_MSM_m2_sp1_2_rev_6,0,,,,,,,,
29nov16_13nov16_MSM_m2_sp1_2_rev,59,3.8368,0.065222,7,29nov16_13nov16_MSM_m2_sp1_2_rev_7,1,1,1,,1,54,,,
29nov16_13nov16_MSM_m2_sp1_2_rev,155,8.3994,0.05433,8,29nov16_13nov16_MSM_m2_sp1_2_rev_8,0,,,,,,,,
29nov16_13nov16_MSM_m2_sp1_20_rev,105,1.4286,0.013597,4,29nov16_13nov16_MSM_m2_sp1_20_rev_4,1,0,0,,2,23,98,,
29nov16_13nov16_MSM_m2_sp1_20_rev,87,4.5013,0.051832,5,29nov16_13nov16_MSM_m2_sp1_20_rev_5,1,0,0,,1,72,,,
29nov16_13nov16_MSM_m2_sp1_20_rev,89,7.1887,0.080347,6,29nov16_13nov16_MSM_m2_sp1_20_rev_6,1,0,0,,2,18,88,,
29nov16_13nov16_MSM_m2_sp1_21_rev,81,6.3637,0.078347,1,29nov16_13nov16_MSM_m2_sp1_21_rev_1,0,,,,,,,,twisty
29nov16_13nov16_MSM_m2_sp1_21_rev,84,2.0588,0.024596,2,29nov16_13nov16_MSM_m2_sp1_21_rev_2,1,1,1,,2,37,79,,possible duplicate?
29nov16_13nov16_MSM_m2_sp1_21_rev,122,5.7275,0.047086,4,29nov16_13nov16_MSM_m2_sp1_21_rev_4,0,,,,,,,,
29nov16_13nov16_MSM_m2_sp1_21_rev,120,3.2353,0.026983,5,29nov16_13nov16_MSM_m2_sp1_21_rev_5,1,0,0,,1,45,,,
29nov16_13nov16_MSM_m2_sp1_21_rev,56,4.4364,0.078563,6,29nov16_13nov16_MSM_m2_sp1_21_rev_6,0,,,,,,,,
29nov16_13nov16_MSM_m2_sp1_21_rev,58,3.8581,0.066793,7,29nov16_13nov16_MSM_m2_sp1_21_rev_7,0,,,,,,,,
29nov16_13nov16_MSM_m2_sp1_22_rev,75,3.2836,0.04364,2,29nov16_13nov16_MSM_m2_sp1_22_rev_2,0,,,,,,,,
29nov16_13nov16_MSM_m2_sp1_23_rev,60,9.9957,0.16672,1,29nov16_13nov16_MSM_m2_sp1_23_rev_1,0,,,,,,,,
29nov16_13nov16_MSM_m2_sp1_23_rev,59,2.5806,0.043788,3,29nov16_13nov16_MSM_m2_sp1_23_rev_3,1,1,1,,1,33,,,
29nov16_13nov16_MSM_m2_sp1_23_rev,70,5.3985,0.077529,5,29nov16_13nov16_MSM_m2_sp1_23_rev_5,1,0,0,,2,20,65,,
29nov16_13nov16_MSM_m2_sp1_23_rev,87,2.7273,0.031379,8,29nov16_13nov16_MSM_m2_sp1_23_rev_8,1,0,0,,1,42,,,
29nov16_13nov16_MSM_m2_sp1_24_rev,36,6.2177,0.17346,3,29nov16_13nov16_MSM_m2_sp1_24_rev_3,0,,,,,,,,
29nov16_13nov16_MSM_m2_sp1_24_rev,80,5.3404,0.067135,4,29nov16_13nov16_MSM_m2_sp1_24_rev_4,1,1,1,,1,66,,,
29nov16_13nov16_MSM_m2_sp1_25_rev,67,6.603,0.098617,2,29nov16_13nov16_MSM_m2_sp1_25_rev_2,0,,,,,,,,
29nov16_13nov16_MSM_m2_sp1_25_rev,51,3.4798,0.06877,4,29nov16_13nov16_MSM_m2_sp1_25_rev_4,0,,,,,,,,
29nov16_13nov16_MSM_m2_sp1_25_rev,96,5.066,0.052956,5,29nov16_13nov16_MSM_m2_sp1_25_rev_5,0,,,,,,,,
29nov16_13nov16_MSM_m2_sp1_25_rev,69,8.2122,0.1191,7,29nov16_13nov16_MSM_m2_sp1_25_rev_7,0,,,,,,,,
29nov16_13nov16_MSM_m2_sp1_25_rev,120,3.5997,0.030022,9,29nov16_13nov16_MSM_m2_sp1_25_rev_9,0,,,,,,,,
29nov16_13nov16_MSM_m2_sp1_26_rev,157,6.0985,0.038865,1,29nov16_13nov16_MSM_m2_sp1_26_rev_1,0,,,,,,,,
29nov16_13nov16_MSM_m2_sp1_26_rev,88,4.8118,0.054984,10,29nov16_13nov16_MSM_m2_sp1_26_rev_10,0,,,,,,,,
29nov16_13nov16_MSM_m2_sp1_26_rev,116,5.0699,0.043765,3,29nov16_13nov16_MSM_m2_sp1_26_rev_3,1,1,1,,2,23,110,,
29nov16_13nov16_MSM_m2_sp1_26_rev,79,2.3881,0.030125,5,29nov16_13nov16_MSM_m2_sp1_26_rev_5,1,0,0,,2,22,71,,
29nov16_13nov16_MSM_m2_sp1_26_rev,148,6.8171,0.046086,7,29nov16_13nov16_MSM_m2_sp1_26_rev_7,0,,,,,,,,
29nov16_13nov16_MSM_m2_sp1_26_rev,109,5.6669,0.05215,9,29nov16_13nov16_MSM_m2_sp1_26_rev_9,1,0,0,,2,29,97,,
29nov16_13nov16_MSM_m2_sp1_27_rev,108,7.8122,0.072395,3,29nov16_13nov16_MSM_m2_sp1_27_rev_3,1,1,1,,2,35,92,,
29nov16_13nov16_MSM_m2_sp1_4.2_rev,81,3.1405,0.03868,1,29nov16_13nov16_MSM_m2_sp1_4.2_rev_1,1,1,,,3,15,35,75,smaller foci flanking middle
29nov16_13nov16_MSM_m2_sp1_4.2_rev,64,6.3814,0.099527,10,29nov16_13nov16_MSM_m2_sp1_4.2_rev_10,1,0,,,1,45,,,
29nov16_13nov16_MSM_m2_sp1_4.2_rev,80,6.149,0.076566,11,29nov16_13nov16_MSM_m2_sp1_4.2_rev_11,0,,,,,,,,
29nov16_13nov16_MSM_m2_sp1_4.2_rev,112,6.226,0.05564,12,29nov16_13nov16_MSM_m2_sp1_4.2_rev_12,0,,,,,,,,
29nov16_13nov16_MSM_m2_sp1_4.2_rev,78,3.9394,0.050594,3,29nov16_13nov16_MSM_m2_sp1_4.2_rev_3,1,1,,,1,59,,,
29nov16_13nov16_MSM_m2_sp1_4.2_rev,144,3.7681,0.026209,5,29nov16_13nov16_MSM_m2_sp1_4.2_rev_5,0,,,,,,,,
29nov16_13nov16_MSM_m2_sp1_4.2_rev,162,11.5901,0.071656,6,29nov16_13nov16_MSM_m2_sp1_4.2_rev_6,0,,,,,,,,
29nov16_13nov16_MSM_m2_sp1_4.2_rev,115,5.2383,0.045484,9,29nov16_13nov16_MSM_m2_sp1_4.2_rev_9,1,0,,,2,18,111,,
29nov16_13nov16_MSM_m2_sp1_4_rev,81,3.7757,0.046405,1,29nov16_13nov16_MSM_m2_sp1_4_rev_1,,,,,,,,,
29nov16_13nov16_MSM_m2_sp1_4_rev,79,6.5636,0.083609,10,29nov16_13nov16_MSM_m2_sp1_4_rev_10,,,,,,,,,
29nov16_13nov16_MSM_m2_sp1_4_rev,96,6.691,0.069855,16,29nov16_13nov16_MSM_m2_sp1_4_rev_16,,,,,,,,,
29nov16_13nov16_MSM_m2_sp1_4_rev,78,3.3846,0.043596,3,29nov16_13nov16_MSM_m2_sp1_4_rev_3,,,,,,,,,
29nov16_13nov16_MSM_m2_sp1_4_rev,144,4.7071,0.032604,5,29nov16_13nov16_MSM_m2_sp1_4_rev_5,,,,,,,,,
29nov16_13nov16_MSM_m2_sp1_4_rev,64,6.4567,0.10037,9,29nov16_13nov16_MSM_m2_sp1_4_rev_9,,,,,,,,,
29nov16_13nov16_MSM_m2_sp1_5.1_rev,53,6.3835,0.12,2,29nov16_13nov16_MSM_m2_sp1_5.1_rev_2,1,0,0,,,,,,bad foci
29nov16_13nov16_MSM_m2_sp1_5.1_rev,89,5.6057,0.063186,3,29nov16_13nov16_MSM_m2_sp1_5.1_rev_3,1,1,1,,2,29,86,,
29nov16_13nov16_MSM_m2_sp1_5.2_rev,53,2.3729,0.04481,1,29nov16_13nov16_MSM_m2_sp1_5.2_rev_1,,,,,,,,,many cells
29nov16_13nov16_MSM_m2_sp1_5.2_rev,28,4.7059,0.16922,10,29nov16_13nov16_MSM_m2_sp1_5.2_rev_10,,,,,,,,,
29nov16_13nov16_MSM_m2_sp1_5.2_rev,63,5.5385,0.087555,11,29nov16_13nov16_MSM_m2_sp1_5.2_rev_11,,,,,,,,,
29nov16_13nov16_MSM_m2_sp1_5.2_rev,60,1.9355,0.032094,2,29nov16_13nov16_MSM_m2_sp1_5.2_rev_2,,,,,,,,,
29nov16_13nov16_MSM_m2_sp1_5.2_rev,74,3.4921,0.046959,3,29nov16_13nov16_MSM_m2_sp1_5.2_rev_3,1,0,,,1,62,,,
29nov16_13nov16_MSM_m2_sp1_5.2_rev,58,5.1343,0.088958,7,29nov16_13nov16_MSM_m2_sp1_5.2_rev_7,1,1,,,1,44,,,
29nov16_13nov16_MSM_m2_sp1_5_rev,53,6.1754,0.11621,2,29nov16_13nov16_MSM_m2_sp1_5_rev_2,1,0,,,1,10,,,
29nov16_13nov16_MSM_m2_sp1_5_rev,89,6.1549,0.069412,3,29nov16_13nov16_MSM_m2_sp1_5_rev_3,1,1,,,2,29,86,,
29nov16_13nov16_MSM_m2_sp1_5_rev,74,3.7421,0.050755,4,29nov16_13nov16_MSM_m2_sp1_5_rev_4,1,0,,,1,63,,,
29nov16_13nov16_MSM_m2_sp1_5_rev,58,5.0904,0.087208,8,29nov16_13nov16_MSM_m2_sp1_5_rev_8,1,1,,,1,44,,,
29nov16_13nov16_MSM_m2_sp1_6.1_rev,64,2.3529,0.036784,5,29nov16_13nov16_MSM_m2_sp1_6.1_rev_5,0,,,,,,,,
29nov16_13nov16_MSM_m2_sp1_6.2_rev,63,3.0296,0.048437,2,29nov16_13nov16_MSM_m2_sp1_6.2_rev_2,0,,,,,,,,
29nov16_13nov16_MSM_m2_sp1_6_rev,63,3.0298,0.048442,2,29nov16_13nov16_MSM_m2_sp1_6_rev_2,,,,,,,,,
29nov16_13nov16_MSM_m2_sp1_6_rev,63,2.0588,0.032816,6,29nov16_13nov16_MSM_m2_sp1_6_rev_6,,,,,,,,,
29nov16_13nov16_MSM_m2_sp1_7_rev,86,4.5216,0.052389,1,29nov16_13nov16_MSM_m2_sp1_7_rev_1,1,1,1,,2,20,82,,
29nov16_13nov16_MSM_m2_sp1_7_rev,75,5.2073,0.069755,2,29nov16_13nov16_MSM_m2_sp1_7_rev_2,1,1,1,,2,27,66,,
29nov16_13nov16_MSM_m2_sp1_7_rev,81,4.3361,0.053408,4,29nov16_13nov16_MSM_m2_sp1_7_rev_4,1,1,1,,2,31,74,,
29nov16_13nov16_MSM_m2_sp1_7_rev,74,2.6866,0.036362,5,29nov16_13nov16_MSM_m2_sp1_7_rev_5,1,1,1,,1,58,,,
29nov16_13nov16_MSM_m2_sp1_8_rev,86,2.9851,0.03469,2,29nov16_13nov16_MSM_m2_sp1_8_rev_2,1,0,0,,1,42,,,
29nov16_13nov16_MSM_m2_sp1_9_rev,111,5.1515,0.046516,2,29nov16_13nov16_MSM_m2_sp1_9_rev_2,1,1,1,,2,36,99,,
30nov16_13nov16_MSM_m1_sp1_4.1_rev,92,5.0683,0.055157,2,30nov16_13nov16_MSM_m1_sp1_4.1_rev_2,1,0,0,,2,25,81,,
30nov16_13nov16_MSM_m1_sp1_4_rev,31,5.2421,0.16988,2,30nov16_13nov16_MSM_m1_sp1_4_rev_2,0,,,,,,,,
30nov16_13nov16_MSM_m1_sp1_4_rev,59,3.0653,0.052134,4,30nov16_13nov16_MSM_m1_sp1_4_rev_4,1,0,,,1,55,,,
30nov16_13nov16_MSM_m1_sp1_4_rev,92,4.7106,0.051146,6,30nov16_13nov16_MSM_m1_sp1_4_rev_6,1,0,,,2,24,80,,
30nov16_13nov16_MSM_m1_sp1_5_rev,95,2.5397,0.026614,2,30nov16_13nov16_MSM_m1_sp1_5_rev_2,0,,,,,,,,
30nov16_13nov16_MSM_m1_sp1_6_rev,39,6.8736,0.17523,10,30nov16_13nov16_MSM_m1_sp1_6_rev_10,0,,,,,,,,
30nov16_13nov16_MSM_m1_sp1_6_rev,82,3.6923,0.044978,11,30nov16_13nov16_MSM_m1_sp1_6_rev_11,1,0,,,2,24,75,,
30nov16_13nov16_MSM_m1_sp1_6_rev,98,4.7414,0.048287,13,30nov16_13nov16_MSM_m1_sp1_6_rev_13,0,,,,,,,,
30nov16_13nov16_MSM_m1_sp1_6_rev,56,4.6875,0.084302,3,30nov16_13nov16_MSM_m1_sp1_6_rev_3,0,,,,,,,,
30nov16_13nov16_MSM_m1_sp1_6_rev,75,5.8629,0.078411,4,30nov16_13nov16_MSM_m1_sp1_6_rev_4,0,,,,,,,,
30nov16_13nov16_MSM_m1_sp1_6_rev,90,5.056,0.056071,7,30nov16_13nov16_MSM_m1_sp1_6_rev_7,1,1,,,2,16,79,,centromeres reversed
30nov16_13nov16_MSM_m1_sp1_8_rev,101,2.4242,0.02389,2,30nov16_13nov16_MSM_m1_sp1_8_rev_2,1,1,1,,2,18,83,,
30nov16_13nov16_MSM_m1_sp1_8_rev,103,7.7287,0.075231,5,30nov16_13nov16_MSM_m1_sp1_8_rev_5,1,1,1,,1,95,,,
30nov16_13nov16_MSM_m1_sp1_9_rev,56,4.0868,0.072564,4,30nov16_13nov16_MSM_m1_sp1_9_rev_4,0,,,,,,,,
30nov16_13nov16_MSM_m1_sp1_9_rev,89,4.5322,0.051055,5,30nov16_13nov16_MSM_m1_sp1_9_rev_5,1,1,1,,2,47,65,,
30nov16_13nov16_MSM_m1_sp1_9_rev,85,5.5773,0.065394,6,30nov16_13nov16_MSM_m1_sp1_9_rev_6,1,0,0,,1,69,,,faint foci
11feb18_1feb18_MSM_m1_sp1_1_rev,101,5.1832,0.051296,1,,1,0,,,2,34,78,,
11feb18_1feb18_MSM_m1_sp1_1_rev,128,8.6146,0.067221,10,,0,,,,,,,,
11feb18_1feb18_MSM_m1_sp1_1_rev,116,5.1003,0.04411,11,,1,1,,,2,52,110,,
11feb18_1feb18_MSM_m1_sp1_1_rev,88,5.1889,0.058857,13,,1,0,,,1,44,,,
11feb18_1feb18_MSM_m1_sp1_1_rev,103,2.5397,0.024631,14,,1,0,,,2,55,97,,
11feb18_1feb18_MSM_m1_sp1_1_rev,72,5.2566,0.07268,15,,1,0,,,1,50,,,
11feb18_1feb18_MSM_m1_sp1_1_rev,87,2.7273,0.031466,16,,1,0,,,2,15,62,,
11feb18_1feb18_MSM_m1_sp1_1_rev,93,4.5768,0.049008,2,,1,1,,,2,31,86,,
11feb18_1feb18_MSM_m1_sp1_1_rev,103,2.1212,0.020672,4,,1,1,,,3,10,42,89,
11feb18_1feb18_MSM_m1_sp1_1_rev,70,3.7031,0.052534,5,,0,,,,,,,,
11feb18_1feb18_MSM_m1_sp1_1_rev,85,3.5835,0.042408,6,,1,0,,,1,78,,,
11feb18_1feb18_MSM_m1_sp1_1_rev,84,7.2096,0.085892,7,,0,,,,,,,,maybe bad segmentaiton
11feb18_1feb18_MSM_m1_sp1_1_rev,71,3.4286,0.048476,8,,1,0,,,2,16,61,,
11feb18_1feb18_MSM_m1_sp1_1_rev,148,46.5202,0.31405,9,,0,,,,,,,,
11feb18_1feb18_MSM_m1_sp1_10_rev,61,4.4217,0.072556,1,,,,,,,,,,
11feb18_1feb18_MSM_m1_sp1_10_rev,79,3.7985,0.047797,10,,,,,,,,,,
11feb18_1feb18_MSM_m1_sp1_10_rev,74,6.2634,0.084764,12,,,,,,,,,,
11feb18_1feb18_MSM_m1_sp1_10_rev,90,5.9001,0.065647,13,,,,,,,,,,
11feb18_1feb18_MSM_m1_sp1_10_rev,111,3.6734,0.033086,14,,,,,,,,,,
11feb18_1feb18_MSM_m1_sp1_10_rev,74,5.0158,0.068127,15,,,,,,,,,,
11feb18_1feb18_MSM_m1_sp1_10_rev,62,4.0963,0.065808,16,,,,,,,,,,
11feb18_1feb18_MSM_m1_sp1_10_rev,43,7.2843,0.17117,17,,,,,,,,,,
11feb18_1feb18_MSM_m1_sp1_10_rev,72,4.0365,0.055946,18,,,,,,,,,,
11feb18_1feb18_MSM_m1_sp1_10_rev,95,3.2692,0.034441,2,,,,,,,,,,
11feb18_1feb18_MSM_m1_sp1_10_rev,77,4.3405,0.05654,3,,,,,,,,,,
11feb18_1feb18_MSM_m1_sp1_10_rev,85,3.3903,0.040067,4,,,,,,,,,,
11feb18_1feb18_MSM_m1_sp1_10_rev,92,1.1765,0.012761,5,,,,,,,,,,
11feb18_1feb18_MSM_m1_sp1_10_rev,136,2.1212,0.015599,6,,,,,,,,,,
11feb18_1feb18_MSM_m1_sp1_10_rev,68,12.4966,0.18477,7,,,,,,,,,,
11feb18_1feb18_MSM_m1_sp1_10_rev,89,2.1538,0.024334,8,,,,,,,,,,
11feb18_1feb18_MSM_m1_sp1_10_rev,111,4.3326,0.03903,9,,,,,,,,,,
11feb18_1feb18_MSM_m1_sp1_11_rev,103,5.249,0.050736,10,,1,0,,,2,19,95,,
11feb18_1feb18_MSM_m1_sp1_11_rev,76,3.7052,0.048443,11,,1,1,,,2,46,67,,
11feb18_1feb18_MSM_m1_sp1_11_rev,78,2.6087,0.033402,12,,1,1,,,1,8,,,
11feb18_1feb18_MSM_m1_sp1_11_rev,134,5.098,0.03814,13,,1,0,,,1,49,,,
11feb18_1feb18_MSM_m1_sp1_11_rev,106,4.9393,0.046596,14,,1,1,,,2,18,96,,
11feb18_1feb18_MSM_m1_sp1_11_rev,79,25.2525,0.32092,2,,0,,,,,,,,
11feb18_1feb18_MSM_m1_sp1_11_rev,118,3.8769,0.03287,4,,1,1,,,2,13,100,,
11feb18_1feb18_MSM_m1_sp1_11_rev,73,4.9131,0.066855,5,,1,1,,,1,61,,,
11feb18_1feb18_MSM_m1_sp1_11_rev,74,34.6697,0.47062,6,,0,,,,,,,,
11feb18_1feb18_MSM_m1_sp1_11_rev,55,4.352,0.078902,7,,1,1,,,1,48,,,
11feb18_1feb18_MSM_m1_sp1_11_rev,133,4.187,0.031487,8,,1,1,,,2,39,115,,
11feb18_1feb18_MSM_m1_sp1_12.1_rev,100,5.9043,0.059075,1,,,,,,,,,,
11feb18_1feb18_MSM_m1_sp1_12.1_rev,66,5.5945,0.084133,10,,,,,,,,,,
11feb18_1feb18_MSM_m1_sp1_12.1_rev,41,2.973,0.072358,11,,,,,,,,,,
11feb18_1feb18_MSM_m1_sp1_12.1_rev,85,4.7216,0.055661,12,,,,,,,,,,
11feb18_1feb18_MSM_m1_sp1_12.1_rev,48,3.883,0.080635,13,,,,,,,,,,
11feb18_1feb18_MSM_m1_sp1_12.1_rev,100,4.1886,0.042037,14,,,,,,,,,,
11feb18_1feb18_MSM_m1_sp1_12.1_rev,101,6.628,0.06581,15,,,,,,,,,,
11feb18_1feb18_MSM_m1_sp1_12.1_rev,39,0.61538,0.015744,16,,,,,,,,,,
11feb18_1feb18_MSM_m1_sp1_12.1_rev,102,4.6636,0.045775,17,,,,,,,,,,
11feb18_1feb18_MSM_m1_sp1_12.1_rev,110,3.4783,0.031667,18,,,,,,,,,,
11feb18_1feb18_MSM_m1_sp1_12.1_rev,132,4.5795,0.034798,19,,,,,,,,,,
11feb18_1feb18_MSM_m1_sp1_12.1_rev,53,6.5392,0.12432,2,,,,,,,,,,
11feb18_1feb18_MSM_m1_sp1_12.1_rev,103,2.8125,0.027291,20,,,,,,,,,,
11feb18_1feb18_MSM_m1_sp1_12.1_rev,23,5.2076,0.22588,3,,,,,,,,,,
11feb18_1feb18_MSM_m1_sp1_12.1_rev,128,2.1538,0.016848,4,,,,,,,,,,
11feb18_1feb18_MSM_m1_sp1_12.1_rev,111,2.9412,0.026439,5,,,,,,,,,,
11feb18_1feb18_MSM_m1_sp1_12.1_rev,96,6.9309,0.071979,8,,,,,,,,,,
11feb18_1feb18_MSM_m1_sp1_12.1_rev,70,6.7213,0.09632,9,,,,,,,,,,
11feb18_1feb18_MSM_m1_sp1_12.2_rev,80,3.7681,0.04706,1,,,,,,,,,,
11feb18_1feb18_MSM_m1_sp1_12.2_rev,81,40.5419,0.50062,12,,,,,,,,,,
11feb18_1feb18_MSM_m1_sp1_12.2_rev,37,5.334,0.14368,13,,,,,,,,,,
11feb18_1feb18_MSM_m1_sp1_12.2_rev,59,2.7273,0.046297,6,,,,,,,,,,
11feb18_1feb18_MSM_m1_sp1_12.2_rev,108,7.4552,0.068889,7,,,,,,,,,,
11feb18_1feb18_MSM_m1_sp1_12_rev,100,6.3557,0.06372,1,,,,,,,,,,
11feb18_1feb18_MSM_m1_sp1_12_rev,67,6.9903,0.10399,10,,,,,,,,,,
11feb18_1feb18_MSM_m1_sp1_12_rev,41,3.5135,0.085872,11,,,,,,,,,,
11feb18_1feb18_MSM_m1_sp1_12_rev,85,4.1195,0.048509,12,,,,,,,,,,
11feb18_1feb18_MSM_m1_sp1_12_rev,48,3.7399,0.078483,13,,,,,,,,,,
11feb18_1feb18_MSM_m1_sp1_12_rev,99,4.1791,0.042102,14,,,,,,,,,,
11feb18_1feb18_MSM_m1_sp1_12_rev,101,7.1012,0.07041,15,,,,,,,,,,
11feb18_1feb18_MSM_m1_sp1_12_rev,102,4.9576,0.048573,17,,,,,,,,,,
11feb18_1feb18_MSM_m1_sp1_12_rev,110,3.4783,0.031606,18,,,,,,,,,,
11feb18_1feb18_MSM_m1_sp1_12_rev,132,4.5392,0.034464,19,,,,,,,,,,
11feb18_1feb18_MSM_m1_sp1_12_rev,52,5.9795,0.11409,2,,,,,,,,,,
11feb18_1feb18_MSM_m1_sp1_12_rev,103,2.5,0.024303,20,,,,,,,,,,
11feb18_1feb18_MSM_m1_sp1_12_rev,80,3.7794,0.047135,21,,,,,,,,,,
11feb18_1feb18_MSM_m1_sp1_12_rev,77,8.543,0.11162,22,,,,,,,,,,
11feb18_1feb18_MSM_m1_sp1_12_rev,59,3.3846,0.057567,26,,,,,,,,,,
11feb18_1feb18_MSM_m1_sp1_12_rev,24,5.2019,0.22054,3,,,,,,,,,,
11feb18_1feb18_MSM_m1_sp1_12_rev,37,5.737,0.15521,35,,,,,,,,,,
11feb18_1feb18_MSM_m1_sp1_12_rev,127,1.875,0.014717,4,,,,,,,,,,
11feb18_1feb18_MSM_m1_sp1_12_rev,110,2.9412,0.026683,5,,,,,,,,,,
11feb18_1feb18_MSM_m1_sp1_12_rev,96,5.7951,0.06027,8,,,,,,,,,,
11feb18_1feb18_MSM_m1_sp1_12_rev,70,7.3259,0.10499,9,,,,,,,,,,
11feb18_1feb18_MSM_m1_sp1_13.1_rev,159,5.2832,0.033241,1,,0,,,,,,,,
11feb18_1feb18_MSM_m1_sp1_13.1_rev,106,3.7143,0.035188,10,,1,1,,,2,20,72,,
11feb18_1feb18_MSM_m1_sp1_13.1_rev,166,5.2883,0.031891,11,,0,,,,,,,,
11feb18_1feb18_MSM_m1_sp1_13.1_rev,77,3.4338,0.044644,12,,1,,,,,,,,
11feb18_1feb18_MSM_m1_sp1_13.1_rev,77,5.1527,0.066609,13,,1,0,,,2,14,74,,faint foci
11feb18_1feb18_MSM_m1_sp1_13.1_rev,70,4.9675,0.071297,14,,1,1,,,1,58,,,
11feb18_1feb18_MSM_m1_sp1_13.1_rev,118,4.4093,0.03736,15,,1,1,,,2,38,108,,
11feb18_1feb18_MSM_m1_sp1_13.1_rev,83,5.9981,0.072151,2,,0,,,,,,,,
11feb18_1feb18_MSM_m1_sp1_13.1_rev,98,4.4869,0.045805,3,,1,1,,,2,14,79,,
11feb18_1feb18_MSM_m1_sp1_13.1_rev,109,3.0769,0.028217,6,,1,1,,,2,22,101,,
11feb18_1feb18_MSM_m1_sp1_13.1_rev,56,5.0473,0.089422,7,,0,,,,,,,,
11feb18_1feb18_MSM_m1_sp1_13.1_rev,157,3.8806,0.024644,8,,0,,,,,,,,
11feb18_1feb18_MSM_m1_sp1_13.1_rev,83,2.6742,0.032139,9,,1,0,,,2,40,79,,
11feb18_1feb18_MSM_m1_sp1_13.2_rev,68,3.0292,0.044257,1,,1,1,,,1,49,,,
11feb18_1feb18_MSM_m1_sp1_13.2_rev,129,5.2451,0.040737,10,,0,,,,,,,,
11feb18_1feb18_MSM_m1_sp1_13.2_rev,93,4.9971,0.05375,12,,1,1,,,2,25,77,,
11feb18_1feb18_MSM_m1_sp1_13.2_rev,126,31.8862,0.25316,13,,0,,,,,,,,
11feb18_1feb18_MSM_m1_sp1_13.2_rev,75,4.9801,0.066371,3,,0,,,,,,,,
11feb18_1feb18_MSM_m1_sp1_13.2_rev,79,5.1831,0.06522,4,,1,1,,,2,20,70,,
11feb18_1feb18_MSM_m1_sp1_13.2_rev,74,5.7689,0.07818,7,,1,1,,,2,18,66,,
11feb18_1feb18_MSM_m1_sp1_13.2_rev,48,8.9552,0.18786,8,,0,,,,,,,,
11feb18_1feb18_MSM_m1_sp1_13.2_rev,95,5.3438,0.056363,9,,1,1,,,2,22,81,,
11feb18_1feb18_MSM_m1_sp1_13.3_rev,98,3.6419,0.037132,1,,,,,,,,,,
11feb18_1feb18_MSM_m1_sp1_13.3_rev,43,4.3269,0.099892,10,,,,,,,,,,
11feb18_1feb18_MSM_m1_sp1_13.3_rev,118,4.8458,0.04121,11,,,,,,,,,,
11feb18_1feb18_MSM_m1_sp1_13.3_rev,101,3.5332,0.034843,13,,,,,,,,,,
11feb18_1feb18_MSM_m1_sp1_13.3_rev,101,4.8507,0.047905,15,,,,,,,,,,
11feb18_1feb18_MSM_m1_sp1_13.3_rev,85,4.3313,0.051098,16,,,,,,,,,,
11feb18_1feb18_MSM_m1_sp1_13.3_rev,71,4.7205,0.066931,17,,,,,,,,,,
11feb18_1feb18_MSM_m1_sp1_13.3_rev,102,5.4227,0.053096,3,,,,,,,,,,
11feb18_1feb18_MSM_m1_sp1_13.3_rev,56,6.3472,0.1137,5,,,,,,,,,,
11feb18_1feb18_MSM_m1_sp1_13.3_rev,153,69.755,0.45674,7,,,,,,,,,,
11feb18_1feb18_MSM_m1_sp1_13_rev,158,5.2824,0.033399,1,,,,,,,,,,
11feb18_1feb18_MSM_m1_sp1_13_rev,106,3.8304,0.036141,11,,,,,,,,,,
11feb18_1feb18_MSM_m1_sp1_13_rev,102,5.6938,0.055751,12,,,,,,,,,,
11feb18_1feb18_MSM_m1_sp1_13_rev,161,5.0962,0.03171,13,,,,,,,,,,
11feb18_1feb18_MSM_m1_sp1_13_rev,77,3.4027,0.043997,14,,,,,,,,,,
11feb18_1feb18_MSM_m1_sp1_13_rev,78,5.0058,0.064537,15,,,,,,,,,,
11feb18_1feb18_MSM_m1_sp1_13_rev,56,6.45,0.11565,17,,,,,,,,,,
11feb18_1feb18_MSM_m1_sp1_13_rev,70,4.5647,0.065488,19,,,,,,,,,,
11feb18_1feb18_MSM_m1_sp1_13_rev,83,6.4404,0.077947,2,,,,,,,,,,
11feb18_1feb18_MSM_m1_sp1_13_rev,117,4.3099,0.03669,20,,,,,,,,,,
11feb18_1feb18_MSM_m1_sp1_13_rev,154,71.1416,0.46345,21,,,,,,,,,,
11feb18_1feb18_MSM_m1_sp1_13_rev,69,3.9904,0.057913,24,,,,,,,,,,
11feb18_1feb18_MSM_m1_sp1_13_rev,43,4.3128,0.099161,25,,,,,,,,,,
11feb18_1feb18_MSM_m1_sp1_13_rev,53,16.9872,0.31803,26,,,,,,,,,,
11feb18_1feb18_MSM_m1_sp1_13_rev,118,4.8005,0.040745,27,,,,,,,,,,
11feb18_1feb18_MSM_m1_sp1_13_rev,97,4.133,0.042631,3,,,,,,,,,,
11feb18_1feb18_MSM_m1_sp1_13_rev,75,4.908,0.065628,30,,,,,,,,,,
11feb18_1feb18_MSM_m1_sp1_13_rev,80,5.743,0.071978,32,,,,,,,,,,
11feb18_1feb18_MSM_m1_sp1_13_rev,139,3.9286,0.028265,33,,,,,,,,,,
11feb18_1feb18_MSM_m1_sp1_13_rev,83,7.9638,0.096004,34,,,,,,,,,,
11feb18_1feb18_MSM_m1_sp1_13_rev,101,5.0522,0.049975,35,,,,,,,,,,
11feb18_1feb18_MSM_m1_sp1_13_rev,74,5.8171,0.078676,36,,,,,,,,,,
11feb18_1feb18_MSM_m1_sp1_13_rev,84,4.2977,0.050933,38,,,,,,,,,,
11feb18_1feb18_MSM_m1_sp1_13_rev,71,4.9718,0.070472,39,,,,,,,,,,
11feb18_1feb18_MSM_m1_sp1_13_rev,60,4.5252,0.075275,40,,,,,,,,,,
11feb18_1feb18_MSM_m1_sp1_13_rev,95,5.8079,0.061013,41,,,,,,,,,,
11feb18_1feb18_MSM_m1_sp1_13_rev,148,3.0631,0.020629,42,,,,,,,,,,
11feb18_1feb18_MSM_m1_sp1_13_rev,93,5.497,0.058842,44,,,,,,,,,,
11feb18_1feb18_MSM_m1_sp1_13_rev,126,31.5107,0.24962,45,,,,,,,,,,
11feb18_1feb18_MSM_m1_sp1_13_rev,109,3.3846,0.031136,5,,,,,,,,,,
11feb18_1feb18_MSM_m1_sp1_13_rev,56,4.6958,0.084063,6,,,,,,,,,,
11feb18_1feb18_MSM_m1_sp1_13_rev,84,3.0303,0.036282,8,,,,,,,,,,
11feb18_1feb18_MSM_m1_sp1_13_rev,98,4.1442,0.042262,9,,,,,,,,,,
11feb18_1feb18_MSM_m1_sp1_14_rev,84,4.3308,0.051259,1,,,,,,,,,,
11feb18_1feb18_MSM_m1_sp1_14_rev,71,3.3333,0.0469,10,,,,,,,,,,
11feb18_1feb18_MSM_m1_sp1_14_rev,108,5.5566,0.051493,11,,,,,,,,,,
11feb18_1feb18_MSM_m1_sp1_14_rev,117,8.0124,0.068655,12,,,,,,,,,,
11feb18_1feb18_MSM_m1_sp1_14_rev,59,5.61,0.095131,13,,,,,,,,,,
11feb18_1feb18_MSM_m1_sp1_14_rev,92,10.7452,0.11723,14,,,,,,,,,,
11feb18_1feb18_MSM_m1_sp1_14_rev,33,2.2535,0.068358,15,,,,,,,,,,
11feb18_1feb18_MSM_m1_sp1_14_rev,61,8.1551,0.13474,16,,,,,,,,,,
11feb18_1feb18_MSM_m1_sp1_14_rev,132,2.9202,0.022063,2,,,,,,,,,,
11feb18_1feb18_MSM_m1_sp1_14_rev,108,3.328,0.030712,4,,,,,,,,,,
11feb18_1feb18_MSM_m1_sp1_14_rev,87,3.662,0.042215,6,,,,,,,,,,
11feb18_1feb18_MSM_m1_sp1_14_rev,146,2.7131,0.018564,8,,,,,,,,,,
11feb18_1feb18_MSM_m1_sp1_14_rev,101,5.5425,0.055137,9,,,,,,,,,,
11feb18_1feb18_MSM_m1_sp1_15_rev,73,2.3881,0.032787,1,,,,,,,,,,
11feb18_1feb18_MSM_m1_sp1_15_rev,199,3.2258,0.016212,15,,,,,,,,,,
11feb18_1feb18_MSM_m1_sp1_15_rev,31,4.8071,0.15427,17,,,,,,,,,,
11feb18_1feb18_MSM_m1_sp1_15_rev,114,26.9718,0.2357,18,,,,,,,,,,
11feb18_1feb18_MSM_m1_sp1_15_rev,29,3.6303,0.12451,3,,,,,,,,,,
11feb18_1feb18_MSM_m1_sp1_15_rev,104,4.887,0.047181,5,,,,,,,,,,
11feb18_1feb18_MSM_m1_sp1_15_rev,25,5.2486,0.20729,7,,,,,,,,,,
11feb18_1feb18_MSM_m1_sp1_15_rev,97,4.39,0.045253,8,,,,,,,,,,
11feb18_1feb18_MSM_m1_sp1_15_rev,52,18.0858,0.34951,9,,,,,,,,,,
11feb18_1feb18_MSM_m1_sp1_16.1_rev,65,4.148,0.063468,1,,,,,,,,,,
11feb18_1feb18_MSM_m1_sp1_16.1_rev,43,6.8902,0.15966,12,,,,,,,,,,
11feb18_1feb18_MSM_m1_sp1_16.1_rev,185,5.9381,0.032163,13,,,,,,,,,,
11feb18_1feb18_MSM_m1_sp1_16.1_rev,62,31.6411,0.51137,14,,,,,,,,,,
11feb18_1feb18_MSM_m1_sp1_16.1_rev,35,4.7238,0.13668,19,,,,,,,,,,
11feb18_1feb18_MSM_m1_sp1_16.1_rev,30,11.1431,0.36927,20,,,,,,,,,,
11feb18_1feb18_MSM_m1_sp1_16.1_rev,36,6.3264,0.17546,21,,,,,,,,,,
11feb18_1feb18_MSM_m1_sp1_16.1_rev,43,5.8261,0.1369,22,,,,,,,,,,
11feb18_1feb18_MSM_m1_sp1_16.1_rev,77,4.1436,0.053679,3,,,,,,,,,,
11feb18_1feb18_MSM_m1_sp1_16.1_rev,21,4.5018,0.21043,4,,,,,,,,,,
11feb18_1feb18_MSM_m1_sp1_16.1_rev,29,4.1879,0.14446,6,,,,,,,,,,
11feb18_1feb18_MSM_m1_sp1_16.1_rev,59,5.1357,0.086914,8,,,,,,,,,,
11feb18_1feb18_MSM_m1_sp1_16.2_rev,68,3.5833,0.05237,10,,,,,,,,,,
11feb18_1feb18_MSM_m1_sp1_16.2_rev,82,4.8247,0.058826,11,,,,,,,,,,
11feb18_1feb18_MSM_m1_sp1_16.2_rev,168,43.6885,0.25938,12,,,,,,,,,,
11feb18_1feb18_MSM_m1_sp1_16.2_rev,113,6.1454,0.054363,13,,,,,,,,,,
11feb18_1feb18_MSM_m1_sp1_16.2_rev,88,2.3396,0.026528,14,,,,,,,,,,
11feb18_1feb18_MSM_m1_sp1_16.2_rev,85,5.2608,0.061744,15,,,,,,,,,,
11feb18_1feb18_MSM_m1_sp1_16.2_rev,84,5.1995,0.0618,16,,,,,,,,,,
11feb18_1feb18_MSM_m1_sp1_16.2_rev,26,4.4981,0.17329,18,,,,,,,,,,
11feb18_1feb18_MSM_m1_sp1_16.2_rev,57,2.623,0.04642,3,,,,,,,,,,
11feb18_1feb18_MSM_m1_sp1_16.2_rev,111,3.3333,0.029975,4,,,,,,,,,,
11feb18_1feb18_MSM_m1_sp1_16.2_rev,101,4.2698,0.042378,5,,,,,,,,,,
11feb18_1feb18_MSM_m1_sp1_16.2_rev,84,4.168,0.049838,6,,,,,,,,,,
11feb18_1feb18_MSM_m1_sp1_16.2_rev,83,2.4242,0.029281,7,,,,,,,,,,
11feb18_1feb18_MSM_m1_sp1_16.2_rev,64,2.1875,0.034062,8,,,,,,,,,,
11feb18_1feb18_MSM_m1_sp1_16.2_rev,140,4.3226,0.03098,9,,,,,,,,,,
11feb18_1feb18_MSM_m1_sp1_16.3_rev,81,3.6364,0.044876,1,,,,,,,,,,
11feb18_1feb18_MSM_m1_sp1_16.3_rev,103,5.5413,0.053759,10,,,,,,,,,,
11feb18_1feb18_MSM_m1_sp1_16.3_rev,104,5.1199,0.049407,11,,,,,,,,,,
11feb18_1feb18_MSM_m1_sp1_16.3_rev,88,5.2832,0.060028,12,,,,,,,,,,
11feb18_1feb18_MSM_m1_sp1_16.3_rev,84,3.5821,0.042876,14,,,,,,,,,,
11feb18_1feb18_MSM_m1_sp1_16.3_rev,149,2.0588,0.013813,15,,,,,,,,,,
11feb18_1feb18_MSM_m1_sp1_16.3_rev,101,4.3214,0.042636,16,,,,,,,,,,
11feb18_1feb18_MSM_m1_sp1_16.3_rev,52,2.7692,0.05281,17,,,,,,,,,,
11feb18_1feb18_MSM_m1_sp1_16.3_rev,69,3.0303,0.04381,2,,,,,,,,,,
11feb18_1feb18_MSM_m1_sp1_16.3_rev,21,1.4088,0.067424,4,,,,,,,,,,
11feb18_1feb18_MSM_m1_sp1_16.3_rev,69,2.7273,0.039616,6,,,,,,,,,,
11feb18_1feb18_MSM_m1_sp1_16.3_rev,83,1.8462,0.022255,7,,,,,,,,,,
11feb18_1feb18_MSM_m1_sp1_16.3_rev,90,6.3297,0.070015,8,,,,,,,,,,
11feb18_1feb18_MSM_m1_sp1_16.3_rev,91,4.0651,0.04467,9,,,,,,,,,,
11feb18_1feb18_MSM_m1_sp1_16_rev,26,4.6819,0.18313,12,,,,,,,,,,
11feb18_1feb18_MSM_m1_sp1_16_rev,81,39.5413,0.4903,14,,,,,,,,,,
11feb18_1feb18_MSM_m1_sp1_16_rev,77,4.7386,0.061624,17,,,,,,,,,,
11feb18_1feb18_MSM_m1_sp1_16_rev,56,2.623,0.0465,20,,,,,,,,,,
11feb18_1feb18_MSM_m1_sp1_16_rev,112,3.0303,0.026994,21,,,,,,,,,,
11feb18_1feb18_MSM_m1_sp1_16_rev,84,4.9583,0.058991,24,,,,,,,,,,
11feb18_1feb18_MSM_m1_sp1_16_rev,59,4.5695,0.077051,25,,,,,,,,,,
11feb18_1feb18_MSM_m1_sp1_16_rev,82,2.4242,0.029533,26,,,,,,,,,,
11feb18_1feb18_MSM_m1_sp1_16_rev,64,25.7856,0.40168,27,,,,,,,,,,
11feb18_1feb18_MSM_m1_sp1_16_rev,139,4.3255,0.031024,28,,,,,,,,,,
11feb18_1feb18_MSM_m1_sp1_16_rev,44,5.1084,0.11539,30,,,,,,,,,,
11feb18_1feb18_MSM_m1_sp1_16_rev,33,1.7647,0.05338,32,,,,,,,,,,
11feb18_1feb18_MSM_m1_sp1_16_rev,182,6.3298,0.034853,33,,,,,,,,,,
11feb18_1feb18_MSM_m1_sp1_16_rev,68,3.5833,0.052488,34,,,,,,,,,,
11feb18_1feb18_MSM_m1_sp1_16_rev,62,31.8401,0.51472,35,,,,,,,,,,
11feb18_1feb18_MSM_m1_sp1_16_rev,82,4.8236,0.058526,36,,,,,,,,,,
11feb18_1feb18_MSM_m1_sp1_16_rev,113,6.3396,0.056086,38,,,,,,,,,,
11feb18_1feb18_MSM_m1_sp1_16_rev,88,3.0434,0.034403,39,,,,,,,,,,
11feb18_1feb18_MSM_m1_sp1_16_rev,59,7.3109,0.12416,4,,,,,,,,,,
11feb18_1feb18_MSM_m1_sp1_16_rev,35,2.8986,0.083809,40,,,,,,,,,,
11feb18_1feb18_MSM_m1_sp1_16_rev,87,5.6632,0.065141,42,,,,,,,,,,
11feb18_1feb18_MSM_m1_sp1_16_rev,84,5.4473,0.064899,43,,,,,,,,,,
11feb18_1feb18_MSM_m1_sp1_16_rev,37,10.7245,0.2922,51,,,,,,,,,,
11feb18_1feb18_MSM_m1_sp1_16_rev,43,0.35355,0.0082565,52,,,,,,,,,,
11feb18_1feb18_MSM_m1_sp1_16_rev,71,3.0303,0.042926,53,,,,,,,,,,
11feb18_1feb18_MSM_m1_sp1_16_rev,103,4.7903,0.046496,54,,,,,,,,,,
11feb18_1feb18_MSM_m1_sp1_16_rev,83,2.7692,0.033189,55,,,,,,,,,,
11feb18_1feb18_MSM_m1_sp1_16_rev,50,5.0083,0.10085,57,,,,,,,,,,
11feb18_1feb18_MSM_m1_sp1_16_rev,31,9.1596,0.29558,6,,,,,,,,,,
11feb18_1feb18_MSM_m1_sp1_16_rev,103,5.5426,0.053639,61,,,,,,,,,,
11feb18_1feb18_MSM_m1_sp1_16_rev,102,5.0237,0.049473,62,,,,,,,,,,
11feb18_1feb18_MSM_m1_sp1_16_rev,100,0.28571,0.0028484,63,,,,,,,,,,
11feb18_1feb18_MSM_m1_sp1_16_rev,84,3.5821,0.042608,64,,,,,,,,,,
11feb18_1feb18_MSM_m1_sp1_16_rev,116,2.5565,0.021991,65,,,,,,,,,,
11feb18_1feb18_MSM_m1_sp1_16_rev,63,18.2254,0.29126,9,,,,,,,,,,
11feb18_1feb18_MSM_m1_sp1_17_rev,97,4.5985,0.047257,10,,,,,,,,,,
11feb18_1feb18_MSM_m1_sp1_17_rev,96,5.7671,0.060171,12,,,,,,,,,,
11feb18_1feb18_MSM_m1_sp1_17_rev,124,8.8859,0.071495,13,,,,,,,,,,
11feb18_1feb18_MSM_m1_sp1_17_rev,95,6.3473,0.066844,14,,,,,,,,,,
11feb18_1feb18_MSM_m1_sp1_17_rev,117,4,0.034325,3,,,,,,,,,,
11feb18_1feb18_MSM_m1_sp1_17_rev,60,5.9301,0.0996,5,,,,,,,,,,
11feb18_1feb18_MSM_m1_sp1_17_rev,69,0.92308,0.013448,9,,,,,,,,,,
11feb18_1feb18_MSM_m1_sp1_18_rev,134,4.5375,0.033845,1,,,,,,,,,,
11feb18_1feb18_MSM_m1_sp1_18_rev,101,2.9032,0.028862,10,,,,,,,,,,
11feb18_1feb18_MSM_m1_sp1_18_rev,80,3.0303,0.037772,11,,,,,,,,,,
11feb18_1feb18_MSM_m1_sp1_18_rev,92,3.5821,0.038991,12,,,,,,,,,,
11feb18_1feb18_MSM_m1_sp1_18_rev,84,3.713,0.043957,13,,,,,,,,,,
11feb18_1feb18_MSM_m1_sp1_18_rev,82,7.4027,0.089853,14,,,,,,,,,,
11feb18_1feb18_MSM_m1_sp1_18_rev,109,4.6041,0.042213,15,,,,,,,,,,
11feb18_1feb18_MSM_m1_sp1_18_rev,80,8.7395,0.10978,2,,,,,,,,,,
11feb18_1feb18_MSM_m1_sp1_18_rev,157,3.7897,0.024095,5,,,,,,,,,,
11feb18_1feb18_MSM_m1_sp1_18_rev,93,3.6923,0.039493,6,,,,,,,,,,
11feb18_1feb18_MSM_m1_sp1_18_rev,120,4.0625,0.033919,7,,,,,,,,,,
11feb18_1feb18_MSM_m1_sp1_18_rev,69,4.3512,0.063116,8,,,,,,,,,,
11feb18_1feb18_MSM_m1_sp1_18_rev,57,3.7769,0.066058,9,,,,,,,,,,
11feb18_1feb18_MSM_m1_sp1_19_rev,118,3.9354,0.033479,1,,,,,,,,,,
11feb18_1feb18_MSM_m1_sp1_19_rev,82,5.9052,0.071584,10,,,,,,,,,,
11feb18_1feb18_MSM_m1_sp1_19_rev,33,6.9664,0.20943,11,,,,,,,,,,
11feb18_1feb18_MSM_m1_sp1_19_rev,89,7.3201,0.081871,12,,,,,,,,,,
11feb18_1feb18_MSM_m1_sp1_19_rev,101,3.6807,0.036445,2,,,,,,,,,,
11feb18_1feb18_MSM_m1_sp1_19_rev,110,5.4831,0.04993,3,,,,,,,,,,
11feb18_1feb18_MSM_m1_sp1_19_rev,120,2.7273,0.022767,5,,,,,,,,,,
11feb18_1feb18_MSM_m1_sp1_19_rev,105,5.5037,0.05224,6,,,,,,,,,,
11feb18_1feb18_MSM_m1_sp1_19_rev,81,4.1469,0.051152,7,,,,,,,,,,
11feb18_1feb18_MSM_m1_sp1_19_rev,94,42.5202,0.45043,9,,,,,,,,,,
11feb18_1feb18_MSM_m1_sp1_2.1_rev,53,5.0761,0.096298,1,,,,,,,,,,
11feb18_1feb18_MSM_m1_sp1_2.1_rev,74,5.7108,0.077181,10,,,,,,,,,,
11feb18_1feb18_MSM_m1_sp1_2.1_rev,61,5.0315,0.081963,4,,,,,,,,,,
11feb18_1feb18_MSM_m1_sp1_2.1_rev,70,1.9048,0.027318,5,,,,,,,,,,
11feb18_1feb18_MSM_m1_sp1_2.1_rev,67,4.3899,0.065666,7,,,,,,,,,,
11feb18_1feb18_MSM_m1_sp1_2.2_rev,106,3.0769,0.029006,10,,,,,,,,,,
11feb18_1feb18_MSM_m1_sp1_2.2_rev,53,5.8501,0.10963,11,,,,,,,,,,
11feb18_1feb18_MSM_m1_sp1_2.2_rev,97,24.6119,0.25331,12,,,,,,,,,,
11feb18_1feb18_MSM_m1_sp1_2.2_rev,61,4.8056,0.079046,13,,,,,,,,,,
11feb18_1feb18_MSM_m1_sp1_2.2_rev,23,9.3719,0.39963,4,,,,,,,,,,
11feb18_1feb18_MSM_m1_sp1_2.2_rev,58,12.0971,0.20908,6,,,,,,,,,,
11feb18_1feb18_MSM_m1_sp1_2.2_rev,99,11.4668,0.11545,7,,,,,,,,,,
11feb18_1feb18_MSM_m1_sp1_2.2_rev,93,4.3981,0.04727,8,,,,,,,,,,
11feb18_1feb18_MSM_m1_sp1_2_rev,53,5.4695,0.10282,1,,,,,,,,,,
11feb18_1feb18_MSM_m1_sp1_2_rev,74,5.3233,0.071919,10,,,,,,,,,,
11feb18_1feb18_MSM_m1_sp1_2_rev,21,2.8738,0.13926,12,,,,,,,,,,
11feb18_1feb18_MSM_m1_sp1_2_rev,23,9.3718,0.39963,18,,,,,,,,,,
11feb18_1feb18_MSM_m1_sp1_2_rev,102,11.93,0.11728,21,,,,,,,,,,
11feb18_1feb18_MSM_m1_sp1_2_rev,57,10.9479,0.19173,22,,,,,,,,,,
11feb18_1feb18_MSM_m1_sp1_2_rev,88,37.6065,0.42839,23,,,,,,,,,,
11feb18_1feb18_MSM_m1_sp1_2_rev,93,4.0679,0.043686,25,,,,,,,,,,
11feb18_1feb18_MSM_m1_sp1_2_rev,107,2.4615,0.02311,27,,,,,,,,,,
11feb18_1feb18_MSM_m1_sp1_2_rev,27,4.1324,0.15338,28,,,,,,,,,,
11feb18_1feb18_MSM_m1_sp1_2_rev,53,5.851,0.11008,29,,,,,,,,,,
11feb18_1feb18_MSM_m1_sp1_2_rev,23,2.029,0.088818,30,,,,,,,,,,
11feb18_1feb18_MSM_m1_sp1_2_rev,97,25.038,0.25727,31,,,,,,,,,,
11feb18_1feb18_MSM_m1_sp1_2_rev,61,4.8066,0.079236,32,,,,,,,,,,
11feb18_1feb18_MSM_m1_sp1_2_rev,61,5.669,0.093522,4,,,,,,,,,,
11feb18_1feb18_MSM_m1_sp1_2_rev,70,1.9048,0.027393,5,,,,,,,,,,
11feb18_1feb18_MSM_m1_sp1_2_rev,67,4.7953,0.071956,7,,,,,,,,,,
11feb18_1feb18_MSM_m1_sp1_20_rev,102,5.8026,0.056646,1,,,,,,,,,,
11feb18_1feb18_MSM_m1_sp1_20_rev,97,5.7432,0.059407,10,,,,,,,,,,
11feb18_1feb18_MSM_m1_sp1_20_rev,63,7.6232,0.12162,11,,,,,,,,,,
11feb18_1feb18_MSM_m1_sp1_20_rev,101,5.4334,0.053884,12,,,,,,,,,,
11feb18_1feb18_MSM_m1_sp1_20_rev,63,7.7607,0.12318,13,,,,,,,,,,
11feb18_1feb18_MSM_m1_sp1_20_rev,121,2.5714,0.021302,2,,,,,,,,,,
11feb18_1feb18_MSM_m1_sp1_20_rev,70,3.9574,0.056246,4,,,,,,,,,,
11feb18_1feb18_MSM_m1_sp1_20_rev,149,6.0796,0.040926,6,,,,,,,,,,
11feb18_1feb18_MSM_m1_sp1_20_rev,100,2.3529,0.023433,9,,,,,,,,,,
11feb18_1feb18_MSM_m1_sp1_21.1_rev,93,6.6055,0.070661,1,,,,,,,,,,
11feb18_1feb18_MSM_m1_sp1_21.1_rev,109,6.1132,0.055995,12,,,,,,,,,,
11feb18_1feb18_MSM_m1_sp1_21.1_rev,98,6.4785,0.066231,2,,,,,,,,,,
11feb18_1feb18_MSM_m1_sp1_21.1_rev,55,2.7119,0.049343,4,,,,,,,,,,
11feb18_1feb18_MSM_m1_sp1_21.1_rev,224,3.6364,0.016241,5,,,,,,,,,,
11feb18_1feb18_MSM_m1_sp1_21.1_rev,121,3.1746,0.026231,6,,,,,,,,,,
11feb18_1feb18_MSM_m1_sp1_21.1_rev,108,4.0625,0.037602,7,,,,,,,,,,
11feb18_1feb18_MSM_m1_sp1_21.1_rev,93,6.2987,0.068037,8,,,,,,,,,,
11feb18_1feb18_MSM_m1_sp1_21.1_rev,139,5.7406,0.041276,9,,,,,,,,,,
11feb18_1feb18_MSM_m1_sp1_21.2_rev,82,5.0843,0.062366,1,,,,,,,,,,
11feb18_1feb18_MSM_m1_sp1_21.2_rev,59,6.4516,0.10847,10,,,,,,,,,,
11feb18_1feb18_MSM_m1_sp1_21.2_rev,91,18.6337,0.20494,12,,,,,,,,,,
11feb18_1feb18_MSM_m1_sp1_21.2_rev,103,3.3846,0.032987,5,,,,,,,,,,
11feb18_1feb18_MSM_m1_sp1_21.2_rev,97,6.033,0.062068,7,,,,,,,,,,
11feb18_1feb18_MSM_m1_sp1_21_rev,95,6.3384,0.067061,1,,,,,,,,,,
11feb18_1feb18_MSM_m1_sp1_21_rev,82,5.1465,0.063131,12,,,,,,,,,,
11feb18_1feb18_MSM_m1_sp1_21_rev,106,6.5156,0.061194,13,,,,,,,,,,
11feb18_1feb18_MSM_m1_sp1_21_rev,111,19.8725,0.17978,15,,,,,,,,,,
11feb18_1feb18_MSM_m1_sp1_21_rev,100,3.7427,0.037375,18,,,,,,,,,,
11feb18_1feb18_MSM_m1_sp1_21_rev,98,7.1446,0.072937,2,,,,,,,,,,
11feb18_1feb18_MSM_m1_sp1_21_rev,118,3.3846,0.028681,22,,,,,,,,,,
11feb18_1feb18_MSM_m1_sp1_21_rev,104,2.7692,0.026693,23,,,,,,,,,,
11feb18_1feb18_MSM_m1_sp1_21_rev,60,24.3016,0.40779,28,,,,,,,,,,
11feb18_1feb18_MSM_m1_sp1_21_rev,51,22.3724,0.43786,30,,,,,,,,,,
11feb18_1feb18_MSM_m1_sp1_21_rev,55,5.7678,0.10483,4,,,,,,,,,,
11feb18_1feb18_MSM_m1_sp1_21_rev,224,3.6364,0.016248,5,,,,,,,,,,
11feb18_1feb18_MSM_m1_sp1_21_rev,121,2.8571,0.023629,6,,,,,,,,,,
11feb18_1feb18_MSM_m1_sp1_21_rev,108,3.75,0.034785,7,,,,,,,,,,
11feb18_1feb18_MSM_m1_sp1_21_rev,92,5.8921,0.063885,8,,,,,,,,,,
11feb18_1feb18_MSM_m1_sp1_21_rev,140,5.02,0.035984,9,,,,,,,,,,
11feb18_1feb18_MSM_m1_sp1_3.1_rev,77,5.4933,0.07156,1,,,,,,,,,,
11feb18_1feb18_MSM_m1_sp1_3.1_rev,91,4.231,0.046255,10,,,,,,,,,,
11feb18_1feb18_MSM_m1_sp1_3.1_rev,97,5.188,0.053717,11,,,,,,,,,,
11feb18_1feb18_MSM_m1_sp1_3.1_rev,104,4.5654,0.043828,12,,,,,,,,,,
11feb18_1feb18_MSM_m1_sp1_3.1_rev,134,3.125,0.023287,13,,,,,,,,,,
11feb18_1feb18_MSM_m1_sp1_3.1_rev,95,5.5899,0.05887,14,,,,,,,,,,
11feb18_1feb18_MSM_m1_sp1_3.1_rev,170,4.2015,0.024676,4,,,,,,,,,,
11feb18_1feb18_MSM_m1_sp1_3.1_rev,98,4.03,0.041211,5,,,,,,,,,,
11feb18_1feb18_MSM_m1_sp1_3.1_rev,79,3.8534,0.048873,6,,,,,,,,,,
11feb18_1feb18_MSM_m1_sp1_3.1_rev,118,4.0994,0.034598,7,,,,,,,,,,
11feb18_1feb18_MSM_m1_sp1_3.1_rev,80,4.0607,0.050929,8,,,,,,,,,,
11feb18_1feb18_MSM_m1_sp1_3.1_rev,106,4.7724,0.044928,9,,,,,,,,,,
11feb18_1feb18_MSM_m1_sp1_3.2_rev,100,4.8443,0.048396,1,,,,,,,,,,
11feb18_1feb18_MSM_m1_sp1_3.2_rev,116,4.3208,0.037256,10,,,,,,,,,,
11feb18_1feb18_MSM_m1_sp1_3.2_rev,79,6.2484,0.079208,11,,,,,,,,,,
11feb18_1feb18_MSM_m1_sp1_3.2_rev,67,4.1696,0.061864,12,,,,,,,,,,
11feb18_1feb18_MSM_m1_sp1_3.2_rev,110,4.6442,0.042149,13,,,,,,,,,,
11feb18_1feb18_MSM_m1_sp1_3.2_rev,98,5.9404,0.060471,14,,,,,,,,,,
11feb18_1feb18_MSM_m1_sp1_3.2_rev,90,3.7052,0.041001,3,,,,,,,,,,
11feb18_1feb18_MSM_m1_sp1_3.2_rev,115,3.7042,0.03211,5,,,,,,,,,,
11feb18_1feb18_MSM_m1_sp1_3.2_rev,86,3.8875,0.045426,6,,,,,,,,,,
11feb18_1feb18_MSM_m1_sp1_3.2_rev,81,5.0867,0.06304,7,,,,,,,,,,
11feb18_1feb18_MSM_m1_sp1_3.2_rev,87,3.5484,0.040663,8,,,,,,,,,,
11feb18_1feb18_MSM_m1_sp1_3.2_rev,77,2.8081,0.036262,9,,,,,,,,,,
11feb18_1feb18_MSM_m1_sp1_3_rev,77,5.7412,0.074843,1,,,,,,,,,,
11feb18_1feb18_MSM_m1_sp1_3_rev,92,4.086,0.044638,10,,,,,,,,,,
11feb18_1feb18_MSM_m1_sp1_3_rev,96,5.2956,0.055345,11,,,,,,,,,,
11feb18_1feb18_MSM_m1_sp1_3_rev,135,2.8125,0.020908,13,,,,,,,,,,
11feb18_1feb18_MSM_m1_sp1_3_rev,101,6.194,0.061375,14,,,,,,,,,,
11feb18_1feb18_MSM_m1_sp1_3_rev,86,4.9307,0.057042,15,,,,,,,,,,
11feb18_1feb18_MSM_m1_sp1_3_rev,95,5.5417,0.058042,16,,,,,,,,,,
11feb18_1feb18_MSM_m1_sp1_3_rev,91,3.6745,0.040533,17,,,,,,,,,,
11feb18_1feb18_MSM_m1_sp1_3_rev,115,3.2862,0.028528,19,,,,,,,,,,
11feb18_1feb18_MSM_m1_sp1_3_rev,85,4.3454,0.050864,20,,,,,,,,,,
11feb18_1feb18_MSM_m1_sp1_3_rev,80,4.7159,0.058826,21,,,,,,,,,,
11feb18_1feb18_MSM_m1_sp1_3_rev,88,3.1746,0.036093,22,,,,,,,,,,
11feb18_1feb18_MSM_m1_sp1_3_rev,78,3.3168,0.042695,23,,,,,,,,,,
11feb18_1feb18_MSM_m1_sp1_3_rev,116,3.6096,0.031091,24,,,,,,,,,,
11feb18_1feb18_MSM_m1_sp1_3_rev,79,6.4597,0.081634,25,,,,,,,,,,
11feb18_1feb18_MSM_m1_sp1_3_rev,69,5.7462,0.083652,26,,,,,,,,,,
11feb18_1feb18_MSM_m1_sp1_3_rev,47,3.8235,0.081367,29,,,,,,,,,,
11feb18_1feb18_MSM_m1_sp1_3_rev,169,3.9497,0.023383,4,,,,,,,,,,
11feb18_1feb18_MSM_m1_sp1_3_rev,96,1.2121,0.012602,5,,,,,,,,,,
11feb18_1feb18_MSM_m1_sp1_3_rev,80,3.7448,0.047049,6,,,,,,,,,,
11feb18_1feb18_MSM_m1_sp1_3_rev,118,4.1674,0.035225,7,,,,,,,,,,
11feb18_1feb18_MSM_m1_sp1_3_rev,80,4.2083,0.052463,8,,,,,,,,,,
11feb18_1feb18_MSM_m1_sp1_3_rev,106,4.5658,0.043049,9,,,,,,,,,,
11feb18_1feb18_MSM_m1_sp1_4_rev,58,5.1917,0.089825,1,,,,,,,,,,
11feb18_1feb18_MSM_m1_sp1_4_rev,110,5.3968,0.048871,11,,,,,,,,,,
11feb18_1feb18_MSM_m1_sp1_4_rev,104,3.2313,0.031155,12,,,,,,,,,,
11feb18_1feb18_MSM_m1_sp1_4_rev,94,5.98,0.063847,2,,,,,,,,,,
11feb18_1feb18_MSM_m1_sp1_4_rev,105,4.5576,0.043272,3,,,,,,,,,,
11feb18_1feb18_MSM_m1_sp1_4_rev,76,5.3316,0.07022,5,,,,,,,,,,
11feb18_1feb18_MSM_m1_sp1_4_rev,89,4.5579,0.05097,7,,,,,,,,,,
11feb18_1feb18_MSM_m1_sp1_5.1_rev,74,6.7669,0.091025,1,,,,,,,,,,
11feb18_1feb18_MSM_m1_sp1_5.1_rev,38,10.3706,0.27007,10,,,,,,,,,,
11feb18_1feb18_MSM_m1_sp1_5.1_rev,88,35.4063,0.4037,12,,,,,,,,,,
11feb18_1feb18_MSM_m1_sp1_5.1_rev,95,6.738,0.070809,13,,,,,,,,,,
11feb18_1feb18_MSM_m1_sp1_5.1_rev,52,4.7733,0.092005,14,,,,,,,,,,
11feb18_1feb18_MSM_m1_sp1_5.1_rev,36,4.9734,0.13956,15,,,,,,,,,,
11feb18_1feb18_MSM_m1_sp1_5.1_rev,93,5.2345,0.056542,2,,,,,,,,,,
11feb18_1feb18_MSM_m1_sp1_5.1_rev,90,4.9297,0.054908,3,,,,,,,,,,
11feb18_1feb18_MSM_m1_sp1_5.1_rev,32,1.2308,0.03894,5,,,,,,,,,,
11feb18_1feb18_MSM_m1_sp1_5.1_rev,79,5.592,0.070864,6,,,,,,,,,,
11feb18_1feb18_MSM_m1_sp1_5.1_rev,115,30.8263,0.26717,7,,,,,,,,,,
11feb18_1feb18_MSM_m1_sp1_5.1_rev,149,3.2234,0.021635,8,,,,,,,,,,
11feb18_1feb18_MSM_m1_sp1_5.1_rev,38,14.1546,0.37521,9,,,,,,,,,,
11feb18_1feb18_MSM_m1_sp1_5.2_rev,40,3.871,0.09631,11,,,,,,,,,,
11feb18_1feb18_MSM_m1_sp1_5.2_rev,74,5.3054,0.07168,12,,,,,,,,,,
11feb18_1feb18_MSM_m1_sp1_5.2_rev,88,13.1384,0.14924,14,,,,,,,,,,
11feb18_1feb18_MSM_m1_sp1_5.2_rev,63,5.8966,0.093735,15,,,,,,,,,,
11feb18_1feb18_MSM_m1_sp1_5.2_rev,81,4.9776,0.061532,2,,,,,,,,,,
11feb18_1feb18_MSM_m1_sp1_5.2_rev,90,6.1779,0.068934,3,,,,,,,,,,
11feb18_1feb18_MSM_m1_sp1_5.2_rev,67,26.8676,0.40067,4,,,,,,,,,,
11feb18_1feb18_MSM_m1_sp1_5.2_rev,63,3.6297,0.057651,5,,,,,,,,,,
11feb18_1feb18_MSM_m1_sp1_5.2_rev,65,5.1887,0.080092,6,,,,,,,,,,
11feb18_1feb18_MSM_m1_sp1_5.2_rev,156,5.2215,0.033558,9,,,,,,,,,,
11feb18_1feb18_MSM_m1_sp1_5_rev,74,6.9946,0.094581,1,,,,,,,,,,
11feb18_1feb18_MSM_m1_sp1_5_rev,38,10.1397,0.27019,10,,,,,,,,,,
11feb18_1feb18_MSM_m1_sp1_5_rev,95,7.0353,0.07403,13,,,,,,,,,,
11feb18_1feb18_MSM_m1_sp1_5_rev,52,5.1224,0.098114,14,,,,,,,,,,
11feb18_1feb18_MSM_m1_sp1_5_rev,81,4.5116,0.055762,16,,,,,,,,,,
11feb18_1feb18_MSM_m1_sp1_5_rev,90,7.2625,0.080664,17,,,,,,,,,,
11feb18_1feb18_MSM_m1_sp1_5_rev,61,2.5352,0.041229,19,,,,,,,,,,
11feb18_1feb18_MSM_m1_sp1_5_rev,93,4.7727,0.05144,2,,,,,,,,,,
11feb18_1feb18_MSM_m1_sp1_5_rev,65,5.2672,0.08125,20,,,,,,,,,,
11feb18_1feb18_MSM_m1_sp1_5_rev,156,5.4952,0.035298,23,,,,,,,,,,
11feb18_1feb18_MSM_m1_sp1_5_rev,40,3.4921,0.087539,25,,,,,,,,,,
11feb18_1feb18_MSM_m1_sp1_5_rev,74,5.1623,0.069583,26,,,,,,,,,,
11feb18_1feb18_MSM_m1_sp1_5_rev,64,5.6875,0.088414,29,,,,,,,,,,
11feb18_1feb18_MSM_m1_sp1_5_rev,89,5.2945,0.059323,3,,,,,,,,,,
11feb18_1feb18_MSM_m1_sp1_5_rev,55,9.6875,0.17712,31,,,,,,,,,,
11feb18_1feb18_MSM_m1_sp1_5_rev,79,5.5914,0.071086,6,,,,,,,,,,
11feb18_1feb18_MSM_m1_sp1_5_rev,116,30.5907,0.26454,7,,,,,,,,,,
11feb18_1feb18_MSM_m1_sp1_5_rev,149,3.4162,0.022944,8,,,,,,,,,,
11feb18_1feb18_MSM_m1_sp1_5_rev,39,14.85,0.38505,9,,,,,,,,,,
11feb18_1feb18_MSM_m1_sp1_6_rev,109,4.9891,0.045693,1,,,,,,,,,,
11feb18_1feb18_MSM_m1_sp1_6_rev,101,3.5135,0.034885,11,,,,,,,,,,
11feb18_1feb18_MSM_m1_sp1_6_rev,84,7.9173,0.094638,12,,,,,,,,,,
11feb18_1feb18_MSM_m1_sp1_6_rev,112,5.5138,0.049029,14,,,,,,,,,,
11feb18_1feb18_MSM_m1_sp1_6_rev,109,3.7842,0.034867,15,,,,,,,,,,
11feb18_1feb18_MSM_m1_sp1_6_rev,92,4.0332,0.043878,16,,,,,,,,,,
11feb18_1feb18_MSM_m1_sp1_6_rev,106,3.5294,0.03335,2,,,,,,,,,,
11feb18_1feb18_MSM_m1_sp1_6_rev,123,7.31,0.05967,3,,,,,,,,,,
11feb18_1feb18_MSM_m1_sp1_6_rev,93,8.3272,0.089443,6,,,,,,,,,,
11feb18_1feb18_MSM_m1_sp1_6_rev,64,0.31746,0.0049989,7,,,,,,,,,,
11feb18_1feb18_MSM_m1_sp1_7_rev,29,8.0612,0.28139,10,,,,,,,,,,
11feb18_1feb18_MSM_m1_sp1_7_rev,52,0.29412,0.0056747,11,,,,,,,,,,
11feb18_1feb18_MSM_m1_sp1_7_rev,36,1.7956,0.04989,12,,,,,,,,,,
11feb18_1feb18_MSM_m1_sp1_7_rev,110,3.4921,0.031887,15,,,,,,,,,,
11feb18_1feb18_MSM_m1_sp1_7_rev,133,3.8806,0.029078,17,,,,,,,,,,
11feb18_1feb18_MSM_m1_sp1_7_rev,103,2.3881,0.02315,18,,,,,,,,,,
11feb18_1feb18_MSM_m1_sp1_7_rev,115,3.3333,0.029072,19,,,,,,,,,,
11feb18_1feb18_MSM_m1_sp1_7_rev,45,5.6472,0.12488,2,,,,,,,,,,
11feb18_1feb18_MSM_m1_sp1_7_rev,116,6.5456,0.056222,3,,,,,,,,,,
11feb18_1feb18_MSM_m1_sp1_7_rev,97,1.9048,0.019687,4,,,,,,,,,,
11feb18_1feb18_MSM_m1_sp1_7_rev,154,3.8859,0.025252,5,,,,,,,,,,
11feb18_1feb18_MSM_m1_sp1_7_rev,158,62.8689,0.39896,6,,,,,,,,,,
11feb18_1feb18_MSM_m1_sp1_7_rev,113,3.2836,0.029091,7,,,,,,,,,,
11feb18_1feb18_MSM_m1_sp1_7_rev,57,2.6976,0.046979,9,,,,,,,,,,
11feb18_1feb18_MSM_m1_sp1_8_rev,121,3.0303,0.025139,1,,,,,,,,,,
11feb18_1feb18_MSM_m1_sp1_8_rev,86,6.0182,0.070254,11,,,,,,,,,,
11feb18_1feb18_MSM_m1_sp1_8_rev,192,5.145,0.026755,12,,,,,,,,,,
11feb18_1feb18_MSM_m1_sp1_8_rev,112,6.9365,0.061698,2,,,,,,,,,,
11feb18_1feb18_MSM_m1_sp1_8_rev,97,5.9567,0.061482,4,,,,,,,,,,
11feb18_1feb18_MSM_m1_sp1_8_rev,102,7.5909,0.074527,5,,,,,,,,,,
11feb18_1feb18_MSM_m1_sp1_8_rev,101,3.125,0.031028,7,,,,,,,,,,
11feb18_1feb18_MSM_m1_sp1_8_rev,99,1.5873,0.016062,8,,,,,,,,,,
11feb18_1feb18_MSM_m1_sp1_8_rev,127,4.1309,0.032645,9,,,,,,,,,,
11feb18_1feb18_MSM_m1_sp1_9_rev,52,5.0224,0.095948,10,,,,,,,,,,
11feb18_1feb18_MSM_m1_sp1_9_rev,62,6.9624,0.11144,11,,,,,,,,,,
11feb18_1feb18_MSM_m1_sp1_9_rev,38,4.0993,0.10708,12,,,,,,,,,,
11feb18_1feb18_MSM_m1_sp1_9_rev,80,8.254,0.10369,13,,,,,,,,,,
11feb18_1feb18_MSM_m1_sp1_9_rev,52,7.7737,0.14859,2,,,,,,,,,,
11feb18_1feb18_MSM_m1_sp1_9_rev,62,1.7647,0.028376,7,,,,,,,,,,
11feb18_1feb18_MSM_m1_sp1_9_rev,33,4.0446,0.12082,9,,,,,,,,,,
27oct16_31aug16_MSM_m1_sp1_10_rev,121,2.6866,0.022161,1,,0,,,,,,,,
27oct16_31aug16_MSM_m1_sp1_10_rev,118,5.0656,0.04281,3,,0,,,,,,,,
27oct16_31aug16_MSM_m1_sp1_10_rev,120,2.8615,0.023912,5,,1,0,,,2,32,103,,
27oct16_31aug16_MSM_m1_sp1_10_rev,217,7.0673,0.032626,7,,0,,,,,,,,
27oct16_31aug16_MSM_m1_sp1_10_rev,96,5.439,0.056656,8,,1,0,,,1,57,,,
27oct16_31aug16_MSM_m1_sp1_11_rev,67,4.058,0.060233,1,,,,,,,,,,
27oct16_31aug16_MSM_m1_sp1_11_rev,146,42.2167,0.28904,10,,,,,,,,,,
27oct16_31aug16_MSM_m1_sp1_11_rev,96,2.1538,0.022488,11,,,,,,,,,,
27oct16_31aug16_MSM_m1_sp1_11_rev,96,4.9407,0.051566,12,,,,,,,,,,
27oct16_31aug16_MSM_m1_sp1_11_rev,106,8.8324,0.083115,13,,,,,,,,,,
27oct16_31aug16_MSM_m1_sp1_11_rev,100,1.4925,0.014861,14,,,,,,,,,,
27oct16_31aug16_MSM_m1_sp1_11_rev,93,5.7049,0.061523,15,,,,,,,,,,
27oct16_31aug16_MSM_m1_sp1_11_rev,87,4.626,0.053005,16,,,,,,,,,,
27oct16_31aug16_MSM_m1_sp1_11_rev,47,4.4623,0.094703,17,,,,,,,,,,
27oct16_31aug16_MSM_m1_sp1_11_rev,73,3.5767,0.048812,18,,,,,,,,,,
27oct16_31aug16_MSM_m1_sp1_11_rev,69,4.7946,0.06993,3,,,,,,,,,,
27oct16_31aug16_MSM_m1_sp1_11_rev,101,1.7647,0.017486,4,,,,,,,,,,
27oct16_31aug16_MSM_m1_sp1_11_rev,64,3.9393,0.06172,5,,,,,,,,,,
27oct16_31aug16_MSM_m1_sp1_11_rev,120,1.9355,0.016124,6,,,,,,,,,,
27oct16_31aug16_MSM_m1_sp1_11_rev,88,5.472,0.06212,7,,,,,,,,,,
27oct16_31aug16_MSM_m1_sp1_11_rev,73,2.0588,0.028073,8,,,,,,,,,,
27oct16_31aug16_MSM_m1_sp1_11_rev,102,3.5319,0.034571,9,,,,,,,,,,
27oct16_31aug16_MSM_m1_sp1_12.1_rev,70,4.4772,0.063563,2,,,,,,,,,,
27oct16_31aug16_MSM_m1_sp1_12.1_rev,86,4.8136,0.056206,3,,,,,,,,,,
27oct16_31aug16_MSM_m1_sp1_12.1_rev,88,4.4827,0.051082,5,,,,,,,,,,
27oct16_31aug16_MSM_m1_sp1_12.1_rev,110,3.9387,0.035707,6,,,,,,,,,,
27oct16_31aug16_MSM_m1_sp1_12.1_rev,84,3.4263,0.040645,7,,,,,,,,,,
27oct16_31aug16_MSM_m1_sp1_12.1_rev,110,23.7544,0.21602,8,,,,,,,,,,
27oct16_31aug16_MSM_m1_sp1_12.1_rev,103,2.6087,0.025427,9,,,,,,,,,,
27oct16_31aug16_MSM_m1_sp1_12_rev,45,5.3968,0.11932,10,,,,,,,,,,
27oct16_31aug16_MSM_m1_sp1_12_rev,103,2.029,0.01971,11,,,,,,,,,,
27oct16_31aug16_MSM_m1_sp1_12_rev,42,13.2069,0.31665,12,,,,,,,,,,
27oct16_31aug16_MSM_m1_sp1_12_rev,56,10.7792,0.1922,13,,,,,,,,,,
27oct16_31aug16_MSM_m1_sp1_12_rev,25,0.625,0.025303,14,,,,,,,,,,
27oct16_31aug16_MSM_m1_sp1_12_rev,68,5.1342,0.075582,16,,,,,,,,,,
27oct16_31aug16_MSM_m1_sp1_12_rev,30,5.5793,0.18898,18,,,,,,,,,,
27oct16_31aug16_MSM_m1_sp1_12_rev,71,4.2806,0.060336,2,,,,,,,,,,
27oct16_31aug16_MSM_m1_sp1_12_rev,40,4.9011,0.12134,20,,,,,,,,,,
27oct16_31aug16_MSM_m1_sp1_12_rev,56,5.0217,0.089543,21,,,,,,,,,,
27oct16_31aug16_MSM_m1_sp1_12_rev,86,4.5636,0.053242,3,,,,,,,,,,
27oct16_31aug16_MSM_m1_sp1_12_rev,88,3.826,0.043678,5,,,,,,,,,,
27oct16_31aug16_MSM_m1_sp1_12_rev,111,4.4805,0.04054,6,,,,,,,,,,
27oct16_31aug16_MSM_m1_sp1_12_rev,84,3.1429,0.037264,7,,,,,,,,,,
27oct16_31aug16_MSM_m1_sp1_12_rev,109,23.7572,0.2174,8,,,,,,,,,,
27oct16_31aug16_MSM_m1_sp1_13_rev,90,5.0708,0.056395,1,,,,,,,,,,
27oct16_31aug16_MSM_m1_sp1_13_rev,66,3.7283,0.05672,10,,,,,,,,,,
27oct16_31aug16_MSM_m1_sp1_13_rev,46,2.623,0.057396,11,,,,,,,,,,
27oct16_31aug16_MSM_m1_sp1_13_rev,118,23.6326,0.1995,12,,,,,,,,,,
27oct16_31aug16_MSM_m1_sp1_13_rev,113,4.1957,0.037077,13,,,,,,,,,,
27oct16_31aug16_MSM_m1_sp1_13_rev,73,3.3112,0.045378,14,,,,,,,,,,
27oct16_31aug16_MSM_m1_sp1_13_rev,83,34.2778,0.41096,16,,,,,,,,,,
27oct16_31aug16_MSM_m1_sp1_13_rev,76,5.3077,0.070064,17,,,,,,,,,,
27oct16_31aug16_MSM_m1_sp1_13_rev,90,5.6945,0.062929,18,,,,,,,,,,
27oct16_31aug16_MSM_m1_sp1_13_rev,68,5.1267,0.075333,19,,,,,,,,,,
27oct16_31aug16_MSM_m1_sp1_13_rev,82,4.1563,0.050614,2,,,,,,,,,,
27oct16_31aug16_MSM_m1_sp1_13_rev,108,1.8145,0.016862,3,,,,,,,,,,
27oct16_31aug16_MSM_m1_sp1_13_rev,84,2.8986,0.034681,4,,,,,,,,,,
27oct16_31aug16_MSM_m1_sp1_13_rev,72,4.967,0.068959,5,,,,,,,,,,
27oct16_31aug16_MSM_m1_sp1_13_rev,93,1.6667,0.017993,6,,,,,,,,,,
27oct16_31aug16_MSM_m1_sp1_13_rev,80,4.6355,0.057736,7,,,,,,,,,,
27oct16_31aug16_MSM_m1_sp1_13_rev,104,5.0098,0.04795,8,,,,,,,,,,
27oct16_31aug16_MSM_m1_sp1_13_rev,113,3.6808,0.032502,9,,,,,,,,,,
27oct16_31aug16_MSM_m1_sp1_14_rev,67,0.29851,0.0044469,1,,,,,,,,,,
27oct16_31aug16_MSM_m1_sp1_14_rev,49,18.8779,0.3845,10,,,,,,,,,,
27oct16_31aug16_MSM_m1_sp1_14_rev,105,45.6877,0.43557,11,,,,,,,,,,
27oct16_31aug16_MSM_m1_sp1_14_rev,115,58.7072,0.50893,13,,,,,,,,,,
27oct16_31aug16_MSM_m1_sp1_14_rev,62,10.6543,0.17072,3,,,,,,,,,,
27oct16_31aug16_MSM_m1_sp1_14_rev,107,30.1439,0.28064,5,,,,,,,,,,
27oct16_31aug16_MSM_m1_sp1_14_rev,84,9.9468,0.11855,9,,,,,,,,,,
27oct16_31aug16_MSM_m1_sp1_15.1_rev,98,3.6923,0.037614,1,,,,,,,,,,
27oct16_31aug16_MSM_m1_sp1_15.1_rev,121,6.0814,0.050057,10,,,,,,,,,,
27oct16_31aug16_MSM_m1_sp1_15.1_rev,58,4.588,0.079206,11,,,,,,,,,,
27oct16_31aug16_MSM_m1_sp1_15.1_rev,55,6.0736,0.11098,12,,,,,,,,,,
27oct16_31aug16_MSM_m1_sp1_15.1_rev,62,5.7772,0.093344,2,,,,,,,,,,
27oct16_31aug16_MSM_m1_sp1_15.1_rev,89,3.7681,0.042262,5,,,,,,,,,,
27oct16_31aug16_MSM_m1_sp1_15.1_rev,79,3.5294,0.044502,6,,,,,,,,,,
27oct16_31aug16_MSM_m1_sp1_15.1_rev,211,3.8283,0.018127,7,,,,,,,,,,
27oct16_31aug16_MSM_m1_sp1_15.1_rev,109,5.1634,0.047228,9,,,,,,,,,,
27oct16_31aug16_MSM_m1_sp1_15.2_rev,117,4.5351,0.038695,1,,,,,,,,,,
27oct16_31aug16_MSM_m1_sp1_15.2_rev,59,4.5508,0.077535,11,,,,,,,,,,
27oct16_31aug16_MSM_m1_sp1_15.2_rev,96,4.894,0.051019,2,,,,,,,,,,
27oct16_31aug16_MSM_m1_sp1_15.2_rev,109,4.1869,0.038348,3,,,,,,,,,,
27oct16_31aug16_MSM_m1_sp1_15.2_rev,118,4.4291,0.03766,4,,,,,,,,,,
27oct16_31aug16_MSM_m1_sp1_15.2_rev,118,3.6923,0.031386,8,,,,,,,,,,
27oct16_31aug16_MSM_m1_sp1_15.2_rev,151,2.0707,0.013753,9,,,,,,,,,,
27oct16_31aug16_MSM_m1_sp1_15.3_rev,90,4.5881,0.050968,1,,,,,,,,,,
27oct16_31aug16_MSM_m1_sp1_15.3_rev,72,3.6923,0.051611,10,,,,,,,,,,
27oct16_31aug16_MSM_m1_sp1_15.3_rev,56,3.3333,0.05949,12,,,,,,,,,,
27oct16_31aug16_MSM_m1_sp1_15.3_rev,109,3.9394,0.0363,13,,,,,,,,,,
27oct16_31aug16_MSM_m1_sp1_15.3_rev,102,5.9327,0.05813,2,,,,,,,,,,
27oct16_31aug16_MSM_m1_sp1_15.3_rev,86,4.694,0.054361,3,,,,,,,,,,
27oct16_31aug16_MSM_m1_sp1_15.3_rev,96,29.0859,0.30393,4,,,,,,,,,,
27oct16_31aug16_MSM_m1_sp1_15.3_rev,90,3.7221,0.041371,5,,,,,,,,,,
27oct16_31aug16_MSM_m1_sp1_15.3_rev,53,3.807,0.071558,7,,,,,,,,,,
27oct16_31aug16_MSM_m1_sp1_15.3_rev,132,3.0001,0.022711,8,,,,,,,,,,
27oct16_31aug16_MSM_m1_sp1_15.4_rev,131,5.1261,0.039215,10,,,,,,,,,,
27oct16_31aug16_MSM_m1_sp1_15.4_rev,91,3.8338,0.042134,11,,,,,,,,,,
27oct16_31aug16_MSM_m1_sp1_15.4_rev,80,4.6946,0.059023,12,,,,,,,,,,
27oct16_31aug16_MSM_m1_sp1_15.4_rev,40,2.7397,0.068993,13,,,,,,,,,,
27oct16_31aug16_MSM_m1_sp1_15.4_rev,94,3.1429,0.033388,14,,,,,,,,,,
27oct16_31aug16_MSM_m1_sp1_15.4_rev,104,4.9929,0.047898,15,,,,,,,,,,
27oct16_31aug16_MSM_m1_sp1_15.4_rev,125,4.2177,0.033807,16,,,,,,,,,,
27oct16_31aug16_MSM_m1_sp1_15.4_rev,82,4.1791,0.050901,17,,,,,,,,,,
27oct16_31aug16_MSM_m1_sp1_15.4_rev,60,4.3767,0.073179,18,,,,,,,,,,
27oct16_31aug16_MSM_m1_sp1_15.4_rev,60,8.1537,0.13572,19,,,,,,,,,,
27oct16_31aug16_MSM_m1_sp1_15.4_rev,74,3.6996,0.050058,20,,,,,,,,,,
27oct16_31aug16_MSM_m1_sp1_15.4_rev,100,3.125,0.031205,21,,,,,,,,,,
27oct16_31aug16_MSM_m1_sp1_15.4_rev,116,6.6667,0.0574,23,,,,,,,,,,
27oct16_31aug16_MSM_m1_sp1_15.4_rev,92,4.8058,0.052215,24,,,,,,,,,,
27oct16_31aug16_MSM_m1_sp1_15.4_rev,113,5.5395,0.049195,25,,,,,,,,,,
27oct16_31aug16_MSM_m1_sp1_15.4_rev,78,8.1934,0.10571,26,,,,,,,,,,
27oct16_31aug16_MSM_m1_sp1_15.4_rev,64,0.3125,0.0048709,27,,,,,,,,,,
27oct16_31aug16_MSM_m1_sp1_15.4_rev,94,3.8556,0.041051,28,,,,,,,,,,
27oct16_31aug16_MSM_m1_sp1_15.4_rev,97,5.4895,0.056779,3,,,,,,,,,,
27oct16_31aug16_MSM_m1_sp1_15.4_rev,121,3.63,0.029989,4,,,,,,,,,,
27oct16_31aug16_MSM_m1_sp1_15.4_rev,72,2.6755,0.037173,5,,,,,,,,,,
27oct16_31aug16_MSM_m1_sp1_15.4_rev,98,3.8848,0.039472,6,,,,,,,,,,
27oct16_31aug16_MSM_m1_sp1_15.4_rev,102,5.8891,0.057902,7,,,,,,,,,,
27oct16_31aug16_MSM_m1_sp1_15.4_rev,128,2.4615,0.019294,8,,,,,,,,,,
27oct16_31aug16_MSM_m1_sp1_15_rev,98,3.0769,0.031388,1,,,,,,,,,,
27oct16_31aug16_MSM_m1_sp1_15_rev,118,4.7825,0.040661,10,,,,,,,,,,
27oct16_31aug16_MSM_m1_sp1_15_rev,58,4.6343,0.080351,11,,,,,,,,,,
27oct16_31aug16_MSM_m1_sp1_15_rev,96,4.8921,0.050891,12,,,,,,,,,,
27oct16_31aug16_MSM_m1_sp1_15_rev,54,6.1002,0.11269,13,,,,,,,,,,
27oct16_31aug16_MSM_m1_sp1_15_rev,135,3.3333,0.02475,14,,,,,,,,,,
27oct16_31aug16_MSM_m1_sp1_15_rev,110,4.5393,0.041421,15,,,,,,,,,,
27oct16_31aug16_MSM_m1_sp1_15_rev,96,6.6617,0.069329,16,,,,,,,,,,
27oct16_31aug16_MSM_m1_sp1_15_rev,118,4.1791,0.035552,18,,,,,,,,,,
27oct16_31aug16_MSM_m1_sp1_15_rev,61,5.4986,0.089581,2,,,,,,,,,,
27oct16_31aug16_MSM_m1_sp1_15_rev,94,3.4336,0.036477,20,,,,,,,,,,
27oct16_31aug16_MSM_m1_sp1_15_rev,77,2.8168,0.036445,21,,,,,,,,,,
27oct16_31aug16_MSM_m1_sp1_15_rev,53,3.0197,0.057376,24,,,,,,,,,,
27oct16_31aug16_MSM_m1_sp1_15_rev,68,10.5425,0.15616,25,,,,,,,,,,
27oct16_31aug16_MSM_m1_sp1_15_rev,90,4.1639,0.046284,27,,,,,,,,,,
27oct16_31aug16_MSM_m1_sp1_15_rev,102,5.6271,0.055109,28,,,,,,,,,,
27oct16_31aug16_MSM_m1_sp1_15_rev,118,3.3846,0.028706,29,,,,,,,,,,
27oct16_31aug16_MSM_m1_sp1_15_rev,86,4.5464,0.052622,30,,,,,,,,,,
27oct16_31aug16_MSM_m1_sp1_15_rev,84,3.125,0.03742,31,,,,,,,,,,
27oct16_31aug16_MSM_m1_sp1_15_rev,122,3.8991,0.031874,33,,,,,,,,,,
27oct16_31aug16_MSM_m1_sp1_15_rev,84,4.3903,0.051985,35,,,,,,,,,,
27oct16_31aug16_MSM_m1_sp1_15_rev,90,4.0852,0.045612,36,,,,,,,,,,
27oct16_31aug16_MSM_m1_sp1_15_rev,71,5.1045,0.072289,38,,,,,,,,,,
27oct16_31aug16_MSM_m1_sp1_15_rev,89,3.7681,0.042369,4,,,,,,,,,,
27oct16_31aug16_MSM_m1_sp1_15_rev,58,4.7586,0.081914,40,,,,,,,,,,
27oct16_31aug16_MSM_m1_sp1_15_rev,55,3.8488,0.069503,41,,,,,,,,,,
27oct16_31aug16_MSM_m1_sp1_15_rev,80,5.1357,0.063901,42,,,,,,,,,,
27oct16_31aug16_MSM_m1_sp1_15_rev,96,6.6111,0.06859,43,,,,,,,,,,
27oct16_31aug16_MSM_m1_sp1_15_rev,53,3.613,0.067949,44,,,,,,,,,,
27oct16_31aug16_MSM_m1_sp1_15_rev,42,1.4925,0.035426,45,,,,,,,,,,
27oct16_31aug16_MSM_m1_sp1_15_rev,97,5.0219,0.051518,46,,,,,,,,,,
27oct16_31aug16_MSM_m1_sp1_15_rev,122,3.42,0.028115,48,,,,,,,,,,
27oct16_31aug16_MSM_m1_sp1_15_rev,79,2.9412,0.037142,5,,,,,,,,,,
27oct16_31aug16_MSM_m1_sp1_15_rev,72,3.3846,0.047208,53,,,,,,,,,,
27oct16_31aug16_MSM_m1_sp1_15_rev,81,6.0451,0.074275,55,,,,,,,,,,
27oct16_31aug16_MSM_m1_sp1_15_rev,98,4.3864,0.044825,56,,,,,,,,,,
27oct16_31aug16_MSM_m1_sp1_15_rev,101,4.992,0.049198,58,,,,,,,,,,
27oct16_31aug16_MSM_m1_sp1_15_rev,76,8.8549,0.11599,59,,,,,,,,,,
27oct16_31aug16_MSM_m1_sp1_15_rev,207,3.7899,0.018297,6,,,,,,,,,,
27oct16_31aug16_MSM_m1_sp1_15_rev,129,2.7692,0.021486,60,,,,,,,,,,
27oct16_31aug16_MSM_m1_sp1_15_rev,134,5.7356,0.04269,63,,,,,,,,,,
27oct16_31aug16_MSM_m1_sp1_15_rev,56,3.9332,0.0704,64,,,,,,,,,,
27oct16_31aug16_MSM_m1_sp1_15_rev,92,4.6495,0.050795,65,,,,,,,,,,
27oct16_31aug16_MSM_m1_sp1_15_rev,79,4.6491,0.05863,66,,,,,,,,,,
27oct16_31aug16_MSM_m1_sp1_15_rev,90,5.2702,0.058333,68,,,,,,,,,,
27oct16_31aug16_MSM_m1_sp1_15_rev,94,2.8571,0.03045,69,,,,,,,,,,
27oct16_31aug16_MSM_m1_sp1_15_rev,105,4.9319,0.046902,70,,,,,,,,,,
27oct16_31aug16_MSM_m1_sp1_15_rev,125,4.6139,0.036804,71,,,,,,,,,,
27oct16_31aug16_MSM_m1_sp1_15_rev,75,5.3835,0.072077,72,,,,,,,,,,
27oct16_31aug16_MSM_m1_sp1_15_rev,109,3.8881,0.035515,73,,,,,,,,,,
27oct16_31aug16_MSM_m1_sp1_15_rev,82,4.8388,0.059366,74,,,,,,,,,,
27oct16_31aug16_MSM_m1_sp1_15_rev,60,3.7954,0.063604,75,,,,,,,,,,
27oct16_31aug16_MSM_m1_sp1_15_rev,158,4.0811,0.025803,77,,,,,,,,,,
27oct16_31aug16_MSM_m1_sp1_15_rev,104,3.6923,0.035542,78,,,,,,,,,,
27oct16_31aug16_MSM_m1_sp1_15_rev,74,4.2949,0.058189,79,,,,,,,,,,
27oct16_31aug16_MSM_m1_sp1_15_rev,109,4.782,0.043825,8,,,,,,,,,,
27oct16_31aug16_MSM_m1_sp1_15_rev,96,4.1692,0.043485,80,,,,,,,,,,
27oct16_31aug16_MSM_m1_sp1_15_rev,100,4.2889,0.042913,81,,,,,,,,,,
27oct16_31aug16_MSM_m1_sp1_15_rev,116,5.5882,0.048166,83,,,,,,,,,,
27oct16_31aug16_MSM_m1_sp1_15_rev,92,3.1746,0.034466,84,,,,,,,,,,
27oct16_31aug16_MSM_m1_sp1_15_rev,95,3.7681,0.039816,89,,,,,,,,,,
27oct16_31aug16_MSM_m1_sp1_15_rev,122,5.7891,0.047532,9,,,,,,,,,,
27oct16_31aug16_MSM_m1_sp1_17.1_rev,84,4.4038,0.052205,1,,,,,,,,,,
27oct16_31aug16_MSM_m1_sp1_17.1_rev,134,3.4432,0.025741,10,,,,,,,,,,
27oct16_31aug16_MSM_m1_sp1_17.1_rev,98,4.736,0.048555,12,,,,,,,,,,
27oct16_31aug16_MSM_m1_sp1_17.1_rev,104,4.6013,0.044452,13,,,,,,,,,,
27oct16_31aug16_MSM_m1_sp1_17.1_rev,51,3.9332,0.077149,14,,,,,,,,,,
27oct16_31aug16_MSM_m1_sp1_17.1_rev,101,5.333,0.052627,15,,,,,,,,,,
27oct16_31aug16_MSM_m1_sp1_17.1_rev,72,6.2554,0.086884,16,,,,,,,,,,
27oct16_31aug16_MSM_m1_sp1_17.1_rev,105,4.101,0.039057,3,,,,,,,,,,
27oct16_31aug16_MSM_m1_sp1_17.1_rev,76,3.9726,0.052029,4,,,,,,,,,,
27oct16_31aug16_MSM_m1_sp1_17.1_rev,115,2.7692,0.02411,5,,,,,,,,,,
27oct16_31aug16_MSM_m1_sp1_17.1_rev,107,2.7261,0.025456,6,,,,,,,,,,
27oct16_31aug16_MSM_m1_sp1_17.1_rev,132,4.3531,0.03286,7,,,,,,,,,,
27oct16_31aug16_MSM_m1_sp1_17.1_rev,85,2.5397,0.029705,8,,,,,,,,,,
27oct16_31aug16_MSM_m1_sp1_17.2_rev,118,1.1765,0.0099584,1,,,,,,,,,,
27oct16_31aug16_MSM_m1_sp1_17.2_rev,87,3.5947,0.041105,10,,,,,,,,,,
27oct16_31aug16_MSM_m1_sp1_17.2_rev,104,3.1416,0.030282,11,,,,,,,,,,
27oct16_31aug16_MSM_m1_sp1_17.2_rev,96,5.3994,0.056151,13,,,,,,,,,,
27oct16_31aug16_MSM_m1_sp1_17.2_rev,71,3.919,0.055169,14,,,,,,,,,,
27oct16_31aug16_MSM_m1_sp1_17.2_rev,63,2.0896,0.033373,15,,,,,,,,,,
27oct16_31aug16_MSM_m1_sp1_17.2_rev,73,7.5214,0.10315,16,,,,,,,,,,
27oct16_31aug16_MSM_m1_sp1_17.2_rev,79,2.5806,0.032725,2,,,,,,,,,,
27oct16_31aug16_MSM_m1_sp1_17.2_rev,123,2.5352,0.020575,3,,,,,,,,,,
27oct16_31aug16_MSM_m1_sp1_17.2_rev,158,51.7936,0.32832,4,,,,,,,,,,
27oct16_31aug16_MSM_m1_sp1_17.2_rev,95,1.1594,0.012144,5,,,,,,,,,,
27oct16_31aug16_MSM_m1_sp1_17.2_rev,74,3.4349,0.04654,6,,,,,,,,,,
27oct16_31aug16_MSM_m1_sp1_17.2_rev,102,44.9638,0.43895,7,,,,,,,,,,
27oct16_31aug16_MSM_m1_sp1_17.2_rev,75,2.4615,0.033037,9,,,,,,,,,,
27oct16_31aug16_MSM_m1_sp1_17_rev,138,4.8864,0.035398,1,,,,,,,,,,
27oct16_31aug16_MSM_m1_sp1_17_rev,96,1.1765,0.012276,10,,,,,,,,,,
27oct16_31aug16_MSM_m1_sp1_17_rev,115,2.7692,0.02411,11,,,,,,,,,,
27oct16_31aug16_MSM_m1_sp1_17_rev,73,3.7172,0.050629,12,,,,,,,,,,
27oct16_31aug16_MSM_m1_sp1_17_rev,107,2.7261,0.025456,13,,,,,,,,,,
27oct16_31aug16_MSM_m1_sp1_17_rev,103,45.6674,0.44322,14,,,,,,,,,,
27oct16_31aug16_MSM_m1_sp1_17_rev,132,4.2698,0.032251,15,,,,,,,,,,
27oct16_31aug16_MSM_m1_sp1_17_rev,74,2.1538,0.029059,19,,,,,,,,,,
27oct16_31aug16_MSM_m1_sp1_17_rev,118,1.1765,0.0099704,2,,,,,,,,,,
27oct16_31aug16_MSM_m1_sp1_17_rev,134,3.399,0.025419,20,,,,,,,,,,
27oct16_31aug16_MSM_m1_sp1_17_rev,87,3.4894,0.03997,21,,,,,,,,,,
27oct16_31aug16_MSM_m1_sp1_17_rev,103,3.5442,0.03431,23,,,,,,,,,,
27oct16_31aug16_MSM_m1_sp1_17_rev,97,5.137,0.052724,26,,,,,,,,,,
27oct16_31aug16_MSM_m1_sp1_17_rev,71,3.6829,0.05177,27,,,,,,,,,,
27oct16_31aug16_MSM_m1_sp1_17_rev,104,5.4325,0.052397,28,,,,,,,,,,
27oct16_31aug16_MSM_m1_sp1_17_rev,51,3.9332,0.077149,29,,,,,,,,,,
27oct16_31aug16_MSM_m1_sp1_17_rev,79,2.5806,0.032726,3,,,,,,,,,,
27oct16_31aug16_MSM_m1_sp1_17_rev,101,5.3321,0.052616,30,,,,,,,,,,
27oct16_31aug16_MSM_m1_sp1_17_rev,63,2.6866,0.042707,31,,,,,,,,,,
27oct16_31aug16_MSM_m1_sp1_17_rev,72,6.3643,0.088382,32,,,,,,,,,,
27oct16_31aug16_MSM_m1_sp1_17_rev,73,7.3658,0.10107,33,,,,,,,,,,
27oct16_31aug16_MSM_m1_sp1_17_rev,84,4.4034,0.052201,4,,,,,,,,,,
27oct16_31aug16_MSM_m1_sp1_17_rev,123,2.5352,0.020539,6,,,,,,,,,,
27oct16_31aug16_MSM_m1_sp1_17_rev,158,52.0092,0.32893,7,,,,,,,,,,
27oct16_31aug16_MSM_m1_sp1_17_rev,105,4.101,0.039057,8,,,,,,,,,,
27oct16_31aug16_MSM_m1_sp1_17_rev,76,3.9726,0.052028,9,,,,,,,,,,
27oct16_31aug16_MSM_m1_sp1_18_rev,86,4.2452,0.049252,1,,,,,,,,,,
27oct16_31aug16_MSM_m1_sp1_18_rev,113,5.135,0.045313,10,,,,,,,,,,
27oct16_31aug16_MSM_m1_sp1_18_rev,72,11.0587,0.15339,11,,,,,,,,,,
27oct16_31aug16_MSM_m1_sp1_18_rev,154,2.0588,0.013342,13,,,,,,,,,,
27oct16_31aug16_MSM_m1_sp1_18_rev,92,4.5476,0.04949,14,,,,,,,,,,
27oct16_31aug16_MSM_m1_sp1_18_rev,79,3.8514,0.048461,15,,,,,,,,,,
27oct16_31aug16_MSM_m1_sp1_18_rev,78,2.7027,0.034677,16,,,,,,,,,,
27oct16_31aug16_MSM_m1_sp1_18_rev,96,0.98361,0.010219,17,,,,,,,,,,
27oct16_31aug16_MSM_m1_sp1_18_rev,56,4.7705,0.084552,18,,,,,,,,,,
27oct16_31aug16_MSM_m1_sp1_18_rev,79,5.691,0.072243,19,,,,,,,,,,
27oct16_31aug16_MSM_m1_sp1_18_rev,91,2.5688,0.028306,2,,,,,,,,,,
27oct16_31aug16_MSM_m1_sp1_18_rev,49,4.5534,0.092934,4,,,,,,,,,,
27oct16_31aug16_MSM_m1_sp1_18_rev,130,4.0625,0.031251,5,,,,,,,,,,
27oct16_31aug16_MSM_m1_sp1_18_rev,95,4.1958,0.044367,6,,,,,,,,,,
27oct16_31aug16_MSM_m1_sp1_18_rev,121,2.7778,0.022975,7,,,,,,,,,,
27oct16_31aug16_MSM_m1_sp1_18_rev,60,3.6624,0.061034,8,,,,,,,,,,
27oct16_31aug16_MSM_m1_sp1_18_rev,83,5.9363,0.071917,9,,,,,,,,,,
27oct16_31aug16_MSM_m1_sp1_19_rev,78,3.2836,0.042004,1,,,,,,,,,,
27oct16_31aug16_MSM_m1_sp1_19_rev,116,6.1922,0.053445,10,,,,,,,,,,
27oct16_31aug16_MSM_m1_sp1_19_rev,56,2.8962,0.051698,11,,,,,,,,,,
27oct16_31aug16_MSM_m1_sp1_19_rev,108,5.5852,0.05188,12,,,,,,,,,,
27oct16_31aug16_MSM_m1_sp1_19_rev,121,3.9217,0.032525,13,,,,,,,,,,
27oct16_31aug16_MSM_m1_sp1_19_rev,78,2.1538,0.027555,14,,,,,,,,,,
27oct16_31aug16_MSM_m1_sp1_19_rev,69,4.7271,0.068135,15,,,,,,,,,,
27oct16_31aug16_MSM_m1_sp1_19_rev,93,4.5381,0.048996,16,,,,,,,,,,
27oct16_31aug16_MSM_m1_sp1_19_rev,103,3.7344,0.036157,2,,,,,,,,,,
27oct16_31aug16_MSM_m1_sp1_19_rev,123,4.9476,0.040221,5,,,,,,,,,,
27oct16_31aug16_MSM_m1_sp1_19_rev,135,70.2997,0.51996,6,,,,,,,,,,
27oct16_31aug16_MSM_m1_sp1_19_rev,107,2.029,0.018908,7,,,,,,,,,,
27oct16_31aug16_MSM_m1_sp1_19_rev,81,3.626,0.044625,8,,,,,,,,,,
27oct16_31aug16_MSM_m1_sp1_19_rev,67,3.7363,0.055615,9,,,,,,,,,,
27oct16_31aug16_MSM_m1_sp1_2_rev,94,3.9291,0.04173,1,,1,1,,,1,81,,,
27oct16_31aug16_MSM_m1_sp1_2_rev,59,3.6209,0.061451,10,,1,1,,,1,29,,,
27oct16_31aug16_MSM_m1_sp1_2_rev,87,5.5115,0.063066,11,,1,0,,,1,28,,,
27oct16_31aug16_MSM_m1_sp1_2_rev,121,7.1302,0.058917,12,,1,1,,,2,15,101,,
27oct16_31aug16_MSM_m1_sp1_2_rev,39,5.2946,0.13651,13,,0,,,,,,,,
27oct16_31aug16_MSM_m1_sp1_2_rev,98,5.1779,0.052877,14,,1,1,,,1,89,,,
27oct16_31aug16_MSM_m1_sp1_2_rev,80,5.0284,0.062475,15,,1,0,,,1,60,,,
27oct16_31aug16_MSM_m1_sp1_2_rev,45,15.9434,0.35078,16,,0,,,,,,,,
27oct16_31aug16_MSM_m1_sp1_2_rev,45,4.8883,0.10789,2,,0,,,,,,,,
27oct16_31aug16_MSM_m1_sp1_2_rev,96,5.6278,0.058569,3,,1,1,,,1,42,,,
27oct16_31aug16_MSM_m1_sp1_2_rev,107,2.7273,0.025566,4,,0,,,,,,,,
27oct16_31aug16_MSM_m1_sp1_2_rev,109,2.681,0.024653,5,,1,0,,,2,36,99,,
27oct16_31aug16_MSM_m1_sp1_2_rev,95,19.128,0.20111,6,,0,,,,,,,,
27oct16_31aug16_MSM_m1_sp1_2_rev,112,3.2353,0.028977,8,,1,1,,,2,15,65,,
27oct16_31aug16_MSM_m1_sp1_2_rev,126,5.3348,0.042254,9,,1,1,,,2,33,105,,
27oct16_31aug16_MSM_m1_sp1_20_rev,95,3.4758,0.036588,1,,,,,,,,,,
27oct16_31aug16_MSM_m1_sp1_20_rev,104,4.8152,0.046437,10,,,,,,,,,,
27oct16_31aug16_MSM_m1_sp1_20_rev,154,2.9851,0.019443,11,,,,,,,,,,
27oct16_31aug16_MSM_m1_sp1_20_rev,124,5.6471,0.045478,12,,,,,,,,,,
27oct16_31aug16_MSM_m1_sp1_20_rev,95,4.0154,0.042322,13,,,,,,,,,,
27oct16_31aug16_MSM_m1_sp1_20_rev,112,4.1921,0.037361,14,,,,,,,,,,
27oct16_31aug16_MSM_m1_sp1_20_rev,97,4.5066,0.046593,15,,,,,,,,,,
27oct16_31aug16_MSM_m1_sp1_20_rev,132,2.7273,0.020639,16,,,,,,,,,,
27oct16_31aug16_MSM_m1_sp1_20_rev,81,3.652,0.045361,17,,,,,,,,,,
27oct16_31aug16_MSM_m1_sp1_20_rev,91,6.5079,0.071531,18,,,,,,,,,,
27oct16_31aug16_MSM_m1_sp1_20_rev,106,5.5935,0.052865,19,,,,,,,,,,
27oct16_31aug16_MSM_m1_sp1_20_rev,83,2.6471,0.031727,2,,,,,,,,,,
27oct16_31aug16_MSM_m1_sp1_20_rev,74,7.848,0.1058,3,,,,,,,,,,
27oct16_31aug16_MSM_m1_sp1_20_rev,133,2.0588,0.015451,4,,,,,,,,,,
27oct16_31aug16_MSM_m1_sp1_20_rev,62,4.1435,0.066344,5,,,,,,,,,,
27oct16_31aug16_MSM_m1_sp1_20_rev,94,3.0769,0.032661,6,,,,,,,,,,
27oct16_31aug16_MSM_m1_sp1_20_rev,50,4.1863,0.08386,7,,,,,,,,,,
27oct16_31aug16_MSM_m1_sp1_20_rev,96,4.0465,0.04232,9,,,,,,,,,,
27oct16_31aug16_MSM_m1_sp1_21_rev,101,7.8705,0.077754,1,,,,,,,,,,
27oct16_31aug16_MSM_m1_sp1_21_rev,152,4.9394,0.032405,10,,,,,,,,,,
27oct16_31aug16_MSM_m1_sp1_21_rev,115,4.4444,0.038734,11,,,,,,,,,,
27oct16_31aug16_MSM_m1_sp1_21_rev,196,3.9188,0.020024,12,,,,,,,,,,
27oct16_31aug16_MSM_m1_sp1_21_rev,54,5.1447,0.094818,13,,,,,,,,,,
27oct16_31aug16_MSM_m1_sp1_21_rev,104,4.9278,0.047338,14,,,,,,,,,,
27oct16_31aug16_MSM_m1_sp1_21_rev,64,2.9508,0.04629,15,,,,,,,,,,
27oct16_31aug16_MSM_m1_sp1_21_rev,65,5.6535,0.087648,16,,,,,,,,,,
27oct16_31aug16_MSM_m1_sp1_21_rev,93,5.2987,0.056731,17,,,,,,,,,,
27oct16_31aug16_MSM_m1_sp1_21_rev,107,5.9461,0.055616,3,,,,,,,,,,
27oct16_31aug16_MSM_m1_sp1_21_rev,99,6.139,0.062192,5,,,,,,,,,,
27oct16_31aug16_MSM_m1_sp1_21_rev,139,4.5558,0.032786,8,,,,,,,,,,
27oct16_31aug16_MSM_m1_sp1_22_rev,111,4.1461,0.037417,1,,,,,,,,,,
27oct16_31aug16_MSM_m1_sp1_22_rev,95,0.56338,0.0059342,10,,,,,,,,,,
27oct16_31aug16_MSM_m1_sp1_22_rev,77,4.0391,0.052492,11,,,,,,,,,,
27oct16_31aug16_MSM_m1_sp1_22_rev,79,7.9328,0.09993,12,,,,,,,,,,
27oct16_31aug16_MSM_m1_sp1_22_rev,107,2.2535,0.021107,13,,,,,,,,,,
27oct16_31aug16_MSM_m1_sp1_22_rev,94,0.89552,0.009529,14,,,,,,,,,,
27oct16_31aug16_MSM_m1_sp1_22_rev,93,5.9031,0.063529,15,,,,,,,,,,
27oct16_31aug16_MSM_m1_sp1_22_rev,154,6.1712,0.04013,16,,,,,,,,,,
27oct16_31aug16_MSM_m1_sp1_22_rev,77,8.7146,0.11344,17,,,,,,,,,,
27oct16_31aug16_MSM_m1_sp1_22_rev,92,7.3149,0.079764,2,,,,,,,,,,
27oct16_31aug16_MSM_m1_sp1_22_rev,86,7.1983,0.083899,3,,,,,,,,,,
27oct16_31aug16_MSM_m1_sp1_22_rev,61,6.33,0.10309,4,,,,,,,,,,
27oct16_31aug16_MSM_m1_sp1_22_rev,80,3.17,0.039527,5,,,,,,,,,,
27oct16_31aug16_MSM_m1_sp1_22_rev,94,5.1156,0.054301,6,,,,,,,,,,
27oct16_31aug16_MSM_m1_sp1_22_rev,142,0.89552,0.0063058,7,,,,,,,,,,
27oct16_31aug16_MSM_m1_sp1_22_rev,50,2.623,0.052572,9,,,,,,,,,,
27oct16_31aug16_MSM_m1_sp1_23_rev,103,4.3077,0.041694,11,,1,0,,,2,33,95,,
27oct16_31aug16_MSM_m1_sp1_23_rev,87,4.286,0.049044,12,,1,0,,,2,19,82,,
27oct16_31aug16_MSM_m1_sp1_23_rev,95,4.5325,0.04752,13,,1,0,,,2,30,88,,
27oct16_31aug16_MSM_m1_sp1_23_rev,72,3.4286,0.047663,14,,1,0,,,2,28,61,,
27oct16_31aug16_MSM_m1_sp1_23_rev,98,4.9892,0.051034,15,,1,1,,,1,59,,,
27oct16_31aug16_MSM_m1_sp1_23_rev,72,7.4034,0.10279,16,,1,0,,,1,68,,,
27oct16_31aug16_MSM_m1_sp1_23_rev,122,4.1376,0.034031,3,,1,0,,,2,25,112,,
27oct16_31aug16_MSM_m1_sp1_23_rev,80,6.4637,0.080832,4,,1,0,,,2,23,70,,
27oct16_31aug16_MSM_m1_sp1_23_rev,61,4.0415,0.065793,6,,1,0,,,1,53,,,
27oct16_31aug16_MSM_m1_sp1_23_rev,110,2.9851,0.027209,7,,1,0,,,1,16,,,faint foci near end
27oct16_31aug16_MSM_m1_sp1_23_rev,55,0.28571,0.0051523,8,,0,,,,,,,,
27oct16_31aug16_MSM_m1_sp1_23_rev,118,3.9413,0.033304,9,,1,0,,,3,22,98,107,
27oct16_31aug16_MSM_m1_sp1_24_rev,191,44.3479,0.2319,1,,,,,,,,,,
27oct16_31aug16_MSM_m1_sp1_24_rev,108,1.8182,0.016788,11,,,,,,,,,,
27oct16_31aug16_MSM_m1_sp1_24_rev,103,4.6487,0.045348,12,,,,,,,,,,
27oct16_31aug16_MSM_m1_sp1_24_rev,112,2.8183,0.025092,13,,,,,,,,,,
27oct16_31aug16_MSM_m1_sp1_24_rev,106,18.2441,0.17195,2,,,,,,,,,,
27oct16_31aug16_MSM_m1_sp1_24_rev,81,5.6168,0.069021,3,,,,,,,,,,
27oct16_31aug16_MSM_m1_sp1_24_rev,114,46.7529,0.4091,4,,,,,,,,,,
27oct16_31aug16_MSM_m1_sp1_24_rev,116,4.1877,0.036226,5,,,,,,,,,,
27oct16_31aug16_MSM_m1_sp1_24_rev,61,5.4503,0.089841,6,,,,,,,,,,
27oct16_31aug16_MSM_m1_sp1_24_rev,72,6.0635,0.083823,7,,,,,,,,,,
27oct16_31aug16_MSM_m1_sp1_24_rev,53,3.2353,0.060931,8,,,,,,,,,,
27oct16_31aug16_MSM_m1_sp1_24_rev,51,4.6039,0.089479,9,,1,0,,,3,22,98,107,2 last foci smaller
27oct16_31aug16_MSM_m1_sp1_25_rev,89,4.546,0.050946,1,,1,0,,,2,17,79,,
27oct16_31aug16_MSM_m1_sp1_25_rev,83,4.0305,0.048376,10,,1,1,,,2,40,81,,
27oct16_31aug16_MSM_m1_sp1_25_rev,99,4.3064,0.043467,11,,1,0,,,2,14,75,,
27oct16_31aug16_MSM_m1_sp1_25_rev,110,2.9412,0.026761,12,,1,1,,,2,20,102,,
27oct16_31aug16_MSM_m1_sp1_25_rev,94,5.1827,0.055027,13,,1,0,,,2,14,74,,
27oct16_31aug16_MSM_m1_sp1_25_rev,90,3.2787,0.036421,14,,1,0,,,2,30,70,,
27oct16_31aug16_MSM_m1_sp1_25_rev,150,14.5046,0.096689,15,,0,,,,,,,,
27oct16_31aug16_MSM_m1_sp1_25_rev,78,4.432,0.056871,16,,1,1,,,1,75,,,
27oct16_31aug16_MSM_m1_sp1_25_rev,82,3.7143,0.045304,17,,1,1,,,2,11,69,,
27oct16_31aug16_MSM_m1_sp1_25_rev,68,5.5871,0.081612,18,,1,1,,,1,66,,,
27oct16_31aug16_MSM_m1_sp1_25_rev,49,4.4515,0.091749,19,,1,0,,,1,27,,,
27oct16_31aug16_MSM_m1_sp1_25_rev,76,6.1797,0.081221,2,,0,,,,,,,,twisted end
27oct16_31aug16_MSM_m1_sp1_25_rev,132,4.5379,0.034496,3,,1,1,,,3,22,60,128,
27oct16_31aug16_MSM_m1_sp1_25_rev,111,3.2376,0.029121,4,,1,0,,,1,60,,,
27oct16_31aug16_MSM_m1_sp1_25_rev,104,4.4121,0.04227,6,,1,1,,,1,56,,,
27oct16_31aug16_MSM_m1_sp1_25_rev,98,2.2222,0.022724,7,,1,0,,,1,57,,,
27oct16_31aug16_MSM_m1_sp1_25_rev,95,4.9813,0.052559,8,,1,1,,,2,25,87,,
27oct16_31aug16_MSM_m1_sp1_25_rev,68,3.3269,0.049029,9,,1,0,,,1,38,,,
27oct16_31aug16_MSM_m1_sp1_26_rev,90,3.348,0.037072,1,,1,1,,,1,22,,,
27oct16_31aug16_MSM_m1_sp1_26_rev,110,4.6812,0.042595,10,,1,0,,,2,62,102,,
27oct16_31aug16_MSM_m1_sp1_26_rev,128,1.9672,0.015377,11,,1,0,,,1,88,,,
27oct16_31aug16_MSM_m1_sp1_26_rev,117,5.3437,0.045645,12,,1,1,,,2,30,98,,
27oct16_31aug16_MSM_m1_sp1_26_rev,121,2.0913,0.017302,13,,0,,,,,,,,
27oct16_31aug16_MSM_m1_sp1_26_rev,102,5.1565,0.050718,14,,1,1,,,1,70,,,
27oct16_31aug16_MSM_m1_sp1_26_rev,82,5.2768,0.064246,15,,1,0,,,2,24,78,,
27oct16_31aug16_MSM_m1_sp1_26_rev,51,22.1573,0.43031,16,,0,,,,,,,,
27oct16_31aug16_MSM_m1_sp1_26_rev,86,3.1429,0.036341,3,,1,0,,,2,20,76,,
27oct16_31aug16_MSM_m1_sp1_26_rev,56,4.6643,0.083167,4,,1,0,,,1,45,,,
27oct16_31aug16_MSM_m1_sp1_26_rev,175,7.4714,0.042739,5,,0,,,,,,,,
27oct16_31aug16_MSM_m1_sp1_26_rev,77,6.0764,0.078602,6,,1,0,,,1,71,,,
27oct16_31aug16_MSM_m1_sp1_26_rev,120,8.7045,0.072783,7,,1,1,,,2,40,115,,
27oct16_31aug16_MSM_m1_sp1_26_rev,99,5.1733,0.052396,9,,1,1,,,2,31,83,,
27oct16_31aug16_MSM_m1_sp1_4_rev,101,3.932,0.038755,1,,,,,,,,,,
27oct16_31aug16_MSM_m1_sp1_4_rev,87,3.6364,0.041911,10,,,,,,,,,,
27oct16_31aug16_MSM_m1_sp1_4_rev,73,7.2238,0.098844,11,,,,,,,,,,
27oct16_31aug16_MSM_m1_sp1_4_rev,70,3.7408,0.053146,12,,,,,,,,,,
27oct16_31aug16_MSM_m1_sp1_4_rev,54,5.193,0.096459,13,,,,,,,,,,
27oct16_31aug16_MSM_m1_sp1_4_rev,96,5.1646,0.053646,14,,,,,,,,,,
27oct16_31aug16_MSM_m1_sp1_4_rev,117,4.9153,0.041974,16,,,,,,,,,,
27oct16_31aug16_MSM_m1_sp1_4_rev,112,2.3881,0.021325,2,,,,,,,,,,
27oct16_31aug16_MSM_m1_sp1_4_rev,31,5.4662,0.17454,3,,,,,,,,,,
27oct16_31aug16_MSM_m1_sp1_4_rev,146,4.28,0.029287,5,,,,,,,,,,
27oct16_31aug16_MSM_m1_sp1_4_rev,104,3.8095,0.036807,6,,,,,,,,,,
27oct16_31aug16_MSM_m1_sp1_4_rev,120,5.4241,0.04521,7,,,,,,,,,,
27oct16_31aug16_MSM_m1_sp1_4_rev,86,4.2424,0.049507,8,,,,,,,,,,
27oct16_31aug16_MSM_m1_sp1_4_rev,169,5.0786,0.030092,9,,,,,,,,,,
27oct16_31aug16_MSM_m1_sp1_5_rev,68,3.3846,0.049784,10,,,,,,,,,,
27oct16_31aug16_MSM_m1_sp1_5_rev,79,5.2011,0.066079,11,,,,,,,,,,
27oct16_31aug16_MSM_m1_sp1_5_rev,97,2.8986,0.029992,12,,,,,,,,,,
27oct16_31aug16_MSM_m1_sp1_5_rev,84,3.662,0.043829,13,,,,,,,,,,
27oct16_31aug16_MSM_m1_sp1_5_rev,102,6.1615,0.060278,14,,,,,,,,,,
27oct16_31aug16_MSM_m1_sp1_5_rev,64,3.9736,0.062474,2,,,,,,,,,,
27oct16_31aug16_MSM_m1_sp1_5_rev,92,4.7076,0.051189,3,,,,,,,,,,
27oct16_31aug16_MSM_m1_sp1_5_rev,52,2.9851,0.057786,4,,,,,,,,,,
27oct16_31aug16_MSM_m1_sp1_5_rev,78,3.2791,0.042236,6,,,,,,,,,,
27oct16_31aug16_MSM_m1_sp1_5_rev,77,5.5574,0.072443,7,,,,,,,,,,
27oct16_31aug16_MSM_m1_sp1_5_rev,160,75.2329,0.46995,8,,,,,,,,,,
27oct16_31aug16_MSM_m1_sp1_6.1_rev,63,9.6646,0.15313,1,,,,,,,,,,
27oct16_31aug16_MSM_m1_sp1_6.1_rev,62,3.1858,0.051764,11,,,,,,,,,,
27oct16_31aug16_MSM_m1_sp1_6.1_rev,83,5.2221,0.062756,12,,,,,,,,,,
27oct16_31aug16_MSM_m1_sp1_6.1_rev,70,4.5453,0.065334,13,,,,,,,,,,
27oct16_31aug16_MSM_m1_sp1_6.1_rev,82,3.0556,0.037121,14,,,,,,,,,,
27oct16_31aug16_MSM_m1_sp1_6.1_rev,79,3.5767,0.045148,15,,,,,,,,,,
27oct16_31aug16_MSM_m1_sp1_6.1_rev,107,3.4375,0.032191,16,,,,,,,,,,
27oct16_31aug16_MSM_m1_sp1_6.1_rev,135,1.5873,0.011746,17,,,,,,,,,,
27oct16_31aug16_MSM_m1_sp1_6.1_rev,96,4.9438,0.051462,18,,,,,,,,,,
27oct16_31aug16_MSM_m1_sp1_6.1_rev,95,3.75,0.039291,20,,,,,,,,,,
27oct16_31aug16_MSM_m1_sp1_6.1_rev,63,4.523,0.071505,21,,,,,,,,,,
27oct16_31aug16_MSM_m1_sp1_6.1_rev,46,2.1538,0.04706,22,,,,,,,,,,
27oct16_31aug16_MSM_m1_sp1_6.1_rev,133,4.432,0.033224,23,,,,,,,,,,
27oct16_31aug16_MSM_m1_sp1_6.1_rev,103,5.288,0.051506,24,,,,,,,,,,
27oct16_31aug16_MSM_m1_sp1_6.1_rev,54,3.7315,0.068773,25,,,,,,,,,,
27oct16_31aug16_MSM_m1_sp1_6.1_rev,118,2.8571,0.024142,26,,,,,,,,,,
27oct16_31aug16_MSM_m1_sp1_6.1_rev,54,4.1438,0.076748,28,,,,,,,,,,
27oct16_31aug16_MSM_m1_sp1_6.1_rev,87,5.7314,0.066169,29,,,,,,,,,,
27oct16_31aug16_MSM_m1_sp1_6.1_rev,95,4.9289,0.052132,4,,,,,,,,,,
27oct16_31aug16_MSM_m1_sp1_6.1_rev,39,6.818,0.17401,5,,,,,,,,,,
27oct16_31aug16_MSM_m1_sp1_6.1_rev,82,4.9832,0.060458,7,,,,,,,,,,
27oct16_31aug16_MSM_m1_sp1_6.1_rev,63,4.1166,0.065512,8,,,,,,,,,,
27oct16_31aug16_MSM_m1_sp1_6.1_rev,88,3.5294,0.040241,9,,,,,,,,,,
27oct16_31aug16_MSM_m1_sp1_6_rev,43,4.2254,0.097495,1,,,,,,,,,,
27oct16_31aug16_MSM_m1_sp1_6_rev,95,1.5385,0.016181,10,,,,,,,,,,
27oct16_31aug16_MSM_m1_sp1_6_rev,75,3.9906,0.052974,11,,,,,,,,,,
27oct16_31aug16_MSM_m1_sp1_6_rev,98,1.4706,0.015026,12,,,,,,,,,,
27oct16_31aug16_MSM_m1_sp1_6_rev,164,1.875,0.011435,14,,,,,,,,,,
27oct16_31aug16_MSM_m1_sp1_6_rev,96,4.8192,0.050231,16,,,,,,,,,,
27oct16_31aug16_MSM_m1_sp1_6_rev,87,4.8412,0.055572,17,,,,,,,,,,
27oct16_31aug16_MSM_m1_sp1_6_rev,79,3.4977,0.044021,19,,,,,,,,,,
27oct16_31aug16_MSM_m1_sp1_6_rev,108,2.6087,0.024229,2,,,,,,,,,,
27oct16_31aug16_MSM_m1_sp1_6_rev,86,5.765,0.066738,20,,,,,,,,,,
27oct16_31aug16_MSM_m1_sp1_6_rev,99,4,0.040326,23,,,,,,,,,,
27oct16_31aug16_MSM_m1_sp1_6_rev,33,10.7093,0.32271,24,,,,,,,,,,
27oct16_31aug16_MSM_m1_sp1_6_rev,93,45.7907,0.49493,26,,,,,,,,,,
27oct16_31aug16_MSM_m1_sp1_6_rev,95,4.2667,0.045048,27,,,,,,,,,,
27oct16_31aug16_MSM_m1_sp1_6_rev,39,6.6839,0.17124,28,,,,,,,,,,
27oct16_31aug16_MSM_m1_sp1_6_rev,99,4.4046,0.044475,29,,,,,,,,,,
27oct16_31aug16_MSM_m1_sp1_6_rev,109,49.9638,0.4569,3,,,,,,,,,,
27oct16_31aug16_MSM_m1_sp1_6_rev,87,2.8125,0.032472,30,,,,,,,,,,
27oct16_31aug16_MSM_m1_sp1_6_rev,74,4.5679,0.06171,31,,,,,,,,,,
27oct16_31aug16_MSM_m1_sp1_6_rev,82,5.4329,0.066072,32,,,,,,,,,,
27oct16_31aug16_MSM_m1_sp1_6_rev,62,4.3628,0.070065,33,,,,,,,,,,
27oct16_31aug16_MSM_m1_sp1_6_rev,41,3.1373,0.075928,34,,,,,,,,,,
27oct16_31aug16_MSM_m1_sp1_6_rev,87,3.8235,0.043756,35,,,,,,,,,,
27oct16_31aug16_MSM_m1_sp1_6_rev,77,2.3333,0.030477,38,,,,,,,,,,
27oct16_31aug16_MSM_m1_sp1_6_rev,95,2.4242,0.025444,39,,,,,,,,,,
27oct16_31aug16_MSM_m1_sp1_6_rev,101,2.4708,0.0245,4,,,,,,,,,,
27oct16_31aug16_MSM_m1_sp1_6_rev,61,3.2258,0.052591,40,,,,,,,,,,
27oct16_31aug16_MSM_m1_sp1_6_rev,84,4.9311,0.058802,41,,,,,,,,,,
27oct16_31aug16_MSM_m1_sp1_6_rev,90,4.2912,0.047627,42,,,,,,,,,,
27oct16_31aug16_MSM_m1_sp1_6_rev,70,4.6928,0.067152,43,,,,,,,,,,
27oct16_31aug16_MSM_m1_sp1_6_rev,91,4.6907,0.051821,44,,,,,,,,,,
27oct16_31aug16_MSM_m1_sp1_6_rev,72,3.8889,0.05366,45,,,,,,,,,,
27oct16_31aug16_MSM_m1_sp1_6_rev,83,3.3491,0.040491,46,,,,,,,,,,
27oct16_31aug16_MSM_m1_sp1_6_rev,79,4.4331,0.056272,47,,,,,,,,,,
27oct16_31aug16_MSM_m1_sp1_6_rev,107,3.125,0.029265,49,,,,,,,,,,
27oct16_31aug16_MSM_m1_sp1_6_rev,86,3.2787,0.037979,5,,,,,,,,,,
27oct16_31aug16_MSM_m1_sp1_6_rev,49,5.0624,0.10312,50,,,,,,,,,,
27oct16_31aug16_MSM_m1_sp1_6_rev,135,1.9048,0.014066,51,,,,,,,,,,
27oct16_31aug16_MSM_m1_sp1_6_rev,96,5.1184,0.053191,52,,,,,,,,,,
27oct16_31aug16_MSM_m1_sp1_6_rev,46,2.4615,0.053747,53,,,,,,,,,,
27oct16_31aug16_MSM_m1_sp1_6_rev,95,3.75,0.039507,54,,,,,,,,,,
27oct16_31aug16_MSM_m1_sp1_6_rev,64,5.5856,0.087269,55,,,,,,,,,,
27oct16_31aug16_MSM_m1_sp1_6_rev,133,4.0169,0.030121,56,,,,,,,,,,
27oct16_31aug16_MSM_m1_sp1_6_rev,102,5.1414,0.050393,57,,,,,,,,,,
27oct16_31aug16_MSM_m1_sp1_6_rev,117,2.8571,0.024339,59,,,,,,,,,,
27oct16_31aug16_MSM_m1_sp1_6_rev,84,2.4615,0.029151,6,,,,,,,,,,
27oct16_31aug16_MSM_m1_sp1_6_rev,85,3.6073,0.042499,60,,,,,,,,,,
27oct16_31aug16_MSM_m1_sp1_6_rev,54,4.1686,0.077711,62,,,,,,,,,,
27oct16_31aug16_MSM_m1_sp1_6_rev,45,3.3947,0.075079,63,,,,,,,,,,
27oct16_31aug16_MSM_m1_sp1_6_rev,87,5.7317,0.066094,64,,,,,,,,,,
27oct16_31aug16_MSM_m1_sp1_6_rev,117,4.0625,0.034838,65,,,,,,,,,,
27oct16_31aug16_MSM_m1_sp1_6_rev,92,10.7021,0.1162,67,,,,,,,,,,
27oct16_31aug16_MSM_m1_sp1_6_rev,127,6.1041,0.047979,69,,,,,,,,,,
27oct16_31aug16_MSM_m1_sp1_6_rev,72,3.9797,0.055093,7,,,,,,,,,,
27oct16_31aug16_MSM_m1_sp1_6_rev,62,6.2544,0.10106,71,,,,,,,,,,
27oct16_31aug16_MSM_m1_sp1_6_rev,107,3.2353,0.030328,73,,,,,,,,,,
27oct16_31aug16_MSM_m1_sp1_6_rev,118,4.8291,0.041016,74,,,,,,,,,,
27oct16_31aug16_MSM_m1_sp1_6_rev,88,3.2504,0.036939,75,,,,,,,,,,
27oct16_31aug16_MSM_m1_sp1_6_rev,141,5.6291,0.03987,76,,,,,,,,,,
27oct16_31aug16_MSM_m1_sp1_6_rev,126,6.441,0.051129,78,,,,,,,,,,
27oct16_31aug16_MSM_m1_sp1_6_rev,154,5.5555,0.036137,79,,,,,,,,,,
27oct16_31aug16_MSM_m1_sp1_6_rev,101,4.2464,0.042006,82,,,,,,,,,,
27oct16_31aug16_MSM_m1_sp1_6_rev,78,5.6507,0.072549,86,,,,,,,,,,
27oct16_31aug16_MSM_m1_sp1_6_rev,144,4.1176,0.028579,87,,,,,,,,,,
27oct16_31aug16_MSM_m1_sp1_6_rev,88,5.6035,0.063355,88,,,,,,,,,,
27oct16_31aug16_MSM_m1_sp1_6_rev,133,4.1118,0.030831,9,,,,,,,,,,
27oct16_31aug16_MSM_m1_sp1_7_rev,107,7.0715,0.066015,1,,,,,,,,,,
27oct16_31aug16_MSM_m1_sp1_7_rev,109,5.3711,0.04925,2,,,,,,,,,,
27oct16_31aug16_MSM_m1_sp1_7_rev,164,50.1541,0.3054,3,,,,,,,,,,
27oct16_31aug16_MSM_m1_sp1_7_rev,114,10.7843,0.094516,5,,,,,,,,,,
27oct16_31aug16_MSM_m1_sp1_7_rev,215,102.2358,0.47498,6,,,,,,,,,,
27oct16_31aug16_MSM_m1_sp1_7_rev,67,5.7839,0.086493,7,,,,,,,,,,
27oct16_31aug16_MSM_m1_sp1_8_rev,107,2.5397,0.023841,1,,1,0,,,1,33,,,
27oct16_31aug16_MSM_m1_sp1_8_rev,73,3.2111,0.043888,10,,1,0,,,2,26,63,,
27oct16_31aug16_MSM_m1_sp1_8_rev,47,5.2807,0.11286,11,,0,,,,,,,,
27oct16_31aug16_MSM_m1_sp1_8_rev,70,3.7032,0.053088,12,,1,0,,,1,18,,,
27oct16_31aug16_MSM_m1_sp1_8_rev,87,4.853,0.055994,13,,1,0,,,2,18,66,,
27oct16_31aug16_MSM_m1_sp1_8_rev,46,2.5352,0.05554,14,,1,0,,,1,33,,,
27oct16_31aug16_MSM_m1_sp1_8_rev,81,3.0303,0.037342,15,,1,0,,,1,50,,,
27oct16_31aug16_MSM_m1_sp1_8_rev,73,3.3333,0.045685,16,,1,0,,,2,28,67,,
27oct16_31aug16_MSM_m1_sp1_8_rev,58,5.0471,0.0865,17,,1,0,,,,,,,
27oct16_31aug16_MSM_m1_sp1_8_rev,61,6.5476,0.10769,18,,1,0,,,,,,,
27oct16_31aug16_MSM_m1_sp1_8_rev,103,3.5484,0.034496,2,,1,0,,,2,42,98,,
27oct16_31aug16_MSM_m1_sp1_8_rev,88,3.3673,0.038414,3,,1,,,,,,,,
27oct16_31aug16_MSM_m1_sp1_8_rev,78,5.002,0.064408,4,,1,0,,,1,66,,,
27oct16_31aug16_MSM_m1_sp1_8_rev,102,1.4925,0.01468,5,,1,0,,,2,12,84,,
27oct16_31aug16_MSM_m1_sp1_8_rev,141,3.6879,0.026091,6,,0,,,,,,,,
27oct16_31aug16_MSM_m1_sp1_8_rev,70,3.833,0.054916,7,,1,0,,,2,11,55,,
27oct16_31aug16_MSM_m1_sp1_8_rev,109,1.8462,0.016923,9,,1,0,,,2,24,70,,first foci is faint
27oct16_31aug16_MSM_m1_sp1_9_rev,101,6.5781,0.064819,1,,1,1,,,2,38,92,,
27oct16_31aug16_MSM_m1_sp1_9_rev,121,3.4245,0.028234,10,,1,0,,,1,30,,,faint second foci
27oct16_31aug16_MSM_m1_sp1_9_rev,91,5.0473,0.055239,11,,1,0,,,2,31,89,,
27oct16_31aug16_MSM_m1_sp1_9_rev,97,4.2945,0.044071,12,,1,0,,,2,18,86,,
27oct16_31aug16_MSM_m1_sp1_9_rev,85,3.5837,0.042138,13,,1,1,,,1,80,,,
27oct16_31aug16_MSM_m1_sp1_9_rev,122,2.7273,0.022288,14,,1,0,,,2,21,87,,
27oct16_31aug16_MSM_m1_sp1_9_rev,126,2.4242,0.019241,15,,0,,,,,,,,
27oct16_31aug16_MSM_m1_sp1_9_rev,107,2.9377,0.02735,16,,0,,,,,,,,
27oct16_31aug16_MSM_m1_sp1_9_rev,74,3.9436,0.05324,17,,1,0,,,1,50,,,
27oct16_31aug16_MSM_m1_sp1_9_rev,97,4.6003,0.047638,18,,0,,,,,,,,
27oct16_31aug16_MSM_m1_sp1_9_rev,93,3.871,0.041554,19,,1,0,,,1,35,,,
27oct16_31aug16_MSM_m1_sp1_9_rev,105,4.6013,0.043972,3,,1,0,,,1,65,,,
27oct16_31aug16_MSM_m1_sp1_9_rev,73,6.2783,0.085897,4,,1,0,,,1,39,,,
27oct16_31aug16_MSM_m1_sp1_9_rev,91,2.7273,0.030077,5,,1,1,,,2,24,65,,
27oct16_31aug16_MSM_m1_sp1_9_rev,62,4.69,0.075272,6,,1,1,,,1,55,,,
27oct16_31aug16_MSM_m1_sp1_9_rev,79,3.7572,0.047729,7,,1,1,,,1,71,,,
27oct16_31aug16_MSM_m1_sp1_9_rev,46,2.9032,0.062901,8,,1,0,,,1,31,,,
27oct16_31aug16_MSM_m1_sp1_9_rev,110,1.9178,0.01748,9,,1,0,,,2,61,104,,
