Batch,,Original Name,Random Name ,quality,n ,nMLH1.foci,REDO crop,XY paired,achiasmate,asynased,notes
Batch0,X,17mar15_10mar15_PWD_m1_sp1_11_rev.tif,10309-4443-27060.tif,5,19,27,yes,yes,0,0,some broken SC
Batch0,X,17mar15_10mar15_PWD_m2_sp1_1.1_rev.tif,24858-21523-27470.tif,5,21,34,yes,,,,
Batch0,X,22mar15_10mar15_PWD_m2_sp1_14.3_rev.tif,10034-25636-20369.tif,3,21,33,yes,yes,0,1,one a little asynapsed
Batch0,X,17mar15_10mar15_PWD_m2_sp1_5.2_rev.tif,12056-31432-21376.tif,5,,29,yes,,,,
Batch0,X,15mar16_16jan16_G_f2_sp1_4_rev.tif,16398-27606-4904.tif,2,21,19,no,na,2,0,"extra bivalent, no obvjous unpaired"
Batch0,X,10jul15_16jun15_WSB_f4_sp1_6_rev.tif,11917-21483-15516.tif,5,19,21,no,na,,0,broken SC
Batch0,X,9aug15_17apr15_PWD_f2_sp1_13_rev.tif,2689-2557-26481.tif,5,22,,no,,,,
Batch0,X,20may15_17apr15_PWD_f4_sp1_1_rev.tif,17507-31561-21722.tif,5,19,28,yes,na,1,1,background kinda high. 
Batch0,X,20may15_17apr15_PWD_f4_sp1_22_rev.tif,17777-3099-14110.tif,5,18,29,no,no,0,0,X many broken SC
Batch0,X,10jun15_18may15_WSB_m1_sp1_25_rev.tif,19907-25696-23786.tif,,21,22,,,,,Xthe cell is so good too.. :(
Batch0,X,29jun15_1apr15_PWD_f1_sp1_1_rev.tif,9583-15118-17397.tif,,18,,,,,1,X
Batch0,X,8apr15_1apr15_PWD_f1_sp1_6_rev.tif,15062-19104-17855.tif,5,21,19,no,na,3,0,
Batch0,X,20jul15_22jun15_G_m1_sp1_2.1_rev.tif,23210-3464-24384.tif,5,22,23,no,yes,1,0,
Batch0,X,30jul15_22jun15_G_m1_sp1_3_rev.tif,14995-27504-11687.tif,5,21,24,yes,yes,1,1,
Batch0,X,28jul15_22jun15_G_m2_sp1_21.2_rev.tif,23749-32201-5301.tif,5,20?,25,yes,yes,0,0,can't distinguish chromosomes
Batch0,X,8jun15_23apr15_PWD_f2_sp1_2_rev.tif,17006-3466-27692.tif,5,19,24,no,na,,1,some broken SC
Batch0,X,1jul15_23apr15_WSB_f1_sp1_14_rev.tif,25213-14475-20478.tif,5,21,20,no,na,2,0,
Batch0,X,2apr15_28feb15_PWD_f1_sp1_10_rev.tif,9811-21617-18760.tif,5,21,21,,,,1?,X
Batch0,X,11mar15_28feb15_PWD_f1_sp1_9_rev.tif,13615-25721-15981.tif,5,,,,,,,
Batch0,X,13mar15_28feb15_PWD_f2_sp1_32.2_rev.tif,11568-20404-31517.tif,5,21,24,yes,na,0,1,higher background and broken SC
Batch0,X,13mar15_28feb15_PWD_f2_sp1_37.2_rev.tif,1632-5174-19413.tif,5,22,24,yes,na,1,1,"extra bivalent, no obvjous unpaired"
Batch0,X,11mar15_28feb15_PWD_f3_sp1_12_rev.tif,32716-31216-3312.tif,4,19,23,no,na,1,0,nonhomlog tangle
Batch0,X,11mar15_28feb15_PWD_f3_sp1_27_rev.tif,12291-5348-19234.tif,,21,21,,,,,
Batch0,X,2apr15_28feb15_PWD_f3_sp1_3_rev.tif,20356-4330-17154.tif,4,21,27,no,no,0,0,high background noise // F or M with unpaired X
Batch0,X,19may15_31mar15_WSB_m1_sp1_18_rev.tif,26686-4504-18554.tif,3,19?,26,no,yes,0,0,
Batch0,X can't distinghuish complete cell,10jul15_16jun15_WSB_f4_sp1_2_rev.tif,20732-2985-21272.tif,,,,yes,,,,
Batch0,,22mar15_10mar15_PWD_m1_sp1_1_rev.tif,5595-17316-15211.tif,1,20,32,no,yes,0,0,
Batch0,,17mar15_10mar15_PWD_m1_sp1_1_rev.tif,8255-25191-20578.tif,2,20,28,yes,yes,1,0,
Batch0,,17mar15_10mar15_PWD_m1_sp1_10.1_rev.tif,15362-31644-15484.tif,3,20,27,yes,yes,0,0,
Batch0,,22mar15_10mar15_PWD_m1_sp1_10.1_rev.tif,16228-2733-7091.tif,4,20,27,yes,yes,0,0,
Batch0,,22mar15_10mar15_PWD_m1_sp1_10.2_rev.tif,7470-5004-14008.tif,3,20,29,no,yes,0,0,nonhomlog tangle
Batch0,,17mar15_10mar15_PWD_m1_sp1_12.1_rev.tif,6919-14439-27376.tif,3,20,30,no,yes,0,0,nonhomlog tangle. XY may be tangled
Batch0,,17mar15_10mar15_PWD_m1_sp1_12.2_rev.tif,5964-23170-15217.tif,2,20,28,yes,yes,0,0,
Batch0,,17mar15_10mar15_PWD_m1_sp1_13_rev.tif,20127-4628-13289.tif,4,20,28,yes,na,1,0,some shading over the SC. Possible non-homologous tangle
Batch0,,22mar15_10mar15_PWD_m1_sp1_4.1_rev.tif,3865-18463-22975.tif,2,20,28,no,yes,0,0,nonhomlogous tangle
Batch0,,17mar15_10mar15_PWD_m1_sp1_4_rev.tif,18647-30931-20070.tif,2,20,32,no,yes,0,0,
Batch0,,22mar15_10mar15_PWD_m1_sp1_5.1_rev.tif,19384-10867-13501.tif,3,20,27,yes,yes,0,0,
Batch0,,17mar15_10mar15_PWD_m1_sp1_5_rev.tif,14280-11584-10287.tif,1,20,29,no,yes,0,0,
Batch0,,22mar15_10mar15_PWD_m1_sp1_6.1_rev.tif,19942-12394-13369.tif,2,20,22,no,yes,0,0,
Batch0,,17mar15_10mar15_PWD_m1_sp1_7_rev.tif,5329-10312-19642.tif,3,20,28,no,yes,0,0,non homolog tangle
Batch0,,17mar15_10mar15_PWD_m1_sp1_8.1_rev.tif,16915-31855-30423.tif,3,20,26,yes,na,0,0,
Batch0,,22mar15_10mar15_PWD_m1_sp1_8_rev.tif,15847-23547-8473.tif,3,20,28,no,yes,1,0,
Batch0,,22mar15_10mar15_PWD_m2_sp1_1_rev.tif,4660-20910-19873.tif,1,20,27,no,yes,1,0,
Batch0,,22mar15_10mar15_PWD_m2_sp1_10.1_rev.tif,31634-30344-11815.tif,3,20,26,no,yes,1,0,
Batch0,,17mar15_10mar15_PWD_m2_sp1_11.1_rev.tif,1237-19339-27323.tif,4,20,29,no,1 CO,1,0,SC is helixy
Batch0,,22mar15_10mar15_PWD_m2_sp1_11.2_rev.tif,32310-6134-8417.tif,3,20,26,no,yes,1,0,
Batch0,,17mar15_10mar15_PWD_m2_sp1_11.2_rev.tif,27554-25658-1145.tif,4,20,27,no,yes,0,0,
Batch0,,22mar15_10mar15_PWD_m2_sp1_11.3_rev.tif,,4,20,27,no,yes,0,0,
Batch0,,22mar15_10mar15_PWD_m2_sp1_12_rev.tif,26574-364-28432.tif,2,20,24,no,yes,3,0,
Batch0,,17mar15_10mar15_PWD_m2_sp1_12_rev.tif,20955-15045-14983.tif,3,20,27,no,,0,1,
Batch0,,22mar15_10mar15_PWD_m2_sp1_13.1_rev.tif,9623-14043-2809.tif,3,20,27,no,yes,0,0,
Batch0,,17mar15_10mar15_PWD_m2_sp1_13.1_rev.tif,17070-12066-18812.tif,3,20,27,yes,yes,1,0,possible non-homologous tangle
Batch0,,22mar15_10mar15_PWD_m2_sp1_13.2_rev.tif,17292-21756-8550.tif,5,20,24,no,yes,0,0,SC helixy
Batch0,,22mar15_10mar15_PWD_m2_sp1_13.3_rev.tif,25444-27491-24173.tif,2,20,31,no,yes,0,0,
Batch0,,22mar15_10mar15_PWD_m2_sp1_15_rev.tif,26668-2213-14220.tif,1,20,30,no,yes,0,0,
Batch0,,22mar15_10mar15_PWD_m2_sp1_16.2_rev.tif,19537-29253-14742.tif,4,20,27,yes,yes,0,0,some broken SC and helixy SC
Batch0,,22mar15_10mar15_PWD_m2_sp1_17.2_rev.tif,8565-9306-30605.tif,3,20,31,no,yes,0,0,
Batch0,,22mar15_10mar15_PWD_m2_sp1_18.2_rev.tif,21888-13169-30449.tif,3,20,24,yes,yes,0,0,
Batch0,,22mar15_10mar15_PWD_m2_sp1_19.1_rev.tif,1639-13398-5893.tif,5,20,27,no,yes,0,3,SC Axes are seperating
Batch0,,22mar15_10mar15_PWD_m2_sp1_19.2_rev.tif,25910-9431-133.tif,5,20,23,yes,yes,0,3,bad SC
Batch0,,22mar15_10mar15_PWD_m2_sp1_2_rev.tif,32098-6385-28207.tif,2,20,29,no,yes,0,0,
Batch0,,22mar15_10mar15_PWD_m2_sp1_21.2_rev.tif,4477-28583-29414.tif,3,20,26,yes,yes,1,0,
Batch0,,22mar15_10mar15_PWD_m2_sp1_3.1_rev.tif,11234-23283-29687.tif,4,20,25,no,yes,1,1,some asynapsis
Batch0,,17mar15_10mar15_PWD_m2_sp1_4_rev.tif,31121-26043-5805.tif,2,20,26,yes,yes,,,
Batch0,,22mar15_10mar15_PWD_m2_sp1_5.1_rev.tif,23090-26588-16704.tif,1,20,29,no,yes,0,0,slightly broken SC
Batch0,,22mar15_10mar15_PWD_m2_sp1_5.3_rev.tif,24851-18455-22223.tif,1,20,28,no,yes,0,0,
Batch0,,17mar15_10mar15_PWD_m2_sp1_6_rev.tif,3120-30471-8064.tif,1,20,31,no,yes,0,0,
Batch0,,22mar15_10mar15_PWD_m2_sp1_8_rev.tif,27200-6628-2894.tif,1,20,31,no,yes,0,0,nonhomlog tangle
Batch0,,17mar15_10mar15_PWD_m2_sp1_9.2_rev.tif,13324-12721-5974.tif,3,20,26,yes,na,0,1,
Batch0,,22mar15_10mar15_PWD_m2_sp1_9_rev.tif,4284-9055-13020.tif,2,20,22,no,yes,0,0,
Batch0,,8jul15_12jun15_WSB_f1_sp1_11_rev.tif,22992-30258-30698.tif,5,20,22,no,na,1,0,broken SC
Batch0,,13jul15_12jun15_WSB_f1_sp1_11_rev.tif,24941-3174-18747.tif,3,20,25,no,na,0,0,
Batch0,,8jul15_12jun15_WSB_f1_sp1_12_rev.tif,16092-21415-11925.tif,3,20,23,no,na,1,0,
Batch0,,13jul15_12jun15_WSB_f1_sp1_12_rev.tif,32240-28900-11459.tif,2,20,25,no,na,0,0,
Batch0,,13jul15_12jun15_WSB_f1_sp1_13_rev.tif,8994-18819-25491.tif,2,20,26,no,na,1,0,
Batch0,,13jul15_12jun15_WSB_f1_sp1_14_rev.tif,12472-28286-8192.tif,5,20,20,no,na,3,0,higher background
Batch0,,13jul15_12jun15_WSB_f1_sp1_15_rev.tif,31659-17922-1318.tif,3,20,22,no,na,2,1,1 chrm has asynasis bubble
Batch0,,8jul15_12jun15_WSB_f1_sp1_16_rev.tif,3913-8291-31845.tif,5,20,22,no,na,3,1,
Batch0,,8jul15_12jun15_WSB_f1_sp1_18_rev.tif,32670-8351-11337.tif,3,20,26,no,na,1,3,some splitting of SC
Batch0,,13jul15_12jun15_WSB_f1_sp1_19_rev.tif,2736-6368-6873.tif,4,20,20,no,na,1,0,
Batch0,,13jul15_12jun15_WSB_f1_sp1_2_rev.tif,13447-22816-25882.tif,5,20,20,no,na,2,0,dim MLH1 signal
Batch0,,8jul15_12jun15_WSB_f1_sp1_2_rev.tif,18158-21823-3889.tif,5,20,22,no,na,2,,"some SC broken, foci not very distinct"
Batch0,,8jul15_12jun15_WSB_f1_sp1_20_rev.tif,12600-3802-17433.tif,4,20,26,no,na,1,0,
Batch0,,8jul15_12jun15_WSB_f1_sp1_21_rev.tif,16282-10827-1487.tif,3,20,27,no,na,0,1,kinda high background. 1 chrom with slightly asyansped region
Batch0,,13jul15_12jun15_WSB_f1_sp1_7_rev.tif,10191-28660-23075.tif,5,20,22,no,na,1,0,"1 broken SC, higher background MLH1"
Batch0,,8jul15_12jun15_WSB_f1_sp1_8_rev.tif,25815-740-3957.tif,4,20,20,no,na,3,0,
Batch0,,8jul15_12jun15_WSB_f1_sp1_9_rev.tif,10887-30766-20245.tif,5,20,22,no,na,0,0,poor MLH1 signal
Batch0,,1jul15_12jun15_WSB_f2_sp1_1_rev.tif,29190-7325-7794.tif,5,20,22,yes,na,2,0,
Batch0,,2aug15_12jun15_WSB_f2_sp1_1_rev.tif,374-26798-23259.tif,3,20,27,yes,yes,0,0,
Batch0,,2aug15_12jun15_WSB_f2_sp1_17_rev.tif,28751-13299-22356.tif,,20,22,no,na,2,0,
Batch0,,1jul15_12jun15_WSB_f2_sp1_18_rev.tif,8311-16458-1817.tif,3,20,23,no,na,1,0,
Batch0,,1jul15_12jun15_WSB_f2_sp1_24_rev.tif,2327-23013-20919.tif,3,20,24,yes,na,2,0,
Batch0,,1jul15_12jun15_WSB_f2_sp1_28_rev.tif,5696-17560-1514.tif,4,20,22,no,na,2,0,
Batch0,,1jul15_12jun15_WSB_f2_sp1_29_rev.tif,23640-19343-8532.tif,2,20,18,no,na,2,0,
Batch0,,18aug15_12jun15_WSB_f2_sp2_14_rev.tif,22874-20065-16963.tif,2,20,22,no,na,1,0,
Batch0,,12jul15_12jun15_WSB_m1_sp1_1_rev.tif,21311-9839-14082.tif,3,20,23,no,na,1,0,
Batch0,,12jul15_12jun15_WSB_m1_sp1_11.1_rev.tif,14887-22597-5656.tif,4,20,20,no,yes,1,0,SC helixy
Batch0,,12jul15_12jun15_WSB_m1_sp1_13.1_rev.tif,28167-25654-12581.tif,5,20,14,no,yes,4,0,
Batch0,,12jul15_12jun15_WSB_m1_sp1_13.2_rev.tif,32658-27026-3309.tif,2,20,19,yes,yes,0,0,
Batch0,,12jul15_12jun15_WSB_m1_sp1_14_rev.tif,6968-29174-26830.tif,4,20,21,no,yes,2,0,
Batch0,,12jul15_12jun15_WSB_m1_sp1_2.1_rev.tif,25044-6895-5463.tif,3,20,20,no,yes,1,0,
Batch0,,12jul15_12jun15_WSB_m1_sp1_3_rev.tif,32160-9268-8286.tif,3,20,25,no,yes,0,0,
Batch0,,12jul15_12jun15_WSB_m1_sp1_4.1_rev.tif,29084-11358-12695.tif,3,20,22,no,yes,2,0,
Batch0,,12jul15_12jun15_WSB_m1_sp1_4.2_rev.tif,32418-18893-14366.tif,3,20,23,no,yes,1,0,
Batch0,,12jul15_12jun15_WSB_m1_sp1_5_rev.tif,2467-23511-31838.tif,2,20,21,no,yes,1,0,
Batch0,,12jul15_12jun15_WSB_m1_sp1_6.3_rev.tif,21262-27935-12218.tif,4,20,26,no,yes,0,0,
Batch0,,12jul15_12jun15_WSB_m1_sp1_7.1_rev.tif,13299-2011-23640.tif,5,20,19,no,yes,3,0,
Batch0,,12jul15_12jun15_WSB_m1_sp1_9.1_rev.tif,22644-30940-5410.tif,2,20,21,no,yes,0,0,
Batch0,,27aug15_12jun15_WSB_m2_sp1_1.1_rev.tif,26753-3098-11904.tif,2,20,21,no,yes,0,0,
Batch0,,30jul15_12jun15_WSB_m2_sp1_1_rev.tif,10931-17138-2131.tif,5,20,22,yes,yes,0,0,very high background
Batch0,,27aug15_12jun15_WSB_m2_sp1_10_rev.tif,30568-17748-30422.tif,2,20,21,no,yes,0,0,
Batch0,,30jul15_12jun15_WSB_m2_sp1_10_rev.tif,47-10624-18836.tif,2,20,26,no,yes,1,0,string of 3 CO
Batch0,,27aug15_12jun15_WSB_m2_sp1_12.1_rev.tif,4337-30063-13174.tif,4,20,21,no,yes,2,0,
Batch0,,27aug15_12jun15_WSB_m2_sp1_16_rev.tif,27410-4758-1709.tif,5,20,19,no,yes,1,0,
Batch0,,27aug15_12jun15_WSB_m2_sp1_18_rev.tif,10607-18245-4579.tif,5,20,19,no,yes,1,0,high background
Batch0,,27aug15_12jun15_WSB_m2_sp1_19_rev.tif,25178-18927-2674.tif,2,20,20,no,yes,1,0,
Batch0,,30jul15_12jun15_WSB_m2_sp1_2.1_rev.tif,2824-21202-29285.tif,3,20,28,no,yes,0,0,
Batch0,,30jul15_12jun15_WSB_m2_sp1_2.2_rev.tif,15044-2188-5625.tif,4,20,19,no,yes,2,0,
Batch0,,27aug15_12jun15_WSB_m2_sp1_21_rev.tif,7322-32446-4972.tif,1,20,25,no,yes,0,0,
Batch0,,27aug15_12jun15_WSB_m2_sp1_22_rev.tif,21825-15505-15078.tif,3,20,20,no,yes,2,0,
Batch0,,27aug15_12jun15_WSB_m2_sp1_23_rev.tif,13069-341-437.tif,5,20,18,no,yes,3,0,
Batch0,,27aug15_12jun15_WSB_m2_sp1_24.1_rev.tif,20635-32455-17114.tif,2,20,27,no,yes,1,0,
Batch0,,30jul15_12jun15_WSB_m2_sp1_3_rev.tif,1815-11900-13115.tif,2,20,25,yes,yes,0,0,
Batch0,,30jul15_12jun15_WSB_m2_sp1_4_rev.tif,12968-20500-5799.tif,3,20,23,yes,yes,1,0,
Batch0,,30jul15_12jun15_WSB_m2_sp1_5_rev.tif,20639-31506-11864.tif,2,20,21,no,yes,1,0,
Batch0,,27aug15_12jun15_WSB_m2_sp1_6_rev.tif,27983-8853-23238.tif,4,20,20,no,yes,1,0,
Batch0,,30jul15_12jun15_WSB_m2_sp1_7.1_rev.tif,2458-12743-32728.tif,3,20,22,no,yes,0,0,
Batch0,,30jul15_12jun15_WSB_m2_sp1_7.2_rev.tif,9353-8632-24729.tif,3,20,22,no,yes,0,0,
Batch0,,30jul15_12jun15_WSB_m2_sp1_7.3_rev.tif,22552-3813-9622.tif,1,20,23,no,yes,0,0,
Batch0,,27aug15_12jun15_WSB_m2_sp1_8.2_rev.tif,3598-3297-37.tif,1,20,26,yes,yes,0,0,
Batch0,,30jul15_12jun15_WSB_m2_sp1_8_rev.tif,14186-10918-6009.tif,2,20,22,no,yes,0,0,
Batch0,,27aug15_12jun15_WSB_m2_sp1_9.1_rev.tif,3534-19042-20527.tif,2,20,25,no,yes,0,0,
Batch0,,27aug15_12jun15_WSB_m2_sp1_9.2_rev.tif,1951-21623-27492.tif,5,20,20,no,yes,1,0,higher backgrond noise
Batch0,,30jul15_12jun15_WSB_m2_sp1_9_rev.tif,31581-5836-23705.tif,4,20,23,no,no,0,0,
Batch0,,19oct15_12oct15_G_m1_sp1_10_rev.tif,25827-8010-551.tif,2,20,24,no,no,0,0,
Batch0,,19oct15_12oct15_G_m1_sp1_11.1_rev.tif,8773-10999-19505.tif,1,20,25,no,yes,0,0,
Batch0,,19oct15_12oct15_G_m1_sp1_11.2_rev.tif,4933-26548-12182.tif,1,20,22,no,yes,0,0,
Batch0,,19oct15_12oct15_G_m1_sp1_12.2_rev.tif,463-24881-1493.tif,2,20,24,no,yes,0,0,
Batch0,,19oct15_12oct15_G_m1_sp1_13_rev.tif,16570-523-25292.tif,1,20,20,no,yes,0,0,
Batch0,,19oct15_12oct15_G_m1_sp1_14_rev.tif,8799-3667-6625.tif,1,20,24,no,yes,0,0,nonhomlogous tangle
Batch0,,19oct15_12oct15_G_m1_sp1_15.1_rev.tif,23212-14551-7133.tif,1,20,22,no,yes,0,0,
Batch0,,19oct15_12oct15_G_m1_sp1_15.2_rev.tif,7337-30042-4089.tif,1,20,24,no,yes,0,0,nonhomlog tangle
Batch0,,19oct15_12oct15_G_m1_sp1_17.1_rev.tif,28727-9372-6078.tif,1,20,21,no,yes,0,0,
Batch0,,19oct15_12oct15_G_m1_sp1_17.2_rev.tif,,1,20,24,no,yes,0,0,
Batch0,,19oct15_12oct15_G_m1_sp1_18.1_rev.tif,7769-30643-15508.tif,2,20,22,no,yes,0,0,
Batch0,,19oct15_12oct15_G_m1_sp1_18.2_rev.tif,29143-8778-19562.tif,3,20,21,no,yes,0,0,
Batch0,,19oct15_12oct15_G_m1_sp1_2.2_rev.tif,22291-10672-28927.tif,2,20,21,no,yes,0,0,
Batch0,,19oct15_12oct15_G_m1_sp1_21.1_rev.tif,22738-13959-12943.tif,1,20,22,no,yes,0,0,
Batch0,,19oct15_12oct15_G_m1_sp1_21.2_rev.tif,16624-2194-10956.tif,1,20,23,no,yes,0,0,
Batch0,,19oct15_12oct15_G_m1_sp1_22_rev.tif,9327-29567-31636.tif,2,20,21,no,yes,0,0,non homlogis tangle
Batch0,,19oct15_12oct15_G_m1_sp1_23_rev.tif,18419-10160-8668.tif,1,20,20,no,yes,0,0,
Batch0,,19oct15_12oct15_G_m1_sp1_24_rev.tif,28508-31298-18702.tif,1,20,23,no,yes,0,0,
Batch0,,19oct15_12oct15_G_m1_sp1_3.2_rev.tif,28966-21145-7035.tif,2,20,27,yes,yes,0,0,
Batch0,,19oct15_12oct15_G_m1_sp1_4_rev.tif,18896-29139-14074.tif,2,20,28,no,yes,0,0,
Batch0,,19oct15_12oct15_G_m1_sp1_6_rev.tif,28002-16449-3665.tif,3,20,22,no,yes,0,0,
Batch0,,19oct15_12oct15_G_m1_sp1_7_rev.tif,5443-7545-7268.tif,1,20,21,no,no,0,0,
Batch0,,19oct15_12oct15_G_m1_sp1_8_rev.tif,19693-6048-13838.tif,1,20,24,no,yes,0,0,
Batch0,,19oct15_12oct15_G_m1_sp1_9_rev.tif,25828-26869-24121.tif,1,20,23,no,yes,0,0,
Batch0,,15mar16_16jan16_G_f1_sp1_3_rev.tif,23662-26982-11146.tif,1,20,36,no,na,0,0,possible nonhomolog tangle
Batch0,,15mar16_16jan16_G_f1_sp1_4_rev.tif,297-26266-5137.tif,2,20,35,no,na,0,0,
Batch0,,15mar16_16jan16_G_f1_sp1_5_rev.tif,59-29759-27681.tif,2,20,30,no,na,0,1,1 sbroken SC 1 slight asynapsis at end of SC
Batch0,,15mar16_16jan16_G_f1_sp1_8_rev.tif,8504-14914-26626.tif,1,20,28,no,na,0,0,
Batch0,,15mar16_16jan16_G_f1_sp1_9_rev.tif,6239-11741-16211.tif,1,20,29,no,na,0,0,
Batch0,,15mar16_16jan16_G_f2_sp1_1_rev.tif,21367-24896-31387.tif,2,20,28,na,na,0,0,
Batch0,,15mar16_16jan16_G_f2_sp1_17_rev.tif,1042-15774-24596.tif,1,20,29,no,na,0,0,
Batch0,,15mar16_16jan16_G_f2_sp1_19_rev.tif,6159-11254-12012.tif,3,20,24,no,na,1,0,
Batch0,,15mar16_16jan16_G_f2_sp1_20_rev.tif,1943-12781-27065.tif,4,20,22,no,na,0,0,some broken SC and non homologous tangle
Batch0,,15mar16_16jan16_G_f2_sp1_23_rev.tif,24025-12067-29114.tif,1,20,36,no,na,0,0,
Batch0,,15mar16_16jan16_G_f2_sp1_25_rev.tif,2118-25754-32481.tif,2,20,26,no,na,0,0,"some broken SC, shorter SC"
Batch0,,15mar16_16jan16_G_f2_sp1_26_rev.tif,13496-3555-14399.tif,3,20,28,no,na,1,0,some SC noise
Batch0,,15mar16_16jan16_G_f2_sp1_27_rev.tif,26051-11491-10284.tif,1,20,24,no,na,0,0,
Batch0,,15mar16_16jan16_G_f2_sp1_3_rev.tif,3701-23541-4923.tif,1,20,27,no,na,0,0,
Batch0,,15mar16_16jan16_G_f2_sp1_30_rev.tif,17727-32366-10779.tif,2,20,24,no,na,0,0,1 broken SC
Batch0,,15mar16_16jan16_G_f2_sp1_33_rev.tif,13606-24795-11085.tif,2,20,34,no,na,0,0,
Batch0,,15mar16_16jan16_G_f2_sp1_5_rev.tif,6369-24986-21234.tif,1,20,30,no,na,0,0,
Batch0,,15mar16_16jan16_G_f2_sp1_7_rev.tif,20692-1059-15173.tif,5,20,26,no,na,0,0,broken SC
Batch0,,15mar16_16jan16_G_f2_sp1_8_rev.tif,23263-17539-10223.tif,1,20,26,no,na,0,0,
Batch0,,15mar16_16jan16_G_f2_sp1_9_rev.tif,28562-2593-20604.tif,4,20,31,no,na,0,2,
Batch0,,10jul15_16jun15_WSB_f4_sp1_10_rev.tif,15414-15876-18733.tif,2,20,25,no,na,0,1,"either YX chrom unpaired, or unsynapsed X"
Batch0,,2aug15_16jun15_WSB_f4_sp1_11_rev.tif,17095-28125-10620.tif,4,20,22,no,na,1,0,slight broken SC
Batch0,,10jul15_16jun15_WSB_f4_sp1_13_rev.tif,28585-30525-13978.tif,5,20,23,no,na,0,2,several asynasped chromosomes
Batch0,,10jul15_16jun15_WSB_f4_sp1_14_rev.tif,24747-10927-12782.tif,5,20,22,no,na,0,0,
Batch0,,10jul15_16jun15_WSB_f4_sp1_15_rev.tif,29310-23382-22753.tif,5,20,21,no,na,1,0,several broken SC
Batch0,,2aug15_16jun15_WSB_f4_sp1_18_rev.tif,20397-25309-9528.tif,5,20,26,no,na,3,0,some broken SC. high background noise
Batch0,,10jul15_16jun15_WSB_f4_sp1_3_rev.tif,13588-18998-28090.tif,4,20,26,no,na,0,0,several broken SC
Batch0,,2aug15_16jun15_WSB_f4_sp1_32_rev.tif,723-29352-25895.tif,5,20,21,no,na,3,1,some broken SC
Batch0,,2aug15_16jun15_WSB_f4_sp1_33_rev.tif,29667-20598-11799.tif,4,20,27,no,na,2,0,several broken SC
Batch0,,2aug15_16jun15_WSB_f4_sp1_36_rev.tif,3456-5995-3888.tif,3,20,23,no,na,1,0,
Batch0,,2aug15_16jun15_WSB_f4_sp1_38_rev.tif,14530-21791-4544.tif,5,20,24,no,yes,2,1,several broken SC
Batch0,,10jul15_16jun15_WSB_f4_sp1_5_rev.tif,24033-13065-25008.tif,3,20,25,no,na,0,0,several broken SC
Batch0,,10jul15_16jun15_WSB_f4_sp1_7_rev.tif,16925-21775-19267.tif,3,20,21,no,na,4,0,
Batch0,,6may15_17apr15_PWD_f1_sp1_1_rev.tif,9937-22117-28962.tif,3,20,22,no,na,1,0,
Batch0,,6may15_17apr15_PWD_f1_sp1_10_rev.tif,11470-27170-3339.tif,5,20,28,no,na,0,0,higher background
Batch0,,6may15_17apr15_PWD_f1_sp1_11_rev.tif,17813-25177-31318.tif,4,20,22,no,na,3,0,
Batch0,,6may15_17apr15_PWD_f1_sp1_12_rev.tif,25391-25385-3293.tif,2,20,26,no,na,0,0,
Batch0,,6may15_17apr15_PWD_f1_sp1_13_rev.tif,18249-5148-4433.tif,2,20,29,no,na,0,0,
Batch0,,6may15_17apr15_PWD_f1_sp1_2_rev.tif,12140-3642-3074.tif,5,20,23,no,na,2,1,1 asynapsed biv
Batch0,,6may15_17apr15_PWD_f1_sp1_21_rev.tif,30579-10264-13777.tif,5,20,19,no,na,2,0,
Batch0,,6may15_17apr15_PWD_f1_sp1_24_rev.tif,11868-7558-19413.tif,4,20,21,no,na,1,0,higher background
Batch0,,6may15_17apr15_PWD_f1_sp1_25_rev.tif,31475-30507-32447.tif,2,20,26,no,na,1,0,
Batch0,,6may15_17apr15_PWD_f1_sp1_28_rev.tif,26752-2611-9954.tif,3,20,25,no,na,0,0,
Batch0,,6may15_17apr15_PWD_f1_sp1_3_rev.tif,2196-19667-29580.tif,3,20,20,no,na,2,0,
Batch0,,6may15_17apr15_PWD_f1_sp1_31_rev.tif,31171-6688-24413.tif,4,20,26,yes,,1,0,on of the chromosomes shaded
Batch0,,6may15_17apr15_PWD_f1_sp1_33_rev.tif,13083-18987-6160.tif,5,20,27,no,na,0,1,1 chrm unsynapsed
Batch0,,6may15_17apr15_PWD_f1_sp1_34_rev.tif,22360-14345-11785.tif,3,20,26,no,no,0,0,
Batch0,,6may15_17apr15_PWD_f1_sp1_35_rev.tif,26813-29626-11754.tif,3,20,25,no,na,0,0,
Batch0,,6may15_17apr15_PWD_f1_sp1_41_rev.tif,8420-19251-10467.tif,4,20,22,no,na,2,0,
Batch0,,6may15_17apr15_PWD_f1_sp1_46_rev.tif,583-26029-17647.tif,3,20,24,yes,na,1,0,
Batch0,,6may15_17apr15_PWD_f1_sp1_6_rev.tif,31933-4565-3630.tif,2,20,31,no,na,0,0,
Batch0,,6may15_17apr15_PWD_f1_sp1_7_rev.tif,7473-32561-6791.tif,2,20,30,no,na,2,0,
Batch0,,9aug15_17apr15_PWD_f2_sp1_10.1_rev.tif,17567-29165-22022.tif,5,20,29,no,na,0,0,some broken SC
Batch0,,9aug15_17apr15_PWD_f2_sp1_10.2_rev.tif,8035-30019-25833.tif,4,20,22,yes,na,0,0,several broken SC
Batch0,,9aug15_17apr15_PWD_f2_sp1_11_rev.tif,27792-4740-26595.tif,5,20,22,yes,na,1,1,1 asynapsed chrm. Some broken SC
Batch0,,9aug15_17apr15_PWD_f2_sp1_12_rev.tif,22594-8992-26182.tif,1,20,33,no,na,0,0,
Batch0,,9aug15_17apr15_PWD_f2_sp1_15_rev.tif,6670-17725-20172.tif,4,20,26,no,na,1,0,nonhomlog tangle
Batch0,,7may15_17apr15_PWD_f2_sp1_16_rev.tif,28868-16416-32321.tif,3,20,27,no,na,2,0,
Batch0,,9aug15_17apr15_PWD_f2_sp1_18.1_rev.tif,21569-21293-1912.tif,2,20,27,no,na,0,0,
Batch0,,7may15_17apr15_PWD_f2_sp1_18_rev.tif,19955-21647-25553.tif,3,20,32,no,na,0,0,
Batch0,,7may15_17apr15_PWD_f2_sp1_19_rev.tif,58-29221-5599.tif,,20,23,no,na,2,0,
Batch0,,9aug15_17apr15_PWD_f2_sp1_19_rev.tif,31385-18332-10767.tif,3,20,32,no,na,0,0,
Batch0,,7may15_17apr15_PWD_f2_sp1_2_rev.tif,4465-12526-2189.tif,5,20,21,no,na,4,0,
Batch0,,9aug15_17apr15_PWD_f2_sp1_21_rev.tif,12344-14179-11868.tif,4,20,22,no,na,2,0,1 broken SC
Batch0,,9aug15_17apr15_PWD_f2_sp1_23_rev.tif,22452-21966-15945.tif,1,20,26,no,na,0,0,
Batch0,,9aug15_17apr15_PWD_f2_sp1_26_rev.tif,10481-22372-12471.tif,4,20,34,no,na,0,0,
Batch0,,9aug15_17apr15_PWD_f2_sp1_27_rev.tif,9956-27998-20639.tif,3,20,28,no,na,0,0,
Batch0,,9aug15_17apr15_PWD_f2_sp1_3.2_rev.tif,23892-27502-11184.tif,3,20,25,no,na,1,0,
Batch0,,9aug15_17apr15_PWD_f2_sp1_30_rev.tif,28835-83-9885.tif,3,20,30,no,na,0,0,several broken SC
Batch0,,9aug15_17apr15_PWD_f2_sp1_31_rev.tif,8416-25374-24579.tif,1,20,26,no,na,0,0,
Batch0,,9aug15_17apr15_PWD_f2_sp1_34_rev.tif,23143-9260-14206.tif,5,20,28,yes,na,0,0,2 broken SC
Batch0,,9aug15_17apr15_PWD_f2_sp1_7_rev.tif,6488-5960-3633.tif,3,20,31,no,na,2,2,2 asyansped chrms
Batch0,,9aug15_17apr15_PWD_f2_sp1_8_rev.tif,1466-16128-21887.tif,4,20,28,no,na,0,2,several broken SC
Batch0,,9aug15_17apr15_PWD_f2_sp1_9_rev.tif,9535-11702-22749.tif,2,20,33,no,na,0,0,some broken SC
Batch0,,30jun15_17apr15_PWD_f3_sp1_1_rev.tif,18210-28519-28863.tif,4,20,25,no,na,3,0,some SC broken
Batch0,,30jun15_17apr15_PWD_f3_sp1_10_rev.tif,9355-24860-9137.tif,3,20,24,no,na,1,0,
Batch0,,30jun15_17apr15_PWD_f3_sp1_11_rev.tif,19595-13282-32031.tif,3,20,32,no,na,0,0,some broken SC
Batch0,,30jun15_17apr15_PWD_f3_sp1_12_rev.tif,29903-24567-648.tif,4,20,26,no,na,1,,possible non homolog tangle
Batch0,,30jun15_17apr15_PWD_f3_sp1_13_rev.tif,7843-28440-16091.tif,4,20,29,no,na,1,0,possible non homllog tangles
Batch0,,30jun15_17apr15_PWD_f3_sp1_18_rev.tif,22901-23479-3739.tif,2,20,27,no,na,0,1,
Batch0,,30jun15_17apr15_PWD_f3_sp1_20_rev.tif,28464-22945-24946.tif,4,20,27,no,na,1,0,nonhomolog tangle
Batch0,,30jun15_17apr15_PWD_f3_sp1_22_rev.tif,19263-17933-14643.tif,5,20,24,no,no,0,0,"broken SC, but bright foci"
Batch0,,30jun15_17apr15_PWD_f3_sp1_24_rev.tif,19284-11753-1963.tif,5,20,19,no,na,3,0,several broken SC
Batch0,,30jun15_17apr15_PWD_f3_sp1_25_rev.tif,6101-26932-8431.tif,1,20,24,no,na,1,0,
Batch0,,30jun15_17apr15_PWD_f3_sp1_30_rev.tif,8681-25451-23237.tif,5,20,26,no,na,3,0,X
Batch0,,30jun15_17apr15_PWD_f3_sp1_33_rev.tif,25995-17771-27941.tif,5,20,25,no,na,0,0,bad Sc
Batch0,,30jun15_17apr15_PWD_f3_sp1_34_rev.tif,2066-2155-15796.tif,4,20,26,no,na,0,0,"great signal, but broken SC"
Batch0,,30jun15_17apr15_PWD_f3_sp1_7_rev.tif,15822-21714-9275.tif,4,20,19,X,na,3,3,"several broken SC, strange asynapsis and chrom tangle "
Batch0,,20may15_17apr15_PWD_f4_sp1_14_rev.tif,12348-31927-15665.tif,4,20,26,no,na,0,0,1 broken SC
Batch0,,20may15_17apr15_PWD_f4_sp1_18_rev.tif,16876-31092-31015.tif,5,20,33,no,na,,0,many broken SC
Batch0,,20may15_17apr15_PWD_f4_sp1_19_rev.tif,24797-10298-32213.tif,2,20,31,no,na,0,0,
Batch0,,20may15_17apr15_PWD_f4_sp1_2_rev.tif,14672-7364-29983.tif,4,20,34,no,na,1,2,
Batch0,,20may15_17apr15_PWD_f4_sp1_20_rev.tif,13196-25273-2843.tif,4,20,23,no,na,4,2,1 chrm with extensive unsynaped and 1 with slight unsynapsed biv
Batch0,,20may15_17apr15_PWD_f4_sp1_21_rev.tif,26920-7831-20474.tif,2,20,29,no,na,2,0,scrunched up chrm
Batch0,,20may15_17apr15_PWD_f4_sp1_23_rev.tif,7294-20178-3949.tif,3,20,24,no,na,3,0,string of three Co
Batch0,,20may15_17apr15_PWD_f4_sp1_25_rev.tif,2567-23401-101.tif,2,20,26,no,na,0,0,
Batch0,,20may15_17apr15_PWD_f4_sp1_26_rev.tif,28668-18373-17965.tif,1,20,36,no,na,0,0,1 SC broken
Batch0,,20may15_17apr15_PWD_f4_sp1_3_rev.tif,13339-28272-11080.tif,5,20,23,no,na,2,0,
Batch0,,20may15_17apr15_PWD_f4_sp1_4_rev.tif,31790-21090-6020.tif,2,20,33,no,na,0,0,
Batch0,,20may15_17apr15_PWD_f4_sp1_9_rev.tif,18834-25848-7234.tif,2,20,29,no,na,1,1,1 chromosome splot and asynapsed
Batch0,,27mar16_17mar16_G_f1_sp1_1_rev.tif,30829-17164-2967.tif,2,20,30,no,na,0,0,
Batch0,,27mar16_17mar16_G_f1_sp1_11_rev.tif,12265-22715-25753.tif,3,20,29,no,no,0,1,1 chrom asynapsed
Batch0,,27mar16_17mar16_G_f1_sp1_12_rev.tif,29613-7510-3810.tif,2,20,31,no,na,0,0,
Batch0,,27mar16_17mar16_G_f1_sp1_13_rev.tif,21785-16019-26555.tif,3,20,31,no,na,0,0,
Batch0,,27mar16_17mar16_G_f1_sp1_15_rev.tif,11693-262-6946.tif,2,20,31,no,na,1,0,1 broken SC
Batch0,,27mar16_17mar16_G_f1_sp1_17_rev.tif,17733-32423-1932.tif,1,20,25,no,na,2,0,
Batch0,,27mar16_17mar16_G_f1_sp1_6_rev.tif,30764-24961-21307.tif,3,20,28,no,na,0,0,
Batch0,,4apr16_17mar16_G_f3_sp1_1_rev.tif,15197-18396-28572.tif,1,20,27,no,no,0,0,
Batch0,,4apr16_17mar16_G_f3_sp1_11_rev.tif,10579-28162-23101.tif,2,20,31,no,na,0,0,non-homologus crossing
Batch0,,4apr16_17mar16_G_f3_sp1_13_rev.tif,1060-8797-31961.tif,3,20,32,no,na,0,0,
Batch0,,4apr16_17mar16_G_f3_sp1_15_rev.tif,29470-20370-19226.tif,3,20,30,no,na,1,0,
Batch0,,4apr16_17mar16_G_f3_sp1_18_rev.tif,4863-1470-31376.tif,2,20,30,no,na,0,0,possible nonhomlog tangle
Batch0,,4apr16_17mar16_G_f3_sp1_2_rev.tif,30810-21446-12248.tif,1,20,29,no,na,0,0,
Batch0,,4apr16_17mar16_G_f3_sp1_20_rev.tif,8913-4934-18263.tif,1,20,32,n,na,0,0,
Batch0,,4apr16_17mar16_G_f3_sp1_23_rev.tif,28612-27090-7706.tif,2,20,24,no,na,0,0,
Batch0,,4apr16_17mar16_G_f3_sp1_25_rev.tif,25753-18182-7728.tif,2,20,27,no,na,0,0,
Batch0,,4apr16_17mar16_G_f3_sp1_26_rev.tif,31953-22087-17606.tif,1,20,32,no,na,0,0,
Batch0,,4apr16_17mar16_G_f3_sp1_28_rev.tif,14291-21887-16564.tif,1,20,32,no,na,0,0,
Batch0,,4apr16_17mar16_G_f3_sp1_3_rev.tif,14862-10265-22548.tif,1,20,25,no,na,0,0,
Batch0,,4apr16_17mar16_G_f3_sp1_31_rev.tif,12373-4532-8773.tif,3,20,30,no,na,0,0,extra SC signal
Batch0,,4apr16_17mar16_G_f3_sp1_34_rev.tif,31475-6261-13633.tif,3,20,29,no,na,1,0,
Batch0,,4apr16_17mar16_G_f3_sp1_36_rev.tif,31512-8270-10793.tif,1,20,28,no,na,0,1,a few slight chrm splitting
Batch0,,4apr16_17mar16_G_f3_sp1_38_rev.tif,18192-3104-18451.tif,1,20,28,no,na,2,0,
Batch0,,4apr16_17mar16_G_f3_sp1_39.1_rev.tif,6023-28983-22064.tif,2,20,28,no,na,1,0,nonhomlog tangle
Batch0,,4apr16_17mar16_G_f3_sp1_39.2_rev.tif,12953-5907-26995.tif,3,20,21,no,na,2,1,1 asynapsis chrm
Batch0,,4apr16_17mar16_G_f3_sp1_39.3_rev.tif,27678-19246-15226.tif,1,20,35,no,na,0,0,nonhomlog tangle
Batch0,,4apr16_17mar16_G_f3_sp1_4_rev.tif,27593-17986-24683.tif,2,20,25,no,na,1,0,
Batch0,,4apr16_17mar16_G_f3_sp1_40_rev.tif,29571-4614-19260.tif,1,20,27,no,na,0,0,nonhomolog tangle
Batch0,,6may15_17apr15_PWD_f1_sp1_45_rev.tif,20459-22711-18971.tif,4,20,27,no,na,0,1,some broken and unsynapsed SC
Batch0,,20jul15_18may15_PWD_m2_sp1_8_rev.tif,20472-20153-17016.tif,1,20,32,no,yes,0,0,
Batch0,,17mar15_10mar15_PWD_m2_sp1_13.2_rev.tif,20477-7611-10990.tif,1,20,32,no,yes,0,0,possible non-homlogus tangle
Batch0,,2apr15_28feb15_PWD_f1_sp1_8_rev.tif,2048-15452-29709.tif,1,20,28,no,na,0,0,
Batch0,,27mar16_6mar16_G_m1_sp1_11_rev.tif,20511-14746-6098.tif,1,20,26,no,yes,0,0,
Batch0,,9mar16_3nov15_WSB_f1_sp3_11_rev.tif,20547-29439-14245.tif,3,20,22,no,na,1,0,
Batch0,,6mar15_1mar15_PWD_m1_sp4_1_rev.tif,2056-10451-31839.tif,5,20?,28,yes,yes,0,0,multiple cells
Batch0,,15mar16_16jan16_G_f1_sp1_6_rev.tif,20575-10468-5319.tif,1,20,29,no,na,0,2,some chromes asynapsed at tips
Batch0,,28jul15_22jun15_G_m2_sp1_2_rev.tif,20587-6611-18693.tif,3,20,23,no,yes,0,0,
Batch0,,30jun15_17apr15_PWD_f3_sp1_23_rev.tif,20609-9736-18959.tif,4,20,24,no,no,1,0,broken SC
Batch0,,4apr16_17mar16_G_f3_sp1_5_rev.tif,15204-31627-8079.tif,1,20,29,no,na,0,0,
Batch0,,4apr16_17mar16_G_f3_sp1_7_rev.tif,16137-21311-16156.tif,1,20,32,no,na,0,0,some extra SC noise
Batch0,,4apr16_17mar16_G_f3_sp1_9_rev.tif,16566-28743-30886.tif,3,20,28,no,na,0,0,
Batch0,,4apr16_17mar16_G_f4_sp1_11_rev.tif,15811-10608-29775.tif,3,20,25,no,na,0,0,
Batch0,,4apr16_17mar16_G_f4_sp1_17_rev.tif,27949-11411-3346.tif,2,20,28,no,na,0,0,
Batch0,,4apr16_17mar16_G_f4_sp1_22_rev.tif,31087-3320-495.tif,1,20,32,no,na,0,0,
Batch0,,4apr16_17mar16_G_f4_sp1_23_rev.tif,10245-11199-28624.tif,3,20,37,no,na,1,0,1 strange synapsed chrm
Batch0,,4apr16_17mar16_G_f4_sp1_27_rev.tif,25166-2422-10245.tif,3,20,25,no,na,1,0,nonhomlog tangle
Batch0,,4apr16_17mar16_G_f4_sp1_28_rev.tif,8309-19004-9550.tif,1,20,33,no,na,0,0,
Batch0,,4apr16_17mar16_G_f4_sp1_29_rev.tif,5589-24118-6562.tif,3,20,30,no,na,1,0,
Batch0,,4apr16_17mar16_G_f4_sp1_30_rev.tif,16997-11517-7360.tif,3,20,28,no,na,1,0,some extra SC
Batch0,,4apr16_17mar16_G_f4_sp1_32_rev.tif,25670-6386-10784.tif,2,20,25,no,na,0,0,
Batch0,,4apr16_17mar16_G_f4_sp1_4_rev.tif,13876-11157-13639.tif,5,20,21,no,na,2,0,possible non homologous tangle
Batch0,,4apr16_17mar16_G_f4_sp1_8_rev.tif,30368-892-26017.tif,3,20,28,no,na,2,0,
Batch0,,4apr16_17mar16_G_f4_sp1_9_rev.tif,29371-1985-20190.tif,4,20,22,no,na,0,0,
Batch0,,27mar16_17mar16_G_f5_sp1_4_rev.tif,1038-29185-12184.tif,1,20,27,no,na,0,0,
Batch0,,27mar16_17mar16_G_f5_sp1_8_rev.tif,1649-8508-18504.tif,1,20,30,na,na,0,0,
Batch0,,20jul15_18may15_PWD_m1_sp1_1_rev.tif,10243-32047-52.tif,1,20,31,no,yes,0,0,
Batch0,,20jul15_18may15_PWD_m1_sp1_10_rev.tif,30771-22627-25037.tif,1,20,27,no,yes,0,0,
Batch0,,20jul15_18may15_PWD_m1_sp1_13_rev.tif,30283-23181-27845.tif,2,20,29,no,yes,0,0,
Batch0,,20jul15_18may15_PWD_m1_sp1_14_rev.tif,19603-12152-28364.tif,3,20,27,yes,yes,0,0,
Batch0,,20jul15_18may15_PWD_m1_sp1_15.1_rev.tif,27640-10606-24265.tif,1,20,30,no,yes,0,0,nonhomlog tangle
Batch0,,20jul15_18may15_PWD_m1_sp1_15.2_rev.tif,3953-32132-7318.tif,1,20,31,no,yes,0,0,
Batch0,,20jul15_18may15_PWD_m1_sp1_16.1_rev.tif,1833-9480-21463.tif,1,20,34,no,yes,0,0,
Batch0,,20jul15_18may15_PWD_m1_sp1_18.1_rev.tif,2709-18315-11531.tif,2,20,32,no,yes,0,0,
Batch0,,20jul15_18may15_PWD_m1_sp1_19_rev.tif,10133-30283-20700.tif,2,20,31,no,yes,0,0,
Batch0,,20jul15_18may15_PWD_m1_sp1_2.1_rev.tif,30773-13040-26807.tif,2,20,34,no,yes,0,0,non homologous tangle
Batch0,,20jul15_18may15_PWD_m1_sp1_2.2_rev.tif,27374-14678-20459.tif,1,20,31,no,yes,0,0,
Batch0,,20jul15_18may15_PWD_m1_sp1_20.3_rev.tif,17395-18677-15696.tif,2,20,31,no,yes,0,0,some SC holes
Batch0,,20jul15_18may15_PWD_m1_sp1_21_rev.tif,8714-2736-14258.tif,2,20,30,no,yes,0,0,nonhomlog tangle
Batch0,,20jul15_18may15_PWD_m1_sp1_23.1_rev.tif,14721-8324-20824.tif,1,20,27,no,1CO,0,0,
Batch0,,20jul15_18may15_PWD_m1_sp1_23.2_rev.tif,19380-15045-1301.tif,2,20,29,no,yes,0,0,
Batch0,,20jul15_18may15_PWD_m1_sp1_24_rev.tif,2503-4669-12523.tif,2,20,30,no,yes,1,0,
Batch0,,20jul15_18may15_PWD_m1_sp1_25_rev.tif,31140-2651-19456.tif,1,20,29,no,yes,0,0,
Batch0,,20jul15_18may15_PWD_m1_sp1_28_rev.tif,20070-18724-2890.tif,1,20,31,no,yes,0,0,
Batch0,,20jul15_18may15_PWD_m1_sp1_29.1_rev.tif,17705-4165-6072.tif,2,20,32,no,yes,0,0,maybe non-homologous tangle
Batch0,,20jul15_18may15_PWD_m1_sp1_29.2_rev.tif,3641-28318-614.tif,1,20,30,no,yes,0,0,non homolog tangle
Batch0,,20jul15_18may15_PWD_m1_sp1_3_rev.tif,3590-4059-22321.tif,,20,34,no,yes,0,0,
Batch0,,20jul15_18may15_PWD_m1_sp1_30_rev.tif,5094-25661-17653.tif,1,20,37,no,yes,0,0,possible nonhomlog tangle
Batch0,,20jul15_18may15_PWD_m1_sp1_5_rev.tif,5704-32213-24291.tif,4,20,26,no,yes,2,0,
Batch0,,20jul15_18may15_PWD_m1_sp1_6.1_rev.tif,28995-25463-29460.tif,2,20,29,no,yes,0,0,
Batch0,,20jul15_18may15_PWD_m1_sp1_6.2_rev.tif,11014-17027-8958.tif,2,20,31,no,1 CO,0,0,
Batch0,,20jul15_18may15_PWD_m1_sp1_7.2_rev.tif,7653-25751-1276.tif,4,20,34,no,yes,0,0,
Batch0,,20jul15_18may15_PWD_m1_sp1_8_rev.tif,13899-23315-12812.tif,3,20,29,no,yes,0,0,
Batch0,,20jul15_18may15_PWD_m1_sp1_9.2_rev.tif,20191-32284-24179.tif,3,20,31,no,yes,0,0,SC structure is not very concrete
Batch0,,20jul15_18may15_PWD_m2_sp1_1_rev.tif,11469-792-19568.tif,3,20,29,no,1 CO,1,0,some SC threads visible
Batch0,,20jul15_18may15_PWD_m2_sp1_10.1_rev.tif,13750-16331-18405.tif,3,20,21,no,yes,1,0,
Batch0,,20jul15_18may15_PWD_m2_sp1_10.1_rev.tif,,2,20,26,no,yes,1,0,non homolog tangle
Batch0,,20jul15_18may15_PWD_m2_sp1_10.2_rev.tif,31418-1602-10048.tif,2,20,28,no,yes,0,1,
Batch0,,20jul15_18may15_PWD_m2_sp1_11.1_rev.tif,10865-7057-4230.tif,2,20,28,no,yes,0,0,
Batch0,,20jul15_18may15_PWD_m2_sp1_12_rev.tif,28502-5579-9708.tif,2,20,31,no,yes,1,0,
Batch0,,20jul15_18may15_PWD_m2_sp1_13_rev.tif,18043-8111-6751.tif,3,20,26,no,yes,2,1,
Batch0,,20jul15_18may15_PWD_m2_sp1_14.2_rev.tif,12951-16261-3242.tif,1,20,30,no,1CO,0,0,SC a little helixy. Possible non-homologus crossing over
Batch0,,20jul15_18may15_PWD_m2_sp1_15.2_rev.tif,11101-22289-11771.tif,3,20,25,no,yes,2,0,non-homologus tangle
Batch0,,20jul15_18may15_PWD_m2_sp1_16.1_rev.tif,1753-24670-28830.tif,4,20,26,no,na,2,0,some higher background
Batch0,,20jul15_18may15_PWD_m2_sp1_16.3_rev.tif,19939-7862-31306.tif,4,20,27,no,yes,0,0,SC structure is bad
Batch0,,20jul15_18may15_PWD_m2_sp1_18_rev.tif,9624-12541-20625.tif,2,20,34,no,yes,0,0,nonhomlogous tangle
Batch0,,20jul15_18may15_PWD_m2_sp1_19_rev.tif,12153-4358-3076.tif,3,20,28,no,yes,0,0,possible non-homlogus tangle
Batch0,,20jul15_18may15_PWD_m2_sp1_2_rev.tif,1292-10414-13675.tif,1,20,28,no,yes,1,0,
Batch0,,20jul15_18may15_PWD_m2_sp1_20_rev.tif,26928-20556-11215.tif,3,20,28,no,yes,1,0,nonhomolog tangle
Batch0,,20jul15_18may15_PWD_m2_sp1_21_rev.tif,19441-25599-16680.tif,5,20,22,no,yes,1,0,
Batch0,,20jul15_18may15_PWD_m2_sp1_22_rev.tif,19872-16525-21045.tif,3,20,34,no,na,1,1,possible unsynapsed chromsome pair
Batch0,,20jul15_18may15_PWD_m2_sp1_23.1_rev.tif,932-2835-29893.tif,3,20,23,no,yes,0,0,possible non homolog tangle
Batch0,,20jul15_18may15_PWD_m2_sp1_24.1_rev.tif,32289-31586-12688.tif,2,20,32,no,yes,0,0,nonhomlog tangle
Batch0,,20jul15_18may15_PWD_m2_sp1_24.2_rev.tif,22377-22051-27862.tif,2,20,31,no,yes,0,1,
Batch0,,20jul15_18may15_PWD_m2_sp1_3.1_rev.tif,13050-28392-32128.tif,2,20,30,no,yes,0,0,
Batch0,,20jul15_18may15_PWD_m2_sp1_3.3_rev.tif,10755-32067-5141.tif,2,20,30,no,yes,0,0,
Batch0,,20jul15_18may15_PWD_m2_sp1_4_rev.tif,3353-23568-10708.tif,2,20,26,no,yes,1,0,non homolog tangle
Batch0,,20jul15_18may15_PWD_m2_sp1_5.2_rev.tif,5757-31955-31317.tif,3,20,27,no,yes,0,0,nonhomlog tangle
Batch0,,20jul15_18may15_PWD_m2_sp1_6_rev.tif,4083-1438-7738.tif,2,20,25,no,yes,1,0,
Batch0,,20jul15_18may15_PWD_m2_sp1_9.1_rev.tif,21350-26505-29709.tif,3,20,27,no,yes,1,0,
Batch0,,10jun15_18may15_WSB_m1_sp1_10_rev.tif,20285-29824-593.tif,1,20,24,yes,yes,0,0,some extra SC signal
Batch0,,10jun15_18may15_WSB_m1_sp1_11_rev.tif,27781-3492-31492.tif,,20,26,no,yes,0,0,
Batch0,,10jun15_18may15_WSB_m1_sp1_12_rev.tif,12507-1254-6593.tif,4,20,23,no,yes,0,0,
Batch0,,10jun15_18may15_WSB_m1_sp1_13_rev.tif,4903-32322-31096.tif,3,20,26,no,yes,1,1,nonhomlog tangle
Batch0,,10jun15_18may15_WSB_m1_sp1_15_rev.tif,19186-25374-13053.tif,2,20,26,yes,yes,0,0,
Batch0,,10jun15_18may15_WSB_m1_sp1_16.1_rev.tif,32682-5241-5749.tif,1,20,23,no,yes,0,0,nonhomolog tangle
Batch0,,10jun15_18may15_WSB_m1_sp1_17_rev.tif,31860-16142-12333.tif,3,20,26,no,yes,0,0,
Batch0,,10jun15_18may15_WSB_m1_sp1_19_rev.tif,11767-3418-16480.tif,2,20,28,no,1 CO,0,0,possible non-homlogus tangle
Batch0,,10jun15_18may15_WSB_m1_sp1_20_rev.tif,24943-1741-6205.tif,1,20,26,yes,no,0,0,
Batch0,,10jun15_18may15_WSB_m1_sp1_3_rev.tif,22619-10317-23890.tif,1,20,26,no,yes,0,0,
Batch0,,10jun15_18may15_WSB_m1_sp1_5_rev.tif,19622-7352-14022.tif,1,20,24,yes,yes,0,0,
Batch0,,10jun15_18may15_WSB_m1_sp1_6_rev.tif,23676-6056-2413.tif,2,20,27,no,yes,0,0,
Batch0,,10jun15_18may15_WSB_m1_sp1_8.1_rev.tif,4525-18929-12554.tif,1,20,25,no,yes,0,0,nonhomlog tangle
Batch0,,10jun15_18may15_WSB_m1_sp1_8.2_rev.tif,835-4220-19923.tif,2,20,24,no,yes,0,0,possible non homolog tangle
Batch0,,10jun15_18may15_WSB_m1_sp1_9.1_rev.tif,21688-31104-15406.tif,1,20,25,no,no,0,0,
Batch0,,10jun15_18may15_WSB_m1_sp1_9.2_rev.tif,2243-11801-513.tif,2,20,23,yes,no,0,0,
Batch0,,8apr15_1apr15_PWD_f1_sp1_1_rev.tif,24464-30320-24390.tif,3,20,23,no,na,1,0,
Batch0,,8apr15_1apr15_PWD_f1_sp1_11_rev.tif,8671-32318-13350.tif,5,20,27,yes,na,3,0,several broken SC
Batch0,,8apr15_1apr15_PWD_f1_sp1_12_rev.tif,28114-14678-3363.tif,3,20,23,no,na,1,1,
Batch0,,8apr15_1apr15_PWD_f1_sp1_13_rev.tif,20189-29117-12966.tif,4,20,25,no,na,1,1,
Batch0,,8apr15_1apr15_PWD_f1_sp1_15_rev.tif,29745-2743-26164.tif,5,20,22,no,na,1,1,
Batch0,,8apr15_1apr15_PWD_f1_sp1_16_rev.tif,11265-29053-15694.tif,3,20,24,no,na,0,1,1 asynapsis bivalent
Batch0,,8apr15_1apr15_PWD_f1_sp1_17_rev.tif,8764-708-14822.tif,5,20,25,yes,na,0,0,several broken SC
Batch0,,8apr15_1apr15_PWD_f1_sp1_19_rev.tif,13889-6172-31032.tif,4,20,31,no,na,0,2,2 bivalents have seperating ends
Batch0,,8apr15_1apr15_PWD_f1_sp1_8_rev.tif,24348-5192-19628.tif,3,20,28,no,na,0,0,
Batch0,,8apr15_1apr15_PWD_f1_sp1_9_rev.tif,18620-7686-22056.tif,4,20,22,no,na,2,,might be some broken SC
Batch0,,7mar15_1mar15_PWD_m1_sp4_1.1_rev.tif,31027-11536-15368.tif,3,20,29,no,na,1,0,
Batch0,,7mar15_1mar15_PWD_m1_sp4_1.2_rev.tif,232-18593-11095.tif,1,20,28,no,yes,0,0,
Batch0,,7mar15_1mar15_PWD_m1_sp4_2_rev.tif,7877-22080-3376.tif,3,20,22,no,yes,3,0,
Batch0,,6mar15_1mar15_PWD_m1_sp4_3_rev.tif,14902-26180-4988.tif,2,20,34,no,yes,0,0,
Batch0,,7mar15_1mar15_PWD_m1_sp4_6.1_rev.tif,22386-11560-8457.tif,3,20,31,no,yes,0,0,
Batch0,,6mar15_1mar15_PWD_m1_sp4_6.1_rev.tif,12978-9900-16281.tif,1,20,32,no,yes,0,0,nonhomlogous tangle
Batch0,,6mar15_1mar15_PWD_m1_sp4_6.1_rev.tif,12978-9900-16281.tif,1,20,32,no,yes,0,0,nonhomlogous tangle
Batch0,,6mar15_1mar15_PWD_m1_sp4_7_rev.tif,15605-14443-18333.tif,4,20,27,no,yes,0,0,
Batch0,,7mar15_1mar15_PWD_m1_sp4_8.1_rev.tif,203-8200-29881.tif,4,20,25,no,yes,2,0,
Batch0,,6mar15_1mar15_PWD_m1_sp4_8_rev.tif,16568-7932-11874.tif,1,20,27,no,yes,0,0,
Batch0,,1mar16_20feb16_G_f3_sp1_10_rev.tif,24286-29431-24989.tif,1,20,26,no,na,0,0,
Batch0,,1mar16_20feb16_G_f3_sp1_12_rev.tif,5704-12836-15845.tif,2,20,32,no,na,0,0,
Batch0,,1mar16_20feb16_G_f3_sp1_13_rev.tif,5588-4320-31203.tif,4,20,36,no,na,1,0,some SC noise
Batch0,,1mar16_20feb16_G_f3_sp1_14_rev.tif,18522-14499-11308.tif,2,20,26,no,na,0,0,some extra SC noise
Batch0,,1mar16_20feb16_G_f3_sp1_15_rev.tif,15896-21931-11803.tif,1,20,27,no,na,0,0,some extra SC noise
Batch0,,1mar16_20feb16_G_f3_sp1_17_rev.tif,29123-146-17601.tif,2,20,24,no,na,1,0,
Batch0,,1mar16_20feb16_G_f3_sp1_18_rev.tif,27793-1403-351.tif,2,20,39,no,na,0,0,
Batch0,,1mar16_20feb16_G_f3_sp1_19_rev.tif,4799-1196-23852.tif,2,20,32,no,na,0,0,
Batch0,,1mar16_20feb16_G_f3_sp1_20_rev.tif,10116-28900-28604.tif,4,20,25,no,na,1,0,maybe some broken SC
Batch0,,1mar16_20feb16_G_f3_sp1_21_rev.tif,9655-25073-29108.tif,4,20,26,no,na,0,0,some asynasped SC areas
Batch0,,1mar16_20feb16_G_f3_sp1_23_rev.tif,6221-31047-5299.tif,1,20,29,no,na,0,0,
Batch0,,1mar16_20feb16_G_f3_sp1_25_rev.tif,4434-20733-19159.tif,3,20,24,no,na,1,1,1 chromosome is quite messy
Batch0,,1mar16_20feb16_G_f3_sp1_26_rev.tif,26220-7473-11658.tif,1,20,37,no,na,0,0,
Batch0,,1mar16_20feb16_G_f3_sp1_27_rev.tif,10997-512-16107.tif,3,20,25,no,na,0,0,
Batch0,,1mar16_20feb16_G_f3_sp1_28_rev.tif,29231-18885-8338.tif,2,20,28,no,na,0,0,
Batch0,,1mar16_20feb16_G_f3_sp1_29_rev.tif,11889-3377-23112.tif,4,20,27,no,na,2,0,"some broken SC, but clear signal"
Batch0,,1mar16_20feb16_G_f3_sp1_3_rev.tif,3528-20977-30326.tif,2,20,36,no,na,0,0,
Batch0,,1mar16_20feb16_G_f3_sp1_30_rev.tif,28591-20325-20149.tif,1,20,24,no,na,0,0,
Batch0,,1mar16_20feb16_G_f3_sp1_33_rev.tif,15070-10184-15812.tif,2,20,28,no,na,0,0,extra SC
Batch0,,1mar16_20feb16_G_f3_sp1_34_rev.tif,21204-1802-26342.tif,5,20,22,no,na,0,0,
Batch0,,1mar16_20feb16_G_f3_sp1_4_rev.tif,9113-17165-19274.tif,3,20,30,no,na,0,0,
Batch0,,1mar16_20feb16_G_f3_sp1_5_rev.tif,11575-19505-17138.tif,1,20,30,no,na,0,0,
Batch0,,1mar16_20feb16_G_f3_sp1_6_rev.tif,15822-24913-26161.tif,3,20,28,no,na,0,0,extra SC noise
Batch0,,1mar16_20feb16_G_f3_sp1_7_rev.tif,17986-25391-31102.tif,3,20,27,no,na,0,0,some extra SC noise
Batch0,,1mar16_20feb16_G_f3_sp1_8_rev.tif,16897-3604-8503.tif,3,20,38,no,na,0,0,extra SC noise
Batch0,,1mar16_20feb16_G_f3_sp1_9_rev.tif,2347-5859-24559.tif,4,20,28,no,na,2,0,some asynansped chrom
Batch0,,9mar16_22feb16_G_m1_sp1_1_rev.tif,22364-9942-3241.tif,1,20,26,no,yes,0,0,
Batch0,,9mar16_22feb16_G_m1_sp1_10_rev.tif,1884-17293-28239.tif,2,20,23,no,no,1,0,
Batch0,,9mar16_22feb16_G_m1_sp1_11_rev.tif,24308-19830-18195.tif,1,20,21,no,yes,0,0,
Batch0,,9mar16_22feb16_G_m1_sp1_13_rev.tif,7042-8172-12845.tif,1,20,30,no,yes,0,0,
Batch0,,9mar16_22feb16_G_m1_sp1_15.2_rev.tif,27892-622-28158.tif,1,20,27,no,yes,0,0,
Batch0,,9mar16_22feb16_G_m1_sp1_16_rev.tif,18696-14763-4525.tif,1,20,25,no,yes,0,0,
Batch0,,9mar16_22feb16_G_m1_sp1_17_rev.tif,15959-17138-23367.tif,2,20,26,no,yes,1,0,
Batch0,,9mar16_22feb16_G_m1_sp1_18_rev.tif,3590-30718-4906.tif,1,20,22,no,yes,0,0,
Batch0,,9mar16_22feb16_G_m1_sp1_2_rev.tif,24521-8057-14739.tif,2,20,22,yes,yes,0,0,
Batch0,,9mar16_22feb16_G_m1_sp1_20_rev.tif,9499-27125-27907.tif,2,20,24,no,yes,0,0,possible non homlogus tangle
Batch0,,9mar16_22feb16_G_m1_sp1_21.1_rev.tif,14966-11259-28867.tif,1,20,26,no,yes,0,0,
Batch0,,9mar16_22feb16_G_m1_sp1_21.2_rev.tif,8591-28718-1534.tif,2,20,36,no,yes,0,0,nonhomlog tangle
Batch0,,9mar16_22feb16_G_m1_sp1_22_rev.tif,4475-21101-18122.tif,1,20,23,no,yes,0,0,
Batch0,,9mar16_22feb16_G_m1_sp1_3_rev.tif,13366-11305-1193.tif,3,20,25,no,yes,0,0,
Batch0,,9mar16_22feb16_G_m1_sp1_4_rev.tif,4688-23382-17413.tif,1,20,26,yes,yes,0,0,
Batch0,,9mar16_22feb16_G_m1_sp1_5_rev.tif,12711-22752-7495.tif,2,20,23,no,yes,0,0,no centomere signal
Batch0,,9mar16_22feb16_G_m1_sp1_6_rev.tif,17041-22821-10302.tif,1,20,20,no,yes,0,0,
Batch0,,9mar16_22feb16_G_m1_sp1_7_rev.tif,20455-29125-31374.tif,1,20,27,no,yes,0,0,
Batch0,,9mar16_22feb16_G_m1_sp1_8_rev.tif,10809-15767-23310.tif,1,20,19,no,yes,0,0,
Batch0,,9mar16_22feb16_G_m1_sp1_9_rev.tif,32744-19914-21055.tif,1,20,27,no,yes,0,0,
Batch0,,20jul15_22jun15_G_m1_sp1_4_rev.tif,4051-7896-6594.tif,2,20,25,no,yes,0,0,
Batch0,,30jul15_22jun15_G_m1_sp1_4_rev.tif,2314-28539-30287.tif,2,20,26,yes,yes,0,0,
Batch0,,30jul15_22jun15_G_m1_sp1_5_rev.tif,1932-9752-18782.tif,4,20,20,yes,yes,0,0,
Batch0,,30jul15_22jun15_G_m1_sp1_6_rev.tif,16828-21829-31535.tif,4,20,23,yes,,1,0,"19 if M, 20 if F. some bivs have loopy asynapsis"
Batch0,,20jul15_22jun15_G_m1_sp1_8.1_rev.tif,21126-1888-30799.tif,3,20,24,yes,yes,0,0,
Batch0,,20aug15_22jun15_G_m1_sp2_1.1_rev.tif,6524-17044-29575.tif,3,20,21,no,yes,1,0,nonhomlog tangle
Batch0,,20aug15_22jun15_G_m1_sp2_1.2_rev.tif,24809-18755-11043.tif,1,20,20,no,yes,0,0,
Batch0,,20aug15_22jun15_G_m1_sp2_10_rev.tif,28518-29925-32197.tif,1,20,25,no,yes,1,0,
Batch0,,20aug15_22jun15_G_m1_sp2_11_rev.tif,9854-29688-16264.tif,2,20,27,no,yes,0,0,
Batch0,,20aug15_22jun15_G_m1_sp2_12_rev.tif,24589-22348-32724.tif,2,20,21,no,yes,0,0,
Batch0,,20aug15_22jun15_G_m1_sp2_13_rev.tif,20830-22923-28694.tif,2,20,21,no,yes,1,0,
Batch0,,20aug15_22jun15_G_m1_sp2_14_rev.tif,28404-31692-1566.tif,4,20,22,no,yes,0,0,
Batch0,,20aug15_22jun15_G_m1_sp2_15.1_rev.tif,11526-7525-14579.tif,4,20,23,no,yes,1,0,higher background
Batch0,,20aug15_22jun15_G_m1_sp2_17.1_rev.tif,3186-6894-8771.tif,3,20,23,no,yes,1,0,1 chrm messy
Batch0,,20aug15_22jun15_G_m1_sp2_19.2_rev.tif,19159-20620-20363.tif,4,20,21,no,yes,0,0,possible non-homologous tangle. Foci not very distinct
Batch0,,20aug15_22jun15_G_m1_sp2_2.1_rev.tif,14053-21953-13475.tif,3,20,21,no,yes,1,0,
Batch0,,20aug15_22jun15_G_m1_sp2_2.2_rev.tif,30476-7765-31202.tif,1,20,23,no,yes,0,0,
Batch0,,20aug15_22jun15_G_m1_sp2_20_rev.tif,23602-23246-8451.tif,3,20,23,no,yes,1,0,
Batch0,,20aug15_22jun15_G_m1_sp2_3_rev.tif,12344-9547-17770.tif,2,20,22,no,yes,1,0,
Batch0,,20aug15_22jun15_G_m1_sp2_5.1_rev.tif,28858-28342-19502.tif,2,20,22,no,yes,0,0,nohomologous tangle
Batch0,,20aug15_22jun15_G_m1_sp2_5.2_rev.tif,26609-2258-22431.tif,3,20,24,no,yes,2,0,
Batch0,,20aug15_22jun15_G_m1_sp2_7_rev.tif,27930-9334-24232.tif,3,20,25,no,yes,0,0,
Batch0,,27jul15_22jun15_G_m2_sp1_10.1_rev.tif,26989-13649-5214.tif,4,20,25,no,yes,0,0,
Batch0,,27jul15_22jun15_G_m2_sp1_10.2_rev.tif,12543-26610-11782.tif,1,20,22,no,yes,0,0,
Batch0,,28jul15_22jun15_G_m2_sp1_11_rev.tif,6462-758-29063.tif,2,20,23,yes,yes,0,0,
Batch0,,27jul15_22jun15_G_m2_sp1_11_rev.tif,9901-30978-13913.tif,4,20,24,yes,yes,0,0,
Batch0,,28jul15_22jun15_G_m2_sp1_12.1_rev.tif,12057-30016-5671.tif,2,20,23,no,1 CO,0,0,
Batch0,,27jul15_22jun15_G_m2_sp1_12_rev.tif,26048-21492-15373.tif,4,20,22,no,yes,,1,bad SC
Batch0,,28jul15_22jun15_G_m2_sp1_14_rev.tif,18824-23703-3462.tif,3,20,25,no,yes,0,0,
Batch0,,28jul15_22jun15_G_m2_sp1_15.1_rev.tif,10063-21348-9548.tif,1,20,19,no,yes,1,0,
Batch0,,28jul15_22jun15_G_m2_sp1_16_rev.tif,9679-6016-9968.tif,1,20,20,no,yes,0,0,
Batch0,,28jul15_22jun15_G_m2_sp1_17_rev.tif,20615-31675-13095.tif,1,20,28,no,yes,0,0,excellent
Batch0,,28jul15_22jun15_G_m2_sp1_18_rev.tif,3832-11706-20867.tif,,20,25,no,yes,0,0,
Batch0,,28jul15_22jun15_G_m2_sp1_19_rev.tif,25070-2445-25472.tif,1,20,23,no,no,0,0,
Batch0,,28jul15_22jun15_G_m2_sp1_20_rev.tif,4326-3552-8860.tif,3,20,26,no,yes,0,0,
Batch0,,28jul15_22jun15_G_m2_sp1_21.1_rev.tif,12254-6759-1486.tif,3,20,23,no,1 CO,0,0,
Batch0,,28jul15_22jun15_G_m2_sp1_21.3_rev.tif,24306-7273-29673.tif,1,20,24,yes,yes,0,0,
Batch0,,28jul15_22jun15_G_m2_sp1_3_rev.tif,24733-5113-3688.tif,1,20,26,no,yes,0,0,
Batch0,,27jul15_22jun15_G_m2_sp1_4.1_rev.tif,13268-9142-22558.tif,3,20,24,no,1CO,,0,
Batch0,,27jul15_22jun15_G_m2_sp1_4.2_rev.tif,20913-30659-1945.tif,3,20,24,no,yes,1,0,
Batch0,,28jul15_22jun15_G_m2_sp1_4_rev.tif,6335-10047-25570.tif,1,20,26,no,yes,0,0,
Batch0,,28jul15_22jun15_G_m2_sp1_5_rev.tif,25472-14911-4777.tif,1,20,24,no,yes,0,0,
Batch0,,28jul15_22jun15_G_m2_sp1_6.1_rev.tif,6953-5474-20672.tif,2,20,23,yes,yes,0,0,
Batch0,,27jul15_22jun15_G_m2_sp1_6_rev.tif,25252-16339-29574.tif,2,20,24,yes,yes,0,0,
Batch0,,28jul15_22jun15_G_m2_sp1_7.2_rev.tif,12536-26629-20400.tif,,20,20,no,yes,1,0,
Batch0,,28jul15_22jun15_G_m2_sp1_7.3_rev.tif,,5,20,20,yes,yes,0,0,
Batch0,,28jul15_22jun15_G_m2_sp1_7.4_rev.tif,,5,20,25,yes,yes,0,0,
Batch0,,27jul15_22jun15_G_m2_sp1_7_rev.tif,29723-26368-6481.tif,4,20,21,no,yes,1,0,
Batch0,,28jul15_22jun15_G_m2_sp1_8_rev.tif,30311-7312-220.tif,1,20,20,no,yes,0,0,
Batch0,,27jul15_22jun15_G_m2_sp1_8_rev.tif,26255-690-20837.tif,1,20,22,no,yes,0,0,
Batch0,,28jul15_22jun15_G_m2_sp1_9_rev.tif,7825-14547-22112.tif,3,20,22,no,yes,0,0,
Batch0,,5jul15_23apr15_PWD_f1_sp1_13_rev.tif,21713-30801-13589.tif,5,20,28,yes,na,0,0,
Batch0,,5jul15_23apr15_PWD_f1_sp1_16_rev.tif,9714-18192-3331.tif,4,20,23,no,na,1,1,
Batch0,,5jul15_23apr15_PWD_f1_sp1_18_rev.tif,29173-18098-1518.tif,3,20,28,no,na,0,0,
Batch0,,5jul15_23apr15_PWD_f1_sp1_19_rev.tif,30546-8082-21629.tif,4,20,24,no,na,0,0,several broken SC
Batch0,,5jul15_23apr15_PWD_f1_sp1_2_rev.tif,14551-1921-23312.tif,5,20,22,no,na,1,0,several broken SC
Batch0,,5jul15_23apr15_PWD_f1_sp1_3_rev.tif,26984-3136-16203.tif,4,20,33,no,na,0,0,
Batch0,,5jul15_23apr15_PWD_f1_sp1_4_rev.tif,999-19342-26644.tif,5,20,27,no,na,1,3,several spliting ends
Batch0,,5jul15_23apr15_PWD_f1_sp1_5_rev.tif,23617-30192-3057.tif,1,20,24,yes,na,1,0,
Batch0,,5jul15_23apr15_PWD_f1_sp1_7_rev.tif,4016-9820-25363.tif,5,20,26,no,na,2,0,several broken SC
Batch0,,5jul15_23apr15_PWD_f1_sp1_8_rev.tif,14188-13526-16229.tif,4,20,23,no,na,2,0,SC noise
Batch0,,5jul15_23apr15_PWD_f1_sp1_9_rev.tif,198-7467-23379.tif,4,20,22,no,na,3,0,some weak foci signal within SC
Batch0,,9aug15_23apr15_PWD_f2_sp1_1_rev.tif,30648-27366-28887.tif,2,20,28,no,na,0,0,
Batch0,,8jun15_23apr15_PWD_f2_sp1_10.1_rev.tif,30078-213-9033.tif,3,20,21,yes,na,1,0,
Batch0,,9aug15_23apr15_PWD_f2_sp1_11_rev.tif,18103-14440-22025.tif,1,20,23,no,na,0,0,
Batch0,,8jun15_23apr15_PWD_f2_sp1_12_rev.tif,28147-14742-20150.tif,2,20,29,no,na,0,0,
Batch0,,8jun15_23apr15_PWD_f2_sp1_13_rev.tif,30313-7306-6953.tif,5,20,24,no,na,1,1,
Batch0,,8jun15_23apr15_PWD_f2_sp1_15_rev.tif,12857-17009-9989.tif,2,20,25,no,na,0,0,SC for one chromosome clouded
Batch0,,8jun15_23apr15_PWD_f2_sp1_16_rev.tif,14659-902-7924.tif,1,20,31,no,na,0,0,
Batch0,,8jun15_23apr15_PWD_f2_sp1_20_rev.tif,9844-26952-8389.tif,3,20,25,no,na,1,0,
Batch0,,8jun15_23apr15_PWD_f2_sp1_21_rev.tif,5779-19404-26085.tif,3,20,34,no,na,0,0,covered up debris SC
Batch0,,8jun15_23apr15_PWD_f2_sp1_25.1_rev.tif,27206-9142-13944.tif,2,20,23,no,na,0,0,
Batch0,,9aug15_23apr15_PWD_f2_sp1_6_rev.tif,19812-19695-6144.tif,5,20,23,no,na,1,0,
Batch0,,8jun15_23apr15_PWD_f2_sp1_6_rev.tif,10648-22989-29300.tif,4,20,27,no,na,0,1,shorter SC
Batch0,,9aug15_23apr15_PWD_f2_sp1_7_rev.tif,1955-31845-28821.tif,5,20,26,no,na,0,0,possible nonhomologous tangle
Batch0,,9aug15_23apr15_PWD_f2_sp1_8_rev.tif,1105-292-1990.tif,2,20,28,yes,na,0,1,very tip of one chrm asynasing
Batch0,,9aug15_23apr15_PWD_f2_sp1_9.1_rev.tif,19715-16528-28685.tif,3,20,30,no,na,0,0,pretty high background
Batch0,,1jul15_23apr15_WSB_f1_sp1_10_rev.tif,1270-32172-29034.tif,2,20,27,no,na,1,0,some SC noise
Batch0,,13jul15_23apr15_WSB_f1_sp1_18_rev.tif,14701-20732-32062.tif,4,20,27,no,na,0,0,
Batch0,,1jul15_23apr15_WSB_f1_sp1_19_rev.tif,15487-8027-31454.tif,5,20,19,no,na,1,,several boken SC
Batch0,,1jul15_23apr15_WSB_f1_sp1_2_rev.tif,9342-22992-12084.tif,4,20,25,no,na,1,0,many broken SC
Batch0,,13jul15_23apr15_WSB_f1_sp1_20_rev.tif,9754-20299-8792.tif,3,20,23,no,na,0,0,
Batch0,,1jul15_23apr15_WSB_f1_sp1_4_rev.tif,27438-28226-15788.tif,3,20,25,no,na,0,1,SC noise and partial asynapsis
Batch0,,13jul15_23apr15_WSB_f1_sp1_4_rev.tif,20357-24179-4600.tif,4,20,26,yes,na,0,0,low foci distinction. Low cell quality
Batch0,,1jul15_23apr15_WSB_f1_sp1_5_rev.tif,3182-21589-24202.tif,4,20,26,no,na,0,0,several broken SC
Batch0,,13jul15_23apr15_WSB_f1_sp1_6_rev.tif,11112-1101-1648.tif,5,20,25,no,na,0,0,some broken SC
Batch0,,8apr15_24mar15_PWD_m2_sp1_10.1_rev.tif,2159-6530-1730.tif,3,20,30,no,yes,1,0,
Batch0,,8apr15_24mar15_PWD_m2_sp1_11_rev.tif,6140-10942-27080.tif,1,20,27,no,yes,0,0,
Batch0,,8apr15_24mar15_PWD_m2_sp1_14_rev.tif,25774-12831-7375.tif,2,20,30,no,yes,1,0,
Batch0,,8apr15_24mar15_PWD_m2_sp1_15.1_rev.tif,31592-31889-30570.tif,2,20,27,no,yes,0,0,
Batch0,,8apr15_24mar15_PWD_m2_sp1_16_rev.tif,19535-31744-9662.tif,5,20,28,no,yes,1,0,some foci not clear
Batch0,,8apr15_24mar15_PWD_m2_sp1_18_rev.tif,29254-4823-13399.tif,3,20,25,no,yes,1,0,
Batch0,,8apr15_24mar15_PWD_m2_sp1_19_rev.tif,17709-30167-12489.tif,3,20,31,no,yes,0,0,
Batch0,,8apr15_24mar15_PWD_m2_sp1_2_rev.tif,25863-25316-26300.tif,2,20,27,no,yes,0,0,nonhomlog tangle
Batch0,,8apr15_24mar15_PWD_m2_sp1_22.3_rev.tif,12504-32750-1559.tif,3,20,28,yes,yes,0,0,possible non-homlogus tangle
Batch0,,8apr15_24mar15_PWD_m2_sp1_23.1_rev.tif,2701-9419-23012.tif,2,20,31,no,yes,0,0,nonhomolog tangle
Batch0,,8apr15_24mar15_PWD_m2_sp1_24_rev.tif,32527-4700-8061.tif,4,20,26,yes,yes,0,0,
Batch0,,8apr15_24mar15_PWD_m2_sp1_25.1_rev.tif,29870-19019-10523.tif,3,20,24,no,yes,0,0,
Batch0,,8apr15_24mar15_PWD_m2_sp1_26_rev.tif,4137-10547-10598.tif,3,20,29,no,yes,0,0,
Batch0,,8apr15_24mar15_PWD_m2_sp1_30.1_rev.tif,29654-4051-2667.tif,3,20,27,yes,yes,1,0,
Batch0,,8apr15_24mar15_PWD_m2_sp1_6_rev.tif,9805-16206-9361.tif,3,20,32,no,yes,0,0,
Batch0,,8apr15_24mar15_PWD_m2_sp1_7_rev.tif,9697-2263-31924.tif,2,20,27,no,yes,1,1,
Batch0,,8apr15_24mar15_PWD_m2_sp1_8_rev.tif,5775-17816-27618.tif,1,20,24,no,yes,1,0,
Batch0,,8apr15_24mar15_PWD_m2_sp1_9.1_rev.tif,9026-28955-5011.tif,4,20,25,yes,yes,0,0,
Batch0,,8apr15_24mar15_PWD_m2_sp1_9.2_rev.tif,4176-5406-24402.tif,3,20,27,yes,yes,1,0,
Batch0,,11mar15_28feb15_PWD_f1_sp1_1_rev.tif,27628-23139-22409.tif,2,20,24,no,na,0,1,1 fully asynasped chrom
Batch0,,11mar15_28feb15_PWD_f1_sp1_11.2_rev.tif,31625-2416-25954.tif,4,20,26,yes,na,1,0,some broken SC
Batch0,,2apr15_28feb15_PWD_f1_sp1_11_rev.tif,8227-8865-20584.tif,3,20,28,no,na,0,0,
Batch0,,11mar15_28feb15_PWD_f1_sp1_13_rev.tif,3975-10841-21653.tif,3,20,21,yes,na,1,0,
Batch0,,11mar15_28feb15_PWD_f1_sp1_14.2_rev.tif,21110-23811-769.tif,2,20,21,no,,1,0,
Batch0,,11mar15_28feb15_PWD_f1_sp1_16_rev.tif,2443-28684-25369.tif,3,20,22,yes,no,0,0,
Batch0,,11mar15_28feb15_PWD_f1_sp1_19_rev.tif,6005-3652-30942.tif,5,20,25,no,na,2,0,
Batch0,,11mar15_28feb15_PWD_f1_sp1_2_rev.tif,26657-14636-11460.tif,2,20,20,no,na,1,0,
Batch0,,11mar15_28feb15_PWD_f1_sp1_5_rev.tif,4159-5048-1410.tif,2,20,20,no,na,1,0,
Batch0,,11mar15_28feb15_PWD_f1_sp1_8_rev.tif,27058-17896-13992.tif,3,20,26,no,na,1,0,some broken SC
Batch0,,2apr15_28feb15_PWD_f1_sp1_9_rev.tif,23580-3641-12788.tif,1,20,29,no,na,0,0,
Batch0,,13mar15_28feb15_PWD_f2_sp1_10_rev.tif,9279-15901-14036.tif,2,20,29,no,na,1,0,
Batch0,,13mar15_28feb15_PWD_f2_sp1_12_rev.tif,22826-28260-5369.tif,3,20,25,yes,na,0,0,extra SC noise
Batch0,,13mar15_28feb15_PWD_f2_sp1_13_rev.tif,7588-16597-18521.tif,2,20,24,no,na,3,0,nnon homolog tangle
Batch0,,13mar15_28feb15_PWD_f2_sp1_14_rev.tif,9331-9828-21317.tif,3,20,26,no,na,0,0,
Batch0,,13mar15_28feb15_PWD_f2_sp1_19_rev.tif,5172-7069-1011.tif,2,20,26,no,na,0,0,1 broken SC
Batch0,,13mar15_28feb15_PWD_f2_sp1_20_rev.tif,30641-23777-22532.tif,2,20,29,no,na,0,2,
Batch0,,13mar15_28feb15_PWD_f2_sp1_21_rev.tif,25272-6584-19732.tif,3,20,21,yes,na,0,0,nonhomlog tangle
Batch0,,13mar15_28feb15_PWD_f2_sp1_22.1_rev.tif,20695-14131-3489.tif,2,20,27,yes,na,0,0,
Batch0,,13mar15_28feb15_PWD_f2_sp1_25_rev.tif,4738-15692-23256.tif,1,20,28,yes,na,0,0,
Batch0,,13mar15_28feb15_PWD_f2_sp1_26_rev.tif,2535-337-31296.tif,3,20,21,no,na,1,1,unsynasped chrm
Batch0,,13mar15_28feb15_PWD_f2_sp1_29_rev.tif,27422-23029-3021.tif,2,20,25,yes,na,0,0,
Batch0,,13mar15_28feb15_PWD_f2_sp1_30_rev.tif,29470-7891-11822.tif,2,20,26,no,na,0,0,
Batch0,,13mar15_28feb15_PWD_f2_sp1_31_rev.tif,25180-4609-1458.tif,1,20,27,yes,na,0,0,nonhomlog tangle
Batch0,,13mar15_28feb15_PWD_f2_sp1_33.2_rev.tif,26167-10842-9547.tif,2,20,25,no,na,0,0,
Batch0,,13mar15_28feb15_PWD_f2_sp1_34.1_rev.tif,5979-11698-9612.tif,4,20,25,yes,na,0,0,
Batch0,,13mar15_28feb15_PWD_f2_sp1_35.1_rev.tif,19471-12867-9883.tif,2,20,31,no,na,0,0,
Batch0,,13mar15_28feb15_PWD_f2_sp1_35.2_rev.tif,30765-19800-12063.tif,3,20,30,no,na,0,0,some broken SC
Batch0,,13mar15_28feb15_PWD_f2_sp1_36.1_rev.tif,26917-21363-26651.tif,3,20,23,no,na,0,0,
Batch0,,13mar15_28feb15_PWD_f2_sp1_36.2_rev.tif,6493-14869-29662.tif,3,20,23,no,na,0,0,
Batch0,,13mar15_28feb15_PWD_f2_sp1_38_rev.tif,11782-9974-28045.tif,4,20,20,no,na,2,0,"weaker foci, higher background"
Batch0,,13mar15_28feb15_PWD_f2_sp1_39_rev.tif,5572-14487-3941.tif,2,20,24,no,na,0,0,
Batch0,,13mar15_28feb15_PWD_f2_sp1_40.1_rev.tif,22554-13777-22426.tif,2,20,24,no,,0,0,
Batch0,,13mar15_28feb15_PWD_f2_sp1_42_rev.tif,23076-4295-4168.tif,2,20,26,no,na,0,0,
Batch0,,13mar15_28feb15_PWD_f2_sp1_43_rev.tif,19702-13580-29530.tif,2,20,24,no,na,0,0,
Batch0,,13mar15_28feb15_PWD_f2_sp1_45_rev.tif,8683-12854-25613.tif,3,20,25,no,na,0,1,1 broken SC
Batch0,,13mar15_28feb15_PWD_f2_sp1_46_rev.tif,16981-14405-8076.tif,1,20,23,no,na,0,0,
Batch0,,13mar15_28feb15_PWD_f2_sp1_48.1_rev.tif,23584-9754-1083.tif,2,20,26,no,na,0,0,
Batch0,,13mar15_28feb15_PWD_f2_sp1_48.2_rev.tif,17430-2684-10067.tif,2,20,20,no,na,2,0,"good SC signal, some foci very faint"
Batch0,,13mar15_28feb15_PWD_f2_sp1_49_rev.tif,15076-21345-7181.tif,1,20,26,no,na,0,0,little extra SC
Batch0,,13mar15_28feb15_PWD_f2_sp1_51_rev.tif,10385-14491-27692.tif,3,20,23,yes,no,0,1,extra SC noise and potential Xyunpaired
Batch0,,13mar15_28feb15_PWD_f2_sp1_6_rev.tif,22818-9011-23122.tif,2,20,24,yes,na,0,0,
Batch0,,2apr15_28feb15_PWD_f3_sp1_10_rev.tif,28088-1533-22832.tif,2,20,29,no,na,0,0,
Batch0,,11mar15_28feb15_PWD_f3_sp1_14.1_rev.tif,23322-30922-28196.tif,1,20,24,no,na,0,0,
Batch0,,11mar15_28feb15_PWD_f3_sp1_15_rev.tif,11786-11498-22853.tif,3,20,26,no,na,0,1,1 asynapsis at the tip
Batch0,,11mar15_28feb15_PWD_f3_sp1_16_rev.tif,27440-31400-7685.tif,3,20,31,no,na,1,0,
Batch0,,11mar15_28feb15_PWD_f3_sp1_17_rev.tif,6740-7971-23729.tif,2,20,30,no,na,0,0,
Batch0,,11mar15_28feb15_PWD_f3_sp1_22_rev.tif,21639-24115-9622.tif,4,20,24,no,no,1,3,
Batch0,,11mar15_28feb15_PWD_f3_sp1_23_rev.tif,14949-12931-57.tif,2,20,25,yes,na,0,0,
Batch0,,11mar15_28feb15_PWD_f3_sp1_24_rev.tif,10199-9710-5960.tif,1,20,26,no,na,0,0,
Batch0,,11mar15_28feb15_PWD_f3_sp1_25.1_rev.tif,24842-18502-11064.tif,2,20,23,no,na,1,0,
Batch0,,11mar15_28feb15_PWD_f3_sp1_26.1_rev.tif,17890-17166-23806.tif,2,20,31,no,na,0,0,
Batch0,,2apr15_28feb15_PWD_f3_sp1_4_rev.tif,24461-28773-19879.tif,1,20,31,no,na,0,0,
Batch0,,11mar15_28feb15_PWD_f3_sp1_5.2_rev.tif,31117-10477-12407.tif,3,20,22,no,na,2,0,non-homologous tangle
Batch0,,11mar15_28feb15_PWD_f3_sp1_6_rev.tif,20297-12085-1083.tif,5,20,18,no,na,4,0,low foci distinction. Low cell quality
Batch0,,2apr15_28feb15_PWD_f3_sp1_6_rev.tif,31985-30356-7445.tif,2,20,24,no,na,0,0,
Batch0,,11mar15_28feb15_PWD_f3_sp1_7_rev.tif,26872-2242-4883.tif,2,20,25,no,na,0,0,some broken SC
Batch0,,2apr15_28feb15_PWD_f3_sp1_7_rev.tif,12675-21979-6047.tif,3,20,30,no,na,0,0,
Batch0,,2apr15_28feb15_PWD_f3_sp1_8_rev.tif,2780-30903-17637.tif,2,20,36,no,na,0,0,
Batch0,,2apr15_28feb15_PWD_f3_sp1_9_rev.tif,6604-16047-13683.tif,3,20,25,no,na,0,0,
Batch0,,11mar15_28feb15_PWD_f3_sp1_9_rev.tif,31754-6804-7957.tif,3,20,28,no,na,1,0,nonhomlog tangle
Batch0,,11mar15_28feb15_PWD_f6_sp1_1_rev.tif,32236-9223-2324.tif,3,20,22,no,na,1,0,
Batch0,,11mar15_28feb15_PWD_f6_sp1_10_rev.tif,27620-18031-17434.tif,2,20,24,yes,na,0,0,
Batch0,,11mar15_28feb15_PWD_f6_sp1_13_rev.tif,29346-16929-3409.tif,4,20,24,no,na,1,0,
Batch0,,11mar15_28feb15_PWD_f6_sp1_15_rev.tif,24041-30751-24114.tif,2,20,32,no,na,0,0,
Batch0,,11mar15_28feb15_PWD_f6_sp1_16_rev.tif,17354-27069-22820.tif,4,20,21,yes,na,2,0,higher background. Foci on SC not the clearest
Batch0,,11mar15_28feb15_PWD_f6_sp1_19.1_rev.tif,30431-27343-13512.tif,2,20,28,no,na,0,0,
Batch0,,11mar15_28feb15_PWD_f6_sp1_2.1_rev.tif,5-25690-27028.tif,3,20,21,no,na,1,1,1 non synapsed chrom
Batch0,,11mar15_28feb15_PWD_f6_sp1_2.2_rev.tif,23082-713-26682.tif,1,20,25,yes,na,0,2,
Batch0,,11mar15_28feb15_PWD_f6_sp1_20_rev.tif,28334-30954-31643.tif,3,20,29,no,na,0,0,
Batch0,,11mar15_28feb15_PWD_f6_sp1_21.1_rev.tif,24778-13615-2327.tif,4,20,21,yes,na,2,0,
Batch0,,11mar15_28feb15_PWD_f6_sp1_21.2_rev.tif,17221-14200-25943.tif,3,20,23,yes,na,1,0,
Batch0,,11mar15_28feb15_PWD_f6_sp1_4_rev.tif,9279-5675-23534.tif,3,20,24,yes,na,0,2,nonhomlogus tangle.
Batch0,,11mar15_28feb15_PWD_f6_sp1_6_rev.tif,450-3554-2012.tif,3,20,25,yes,na,1,0,
Batch0,,11mar15_28feb15_PWD_f6_sp1_7_rev.tif,14668-6038-29399.tif,3,20,23,no,na,1,1,
Batch0,,11mar15_28feb15_PWD_f6_sp1_8.1_rev.tif,21735-4276-16129.tif,2,20,29,yes,na,1,1,
Batch0,,11mar15_28feb15_PWD_f6_sp1_8.2_rev.tif,14314-1776-23820.tif,2,20,26,no,na,0,0,
Batch0,,11mar15_28feb15_PWD_f6_sp1_9.1_rev.tif,32739-7114-7938.tif,3,20,24,no,na,2,0,
Batch0,,11mar15_28feb15_PWD_f6_sp1_9.2_rev.tif,9215-28359-12323.tif,2,20,24,yes,na,1,0,
Batch0,,10apr15_31mar15_WSB_m1_sp1_1_rev.tif,14179-22247-1888.tif,2,20,23,yes,yes,0,0,
Batch0,,29jun15_31mar15_WSB_m1_sp1_10_rev.tif,5479-16467-30397.tif,4,20,23,yes,yes,0,0,
Batch0,,19may15_31mar15_WSB_m1_sp1_13.1_rev.tif,32688-7268-14850.tif,3,20,19,no,yes,2,0,
Batch0,,19may15_31mar15_WSB_m1_sp1_15_rev.tif,26154-29214-32426.tif,3,20,19,yes,no,2,0,
Batch0,,19may15_31mar15_WSB_m1_sp1_16_rev.tif,25273-2215-4863.tif,4,20,25,yes,yes,0,0,
Batch0,,19may15_31mar15_WSB_m1_sp1_19_rev.tif,16502-8773-127.tif,4,20,24,no,yes,0,0,high amount of background
Batch0,,19may15_31mar15_WSB_m1_sp1_2_rev.tif,24618-23641-36.tif,3,20,27,no,na,0,0,nonhomolog tangle
Batch0,,19may15_31mar15_WSB_m1_sp1_20.1_rev.tif,30738-17162-21434.tif,5,20,22,no,yes,1,0,several broken SC
Batch0,,19may15_31mar15_WSB_m1_sp1_21.1_rev.tif,30924-16483-20649.tif,4,20,21,no,yes,2,0,
Batch0,,19may15_31mar15_WSB_m1_sp1_21.2_rev.tif,2147-3711-32641.tif,2,20,23,no,yes,0,0,
Batch0,,19may15_31mar15_WSB_m1_sp1_23_rev.tif,16621-9220-5788.tif,4,20,30,no,yes,0,0,high background
Batch0,,19may15_31mar15_WSB_m1_sp1_24_rev.tif,30061-22174-5586.tif,2,20,31,no,yes,0,0,
Batch0,,19may15_31mar15_WSB_m1_sp1_25_rev.tif,23761-13102-17015.tif,3,20,26,no,yes,0,0,
Batch0,,19may15_31mar15_WSB_m1_sp1_3_rev.tif,17197-18563-32.tif,5,20,20,yes,yes,1,0,hard to distinguish centromeres
Batch0,,10apr15_31mar15_WSB_m1_sp1_4_rev.tif,8728-503-29936.tif,5,20,19,no,yes,1,0,X
Batch0,,19may15_31mar15_WSB_m1_sp1_4_rev.tif,10650-1709-17314.tif,2,20,26,yes,yes,0,0,
Batch0,,19may15_31mar15_WSB_m1_sp1_5_rev.tif,11816-28826-12453.tif,2,20,20,no,no,1,0,small separation of X and Y
Batch0,,19may15_31mar15_WSB_m1_sp1_8_rev.tif,29197-8747-2565.tif,5,20,28,no,yes,0,0,
Batch0,,19may15_31mar15_WSB_m1_sp1_9.1_rev.tif,10823-16577-23426.tif,5,20,22,yes,1 CO,1,1,some extra SC
Batch0,,13apr15_31mar15_WSB_m2_sp1_10.1_rev.tif,21699-29107-31707.tif,2,20,22,yes,yes,1,0,
Batch0,,13apr15_31mar15_WSB_m2_sp1_11_rev.tif,7464-4579-8703.tif,1,20,24,yes,yes,0,0,nonhomolog tangle. One chrm missing centro
Batch0,,13apr15_31mar15_WSB_m2_sp1_12_rev.tif,32302-32202-21869.tif,3,20,24,no,yes,0,0,
Batch0,,13apr15_31mar15_WSB_m2_sp1_13_rev.tif,21068-31433-25783.tif,3,20,26,no,no,0,0,
Batch0,,13apr15_31mar15_WSB_m2_sp1_14_rev.tif,31403-971-29924.tif,2,20,23,yes,yes,1,0,
Batch0,,13apr15_31mar15_WSB_m2_sp1_15_rev.tif,29660-22814-14342.tif,3,20,23,no,yes,0,0,
Batch0,,13apr15_31mar15_WSB_m2_sp1_17.1_rev.tif,4021-2592-14951.tif,4,20,27,no,yes,0,0,
Batch0,,13apr15_31mar15_WSB_m2_sp1_17.3_rev.tif,7980-21375-1106.tif,3,20,21,yes,yes,0,0,
Batch0,,13apr15_31mar15_WSB_m2_sp1_18_rev.tif,26472-169-17355.tif,2,20,24,no,yes,0,0,nonhomlog tangle
Batch0,,13apr15_31mar15_WSB_m2_sp1_19_rev.tif,2655-4262-4602.tif,1,20,26,no,yes,0,0,
Batch0,,13apr15_31mar15_WSB_m2_sp1_2_rev.tif,5635-18679-11544.tif,2,20,22,no,yes,1,0,
Batch0,,13apr15_31mar15_WSB_m2_sp1_20_rev.tif,10997-15561-5617.tif,3,20,24,yes,yes,0,0,"some SC signal spotty, higher background"
Batch0,,13apr15_31mar15_WSB_m2_sp1_21_rev.tif,12224-16107-22100.tif,4,20,26,yes,yes,0,0,extra SC
Batch0,,13apr15_31mar15_WSB_m2_sp1_22_rev.tif,29000-11539-818.tif,1,20,20,no,no,0,0,
Batch0,,13apr15_31mar15_WSB_m2_sp1_3.2_rev.tif,3114-1346-27906.tif,3,20,27,yes,no,0,0,
Batch0,,13apr15_31mar15_WSB_m2_sp1_5_rev.tif,15062-1938-28261.tif,2,20,25,no,yes,0,0,some SC helixy
Batch0,,13apr15_31mar15_WSB_m2_sp1_6.2_rev.tif,17350-4933-11854.tif,4,20,21,yes,yes,2,0,some sketchy SC signal
Batch0,,13apr15_31mar15_WSB_m2_sp1_6.3_rev.tif,5969-27102-21928.tif,1,20,23,no,yes,0,0,
Batch0,,13apr15_31mar15_WSB_m2_sp1_7.1_rev.tif,872-5241-2372.tif,4,20,19,yes,yes,2,0,
Batch0,,13apr15_31mar15_WSB_m2_sp1_7.2_rev.tif,3613-1110-18445.tif,1,20,24,no,yes,0,0,
Batch0,,13apr15_31mar15_WSB_m2_sp1_8_rev.tif,11192-20083-11899.tif,4,20,19,no,yes,1,1,threads of SC seen in bivalents
Batch0,,1mar16_3jan16_G_m1_sp1_1_rev.tif,5822-17255-23792.tif,1,20,20,no,yes,0,0,
Batch0,,1mar16_3jan16_G_m1_sp1_10_rev.tif,9567-19908-6952.tif,1,20,23,nu,yes,0,0,nonhomlogus tangle
Batch0,,1mar16_3jan16_G_m1_sp1_11_rev.tif,3378-24222-4401.tif,1,20,22,no,yes,0,0,
Batch0,,1mar16_3jan16_G_m1_sp1_12_rev.tif,27812-2483-18815.tif,1,20,24,no,yes,0,0,
Batch0,,1mar16_3jan16_G_m1_sp1_13.1_rev.tif,5537-23903-21927.tif,5,20,22,yes,na,1,0,
Batch0,,1mar16_3jan16_G_m1_sp1_13.3_rev.tif,17014-28294-30861.tif,3,20,21,yes,yes,0,0,fair amount of background
Batch0,,1mar16_3jan16_G_m1_sp1_14_rev.tif,16066-21108-27360.tif,1,20,20,yes,yes,0,0,
Batch0,,1mar16_3jan16_G_m1_sp1_15_rev.tif,21441-15519-10681.tif,1,20,21,no,yes,0,0,
Batch0,,1mar16_3jan16_G_m1_sp1_16.1_rev.tif,29887-93-27745.tif,1,20,21,no,yes,0,0,
Batch0,,1mar16_3jan16_G_m1_sp1_17_rev.tif,15594-2563-12621.tif,3,20,22,yes,yes,0,0,
Batch0,,1mar16_3jan16_G_m1_sp1_18.1_rev.tif,28571-14435-12903.tif,1,20,24,no,yes,0,0,
Batch0,,1mar16_3jan16_G_m1_sp1_18.2_rev.tif,26869-12909-15822.tif,1,20,22,no,yes,0,0,
Batch0,,1mar16_3jan16_G_m1_sp1_2_rev.tif,11866-384-686.tif,1,20,24,yes,yes,0,0,
Batch0,,1mar16_3jan16_G_m1_sp1_20.1_rev.tif,8180-7548-12506.tif,1,20,22,no,yes,0,0,
Batch0,,1mar16_3jan16_G_m1_sp1_20.2_rev.tif,29652-4308-12407.tif,1,20,22,no,yes,0,0,
Batch0,,1mar16_3jan16_G_m1_sp1_21_rev.tif,13400-27720-30194.tif,2,20,26,no,no,0,0,XY just a little seperated
Batch0,,1mar16_3jan16_G_m1_sp1_22_rev.tif,4079-31414-14106.tif,1,20,22,no,yes,0,0,
Batch0,,1mar16_3jan16_G_m1_sp1_23_rev.tif,22258-22220-24009.tif,1,20,19,no,yes,0,0,
Batch0,,1mar16_3jan16_G_m1_sp1_24.1_rev.tif,1824-6757-5160.tif,1,20,20,no,yes,0,0,
Batch0,,1mar16_3jan16_G_m1_sp1_24.2_rev.tif,10199-22230-1251.tif,1,20,21,no,yes,0,0,non-homolog crossing
Batch0,,1mar16_3jan16_G_m1_sp1_25.2_rev.tif,7693-11084-29000.tif,1,20,21,no,yes,1,0,nonhomlog tangle
Batch0,,1mar16_3jan16_G_m1_sp1_3.1_rev.tif,563-24997-13246.tif,1,20,20,yes,yes,0,0,
Batch0,,1mar16_3jan16_G_m1_sp1_5.2_rev.tif,3283-29031-6753.tif,1,20,22,no,yes,0,0,
Batch0,,1mar16_3jan16_G_m1_sp1_6_rev.tif,26821-31058-3439.tif,1,20,21,no,yes,0,0,
Batch0,,1mar16_3jan16_G_m1_sp1_7_rev.tif,5372-13078-31031.tif,1,20,22,no,yes,0,0,
Batch0,,1mar16_3jan16_G_m1_sp1_8.1_rev.tif,18804-9486-20666.tif,1,20,19,no,yes,0,0,
Batch0,,1mar16_3jan16_G_m1_sp1_8.2_rev.tif,26619-4703-17901.tif,1,20,22,yes,yes,0,0,
Batch0,,1mar16_3jan16_G_m1_sp1_9.1_rev.tif,18819-179-32574.tif,3,20,22,no,no,2,0,
Batch0,,9mar16_3nov15_WSB_f1_sp3_17_rev.tif,6547-218-3520.tif,2,20,28,no,na,0,0,
Batch0,,9mar16_3nov15_WSB_f1_sp3_18_rev.tif,8462-29333-28508.tif,3,20,25,no,na,0,0,
Batch0,,9mar16_3nov15_WSB_f1_sp3_21_rev.tif,10723-6382-7259.tif,3,20,24,no,na,0,0,synapsis looks funny
Batch0,,9mar16_3nov15_WSB_f1_sp3_22_rev.tif,23318-21453-23334.tif,5,20,27,no,na,0,0,some asynasped chrom
Batch0,,9mar16_3nov15_WSB_f1_sp3_23_rev.tif,19-29202-1204.tif,3,20,23,no,na,1,0,
Batch0,,9mar16_3nov15_WSB_f1_sp3_25_rev.tif,12835-23620-24389.tif,3,20,23,no,na,0,0,SC kinda kinky
Batch0,,9mar16_3nov15_WSB_f1_sp3_26_rev.tif,18436-5810-13655.tif,4,20,20,no,na,2,0,resolution looks weried
Batch0,,9mar16_3nov15_WSB_f1_sp3_27_rev.tif,2314-20481-534.tif,2,20,24,no,na,0,0,
Batch0,,9mar16_3nov15_WSB_f1_sp3_28_rev.tif,12117-5071-15790.tif,3,20,22,no,na,0,0,SC shrunched up
Batch0,,9mar16_3nov15_WSB_f1_sp3_29_rev.tif,9817-13554-32014.tif,5,20,19,no,yes,2,0,
Batch0,,9mar16_3nov15_WSB_f1_sp3_4_rev.tif,8174-223-4043.tif,3,20,24,no,na,2,1,
Batch0,,9mar16_3nov15_WSB_f1_sp3_5_rev.tif,25216-28138-31553.tif,3,20,21,no,na,1,0,
Batch0,,9mar16_3nov15_WSB_f1_sp3_6_rev.tif,21996-18829-178.tif,2,20,30,no,na,0,1,
Batch0,,9mar16_3nov15_WSB_f1_sp3_7_rev.tif,3672-20629-31494.tif,3,20,20,no,na,0,1,"several brooken SC, 1 asynasped chrm"
Batch0,,30apr15_4apr15_WSB_f1_sp1_1_rev.tif,28142-26-3289.tif,3,20,27,no,na,0,0,
Batch0,,23apr15_4apr15_WSB_f1_sp1_10_rev.tif,23976-817-19388.tif,2,20,22,no,na,1,0,
Batch0,,30apr15_4apr15_WSB_f1_sp1_10_rev.tif,27558-6148-4251.tif,4,20,24,no,na,1,0,
Batch0,,23apr15_4apr15_WSB_f1_sp1_14_rev.tif,1497-7863-14123.tif,2,20,23,no,na,1,0,
Batch0,,23apr15_4apr15_WSB_f1_sp1_21_rev.tif,23192-10275-23931.tif,3,20,22,no,na,1,0,some synapsed SC
Batch0,,23apr15_4apr15_WSB_f1_sp1_23_rev.tif,21308-8594-5363.tif,3,20,24,yes,na,1,0,
Batch0,,23apr15_4apr15_WSB_f1_sp1_27_rev.tif,6166-19850-11395.tif,2,20,22,no,na,1,0,
Batch0,,29jun15_4apr15_WSB_f1_sp1_3_rev.tif,12066-12150-15520.tif,4,20,27,no,na,,,tips of several bivalents synapsing
Batch0,,29jun15_4apr15_WSB_f1_sp1_4_rev.tif,2717-8294-32568.tif,3,20,23,no,na,1,0,
Batch0,,23apr15_4apr15_WSB_f1_sp1_4_rev.tif,7626-15059-32457.tif,2,20,26,yes,na,0,0,
Batch0,,29jun15_4apr15_WSB_f1_sp1_5_rev.tif,25581-19778-14876.tif,4,20,21,no,na,3,0,
Batch0,,30apr15_4apr15_WSB_f1_sp1_7_rev.tif,6085-12979-325.tif,3,20,26,no,na,0,0,
Batch0,,23apr15_4apr15_WSB_f1_sp1_9_rev.tif,22694-13575-4200.tif,1,20,29,no,na,0,0,
Batch0,,23apr15_4apr15_WSB_f2_sp1_15_rev.tif,24934-26364-18105.tif,1,20,38,no,na,0,0,
Batch0,,23apr15_4apr15_WSB_f2_sp1_19_rev.tif,1912-20741-3566.tif,1,20,26,yes,na,0,0,
Batch0,,23apr15_4apr15_WSB_f2_sp1_20_rev.tif,5042-29020-24110.tif,2,20,29,no,na,1,0,
Batch0,,23apr15_4apr15_WSB_f2_sp1_21_rev.tif,20021-17117-7715.tif,2,20,24,no,na,1,0,
Batch0,,23apr15_4apr15_WSB_f2_sp1_4_rev.tif,2627-3831-7377.tif,3,20,26,no,na,1,0,
Batch0,,7may15_4apr15_WSB_f2_sp1_5_rev.tif,22877-12817-4090.tif,1,20,22,no,na,1,0,
Batch0,,23apr15_4apr15_WSB_f2_sp1_5_rev.tif,31191-32694-17714.tif,4,20,27,no,na,0,0,some chromsome SC broken
Batch0,,27mar16_6mar16_G_m1_sp1_1_rev.tif,18516-29564-21433.tif,3,20,25,no,yes,0,0,
Batch0,,27mar16_6mar16_G_m1_sp1_10_rev.tif,11407-29799-31751.tif,3,20,23,no,yes,1,0,non-homologous tangle
Batch0,,27mar16_6mar16_G_m1_sp1_15_rev.tif,2399-15245-20023.tif,1,20,22,no,yes,0,0,
Batch0,,27mar16_6mar16_G_m1_sp1_17_rev.tif,8587-12491-9667.tif,1,20,20,no,yes,0,0,
Batch0,,27mar16_6mar16_G_m1_sp1_18_rev.tif,25440-1773-12616.tif,1,20,23,no,yes,0,0,
Batch0,,27mar16_6mar16_G_m1_sp1_19_rev.tif,13473-7941-20350.tif,2,20,20,no,yes,0,1,1 biv has funny seperation
Batch0,,27mar16_6mar16_G_m1_sp1_2_rev.tif,15119-32217-29032.tif,1,20,28,no,no,0,0,
Batch0,,27mar16_6mar16_G_m1_sp1_20_rev.tif,26066-20294-19231.tif,1,20,24,no,yes,0,0,
Batch0,,27mar16_6mar16_G_m1_sp1_21_rev.tif,10412-28589-17120.tif,1,20,23,no,yes,0,0,
Batch0,,27mar16_6mar16_PWD_m1_sp1_1_rev.tif,26919-14356-24704.tif,2,20,29,no,yes,0,0,
Batch0,,27mar16_6mar16_PWD_m1_sp1_2.1_rev.tif,16534-2418-21492.tif,1,20,27,no,yes,0,0,
Batch0,,27mar16_6mar16_PWD_m1_sp1_2.2_rev.tif,9175-2535-27330.tif,3,20,28,no,yes,0,0,nonhomlogus tangle. Some broken SC
Batch0,,27mar16_6mar16_PWD_m1_sp1_3_rev.tif,4738-29181-28236.tif,3,20,30,no,yes,2,0,
Batch0,,27mar16_6mar16_PWD_m1_sp1_4_rev.tif,3153-4055-26927.tif,2,20,27,no,yes,0,0,
Batch0,,27mar16_6mar16_PWD_m1_sp1_5_rev.tif,31579-19566-23520.tif,3,20,26,no,yes,0,0,2 nonhomlogus tangle
Batch0,,29jun15_8oct14_PWD_f4_sp1_1_rev.tif,995-26535-4543.tif,4,20,27,no,na,0,0,some broken SC
Batch0,,2aug15_8oct14_PWD_f4_sp1_1_rev.tif,29335-6052-3980.tif,4,20,25,yes,na,1,0,
Batch0,,2aug15_8oct14_PWD_f4_sp1_10.1_rev.tif,22918-11375-22234.tif,2,20,22,no,na,3,0,
Batch0,,29jun15_8oct14_PWD_f4_sp1_11.1_rev.tif,27505-22651-5170.tif,3,20,26,no,na,1,0,one broken SC
Batch0,,2aug15_8oct14_PWD_f4_sp1_11.1_rev.tif,14294-22301-18884.tif,3,20,26,no,na,2,0,"higher background,"
Batch0,,2aug15_8oct14_PWD_f4_sp1_11.2_rev.tif,31435-7538-25147.tif,3,20,32,no,na,1,0,
Batch0,,29jun15_8oct14_PWD_f4_sp1_13_rev.tif,1723-29571-32688.tif,5,20,23,no,,2,,SC broken. might be too much background
Batch0,,29jun15_8oct14_PWD_f4_sp1_14_rev.tif,17550-22259-25910.tif,3,20,30,no,na,0,1,1 aysnpaed chrm
Batch0,,2aug15_8oct14_PWD_f4_sp1_15_rev.tif,25554-11436-28914.tif,2,20,24,no,na,0,0,
Batch0,,29jun15_8oct14_PWD_f4_sp1_16_rev.tif,28871-22261-17913.tif,3,20,26,no,na,1,0,
Batch0,,29jun15_8oct14_PWD_f4_sp1_17_rev.tif,8120-15303-21157.tif,5,20,23,no,na,3,1,
Batch0,,2aug15_8oct14_PWD_f4_sp1_17_rev.tif,28815-20891-32579.tif,5,20,26,no,na,1,0,SC broken
Batch0,,29jun15_8oct14_PWD_f4_sp1_18_rev.tif,22559-2019-7345.tif,3,20,23,no,na,2,0,
Batch0,,2aug15_8oct14_PWD_f4_sp1_20.1_rev.tif,1563-3405-26121.tif,4,20,20,yes,na,3,0,"sveral broken SC. , extra SC noise"
Batch0,,29jun15_8oct14_PWD_f4_sp1_20_rev.tif,28414-29086-21465.tif,3,20,27,no,na,1,0,
Batch0,,2aug15_8oct14_PWD_f4_sp1_6_rev.tif,17421-6092-8157.tif,4,20,21,no,na,1,0,some extra SC noise
Batch0,,29jun15_8oct14_PWD_f4_sp1_6_rev.tif,840-30024-22095.tif,2,20,29,no,na,0,0,
Batch0,,2aug15_8oct14_PWD_f4_sp1_7_rev.tif,22447-29271-1404.tif,3,20,25,no,na,0,0,
Batch0,,2aug15_8oct14_PWD_f4_sp1_8_rev.tif,26212-27026-20357.tif,4,20,27,no,na,1,0,
Batch0,,25feb15_8oct14_PWD_f8_sp1_10_rev.tif,9637-3842-6776.tif,3,20,28,no,na,1,1,
Batch0,,25feb15_8oct14_PWD_f8_sp1_11_rev.tif,10846-2310-4721.tif,2,20,27,no,na,0,0,small extra ring chrm
Batch0,,19feb15_8oct14_PWD_f8_sp1_11_rev.tif,8491-31355-23397.tif,3,20,23,yes,na,1,0,
Batch0,,19feb15_8oct14_PWD_f8_sp1_12_rev.tif,17735-10291-2660.tif,3,20,21,yes,na,2,0,
Batch0,,25feb15_8oct14_PWD_f8_sp1_13_rev.tif,21685-17998-3208.tif,2,20,26,no,na,0,0,
Batch0,,25feb15_8oct14_PWD_f8_sp1_14_rev.tif,23608-27582-20568.tif,2,20,28,no,no,0,0,
Batch0,,25feb15_8oct14_PWD_f8_sp1_15_rev.tif,31802-29175-20807.tif,2,20,26,no,na,0,0,
Batch0,,19feb15_8oct14_PWD_f8_sp1_16_rev.tif,15585-27757-21039.tif,3,20,22,yes,na,2,0,
Batch0,,25feb15_8oct14_PWD_f8_sp1_18.2_rev.tif,11189-17789-1627.tif,4,20,21,no,na,2,1,tip of asynapsis not paired
Batch0,,25feb15_8oct14_PWD_f8_sp1_19_rev.tif,15570-810-13334.tif,2,20,26,no,na,0,0,
Batch0,,25feb15_8oct14_PWD_f8_sp1_2_rev.tif,27526-20029-12053.tif,4,20,25,no,na,0,2,
Batch0,,25feb15_8oct14_PWD_f8_sp1_21_rev.tif,4583-29035-18408.tif,3,20,28,yes,na,1,0,
Batch0,,25feb15_8oct14_PWD_f8_sp1_22_rev.tif,1409-26868-2966.tif,2,20,23,yes,na,0,0,
Batch0,,25feb15_8oct14_PWD_f8_sp1_28_rev.tif,6066-18056-29430.tif,5,20,26,no,na,2,5,several asynasped chrms
Batch0,,25feb15_8oct14_PWD_f8_sp1_3_rev.tif,17283-8633-1133.tif,3,20,22,no,no/na,1,1,X unpaired or XY pair
Batch0,,25feb15_8oct14_PWD_f8_sp1_30_rev.tif,26370-3983-17884.tif,5,20,24,no,na,0,0,some broken SC
Batch0,,25feb15_8oct14_PWD_f8_sp1_33_rev.tif,28741-12685-29406.tif,3,20,29,no,na,0,0,1 broken SC
Batch0,,25feb15_8oct14_PWD_f8_sp1_34_rev.tif,2909-10429-26487.tif,4,20,24,no,yes,1,1,
Batch0,,25feb15_8oct14_PWD_f8_sp1_38_rev.tif,17512-2349-29505.tif,3,20,23,yes,na,1,0,
Batch0,,25feb15_8oct14_PWD_f8_sp1_39_rev.tif,27208-2592-28099.tif,5,20,22,yes,na,3,0,some broken SC
Batch0,,19feb15_8oct14_PWD_f8_sp1_4_rev.tif,10089-10539-8393.tif,,20,22,yes,na,2,0,1 broken SC
Batch0,,25feb15_8oct14_PWD_f8_sp1_5_rev.tif,26075-24131-12657.tif,2,20,24,no,na,0,0,
Batch0,,25feb15_8oct14_PWD_f8_sp1_6_rev.tif,14882-13073-564.tif,4,20,19,no,na,,,
Batch0,,25feb15_8oct14_PWD_f8_sp1_8_rev.tif,20009-18587-24323.tif,2,20,33,no,na,0,0,
Batch0,,22mar15_10mar15_PWD_m1_sp1_10.3_rev.tif,5713-18526-31516.tif,2,20,29,yes,yes,0,0,
Batch0,,6mar15_1mar15_PWD_m1_sp4_5_rev.tif,3920-17650-473.tif,2,20,29,yes,yes,0,0,
Batch0,,17mar15_10mar15_PWD_m2_sp1_3_rev.tif,7011-25645-30737.tif,3,20,29,yes,yes,0,0,nonhomolog tangle. SC have some asynapsis
Batch0,,17mar15_10mar15_PWD_m2_sp1_5.1_rev.tif,3385-4185-2524.tif,3,20,29,yes,yes,0,0,
Batch0,,17mar15_10mar15_PWD_m1_sp1_3.1_rev.tif,19273-9596-10712.tif,4,20,29,yes,yes,0,0,
Batch0,,9aug15_23apr15_PWD_f2_sp1_5_rev.tif,18435-12596-27766.tif,4,20,29,yes,,0,0,high green background signal
Batch0,,15mar16_16jan16_G_f2_sp1_31_rev.tif,18453-22289-19345.tif,5,20,29,yes,na,1,0,broken SC 
Batch0,,9aug15_17apr15_PWD_f2_sp1_3.1_rev.tif,11713-16602-2692.tif,5,20,29,yes,na,2,2,broken and asynapsed chromosomes
Batch0,,7may15_17apr15_PWD_f2_sp1_10_rev.tif,21919-29554-21.tif,1,20,30,yes,na,0,0,
Batch0,,11mar15_28feb15_PWD_f1_sp1_11.1_rev.tif,19197-12445-20978.tif,2,20,30,yes,na,0,3,
Batch0,,22mar15_10mar15_PWD_m2_sp1_6_rev.tif,399-22025-3615.tif,2,20,30,yes,yes,0,0,non homolog tangle
Batch0,,4apr16_17mar16_G_f3_sp1_16_rev.tif,31174-20010-9019.tif,2,20,30,yes,na,0,1,1 chrom has asynapsis
Batch0,,8apr15_24mar15_PWD_m2_sp1_1_rev.tif,30164-28414-27857.tif,2,20,30,yes,yes,0,0,non homolog tangle
Batch0,,22mar15_10mar15_PWD_m1_sp1_5.2_rev.tif,5401-24137-19486.tif,3,20,30,yes,yes,0,0,nonhomlog tangle
Batch0,,8apr15_1apr15_PWD_f1_sp1_14_rev.tif,3646-4014-16673.tif,3,20,30,yes,na,2,0,several broken SC
Batch0,,22mar15_10mar15_PWD_m2_sp1_5.2_rev.tif,9119-4048-13441.tif,4,20,30,yes,yes,0,0,
Batch0,,8apr15_24mar15_PWD_m2_sp1_10.2_rev.tif,21771-450-26589.tif,1,20,31,yes,yes,0,0,
Batch0,,9mar16_22feb16_G_m1_sp1_15.1_rev.tif,24094-11933-2775.tif,1,20,31,yes,yes,0,0,
Batch0,,6may15_17apr15_PWD_f1_sp1_40_rev.tif,5234-25662-18513.tif,4,20,31,yes,na,2,0,
Batch0,,22mar15_10mar15_PWD_m2_sp1_16.3_rev.tif,17991-3505-28336.tif,5,20,31,yes,na,0,,helixy SC
Batch0,,20jul15_18may15_PWD_m1_sp1_29.3_rev.tif,26138-25610-7300.tif,1,20,32,yes,yes,0,0,
Batch0,,17mar15_10mar15_PWD_m2_sp1_14.2_rev.tif,4476-7949-12186.tif,3,20,32,yes,yes,0,0,some broken SC
Batch0,,5jul15_23apr15_PWD_f1_sp1_12_rev.tif,30054-8935-14604.tif,3,20,32,yes,na,1,0,
Batch0,,7mar15_1mar15_PWD_m1_sp4_5_rev.tif,22572-20483-9613.tif,3,20,32,yes,yes,0,0,
Batch0,,22mar15_10mar15_PWD_m1_sp1_3.1_rev.tif,7972-26496-30150.tif,4,20,32,yes,yes,0,0,possible non homlog tanlge
Batch0,,6may15_17apr15_PWD_f1_sp1_5_rev.tif,17214-2751-26848.tif,4,20,32,yes,na,2,1,perhaps unpaired chromosome?
Batch0,,8apr15_24mar15_PWD_m2_sp1_5.4_rev.tif,22303-29283-7262.tif,4,20,32,yes,yes,0,0,
Batch0,,8apr15_24mar15_PWD_m2_sp1_4_rev.tif,9641-3789-20216.tif,5,20,32,yes,na,0,0,
Batch0,,22mar15_10mar15_PWD_m1_sp1_9.1_rev.tif,16799-26270-8543.tif,2,20,33,yes,yes,0,0,
Batch0,,22mar15_10mar15_PWD_m2_sp1_16.5_rev.tif,26351-10667-10112.tif,5,20,33,yes,yes,0,0,
Batch0,,6mar15_1mar15_PWD_m1_sp4_4_rev.tif,2589-13322-12994.tif,2,20,34,yes,yes,0,0,nonhomlog tangle
Batch0,,22mar15_10mar15_PWD_m2_sp1_20_rev.tif,8918-8058-28278.tif,3,20,34,yes,yes,0,0,
Batch0,,22mar15_10mar15_PWD_m2_sp1_21.1_rev.tif,17848-31355-22285.tif,4,20,34,yes,yes,0,0,shady areas of SC
Batch0,,22mar15_10mar15_PWD_m2_sp1_17.1_rev.tif,17043-16276-31253.tif,4,20,35,yes,yes,,several,"very clear foci, but SC is very confusing"
Batch0,,6mar15_1mar15_PWD_m1_sp4_2_rev.tif,8158-23338-30556.tif,3,20,37,yes,yes,0,0,nonhomolog tangle
Batch0,,8jun15_23apr15_PWD_f2_sp1_23_rev.tif,12603-28038-23599.tif,4,20,37,yes,na,0,0,some broken SC
Batch0,,20may15_17apr15_PWD_f4_sp1_27_rev.tif,3424-13681-13680.tif,3,20,40,yes,na,0,0,
Batch0,,30jun15_17apr15_PWD_f3_sp1_15_rev.tif,15840-8406-5906.tif,5,20,18,,,4,1,X? usynapsed
Batch0,,27aug15_12jun15_WSB_m2_sp1_8.1_rev.tif,2141-8838-15083.tif,2,20,21,,,0,0,
Batch0,,25feb15_8oct14_PWD_f8_sp1_4_rev.tif,20796-1336-28278.tif,3,20,21,,,2,0,
Batch0,,2aug15_16jun15_WSB_f4_sp1_35_rev.tif,21017-10900-8721.tif,5,20,22,,na,4,1,
Batch0,,9mar16_22feb16_G_m1_sp1_12_rev.tif,14210-2130-16821.tif,1,20,23,,yes,0,0,1CO on X chrm
Batch0,,11mar15_28feb15_PWD_f3_sp1_28_rev.tif,15800-6711-19301.tif,3,20,24,,n,1,0,
Batch0,,2aug15_16jun15_WSB_f4_sp1_40_rev.tif,20451-32215-11666.tif,4,20,24,,na,1,0,
Batch0,,5jul15_23apr15_PWD_f1_sp1_21.1_rev.tif,1001-17808-8581.tif,5,20,27,,na,,1,"some broken SC, but bright MLH1 staining"
Batch0,,20jul15_18may15_PWD_m1_sp1_4_rev.tif,11994-8785-3654.tif,1,20,30,,1 Co,0,0,
Batch0,,22mar15_10mar15_PWD_m2_sp1_14.1_rev.tif,17773-27782-19866.tif,4,20,30,,yes,0,0,SC kinda crappy
