mouse,ID,strain,DOB,notes,mouse
10jul19_KAZ_m1,,,6/1/19,,
10jul19_KAZ_m2,,,6/1/19,,
10jul19_KAZ_m3,,,6/1/19,,
10jul19_KAZ_m4,,,6/1/19,,
,,,,,
31may19_SKIVE_m1,,,4/22/19,,
31may19_SKIVE_m2,,,2/8/19,might be a duplicate name (duplicate name?),
31may19_SKIVE_f1,,,5/30/19,,
31may19_SKIVE_f2,,,5/30/19,,
31may19_SKIVE_f3,,,5/30/19,,
31may19_SKIVE_f4,,,5/31/19,,
31may19_SKIVE_f5,,,5/31/19,,
31may19_SKIVE_f6,,,5/31/19,,
31may19_SKIVE_m3,,,,,
,,,,,
23may19_SKIVE_f1,,,5/23/19,,
23may19_SKIVE_f2,,,5/22/19,,
23may19_SKIVE_f3,,,5/22/19,,
,,,,,
1mar19_MOLF_f1,,,2/26/19,,
1mar19_MOLF_f2,,,2/26/19,,
1mar19_MOLF_f3,,,2/26/19,,
1mar19_MOLF_f4,,,2/27/19,,
1mar19_LEW_f1,,,3/1/19,,
1mar19_LEW_f2,,,3/1/19,,
1mar19_LEW_f3,,,3/1/19,,
1mar19_MOLF_m1,,,9/17/18,,
1mar19_LEW_m1,,,10/22/18,,
4feb19_MSM_m1,,,10/1/18,,
4feb19_MSM_m2,,,7/7/18,,
4feb19_MSM_m3,,,4/3/18,,
4feb19_MSM_m4,,,7/29/18,,
4feb19_SKIVE_m1,,,1/31/18,,
4feb19_MOLF_m1,,,5/24/18,,
,,,,,
20dec18_CZECH_m1,,,1/23/18,,
20dec18_PWD_m1,,,(juvi),,
,,,,,
3dec18_PWD_m1,,,11/2/18,,
3dec18_PWD_m2,,,11/2/18,,
3dec18_CZECH_m1,,,1/23/18,,
,,,,,
27oct18_PERC_m1,,,5/25/2018,,27oct18_PERC_m1
27oct18_PERC_m2,,,5/24/2018,,27oct18_PERC_m2
27oct18_PERC_m3,,,march,,27oct18_PERC_m3
27oct18_SKIVE_m1,,,9/3/2018,,27oct18_SKIVE_m1
27oct18_SKIVE_m2,BP2,,1/13/2018,,27oct18_SKIVE_m2
,"Using cell sorting to isolate subpopulations with various expression levels, we show",,,,
,that spontaneous HR rate is highly heterogeneous from cell-to-cell in clonal populations,,,,
27oct18_MOLF_m1,depending on the cellular amount of proteins affecting HR activity.,,5/17/2018,,27oct18_MOLF_m1
27oct18_MOLF_m2,,,9/25/2018,,27oct18_MOLF_m2
27oct18_MOLF_m3,,,9/18/2018,,27oct18_MOLF_m3
,,,,,
26oct18_MOLF_m1,,,7/23/2018,,26oct18_MOLF_m1
26oct18_CZECH_m1,,,8/31/2018,,26oct18_CZECH_m1
26oct18_SKIVE_m1,,,5/5/2018,,26oct18_SKIVE_m1
26oct18_SKIVE_f1,,,,e16.5,26oct18_SKIVE_f1
26oct18_SKIVE_f2,,,,e16.5,26oct18_SKIVE_f2
26oct18_SKIVE_f3,,,,e16.5,26oct18_SKIVE_f3
26oct18_SKIVE_f4,,,,e16.5,26oct18_SKIVE_f4
28sep18_MOLF_m1,,,8/20/2018,,28sep18_MOLF_m1
28sep18_MOLF_m2,,,8/20/2018,,28sep18_MOLF_m2
28sep18_CZECH_m1,,,8/6/2018,,28sep18_CZECH_m1
28sep18_CZECH_m2,,,8/6/2018,,28sep18_CZECH_m2
28sep18_CZECH_m3,,,6/25/2018,,28sep18_CZECH_m3
28sep18_TOM_m1,,,,,28sep18_TOM_m1
,,,,,
,,,,,
28aug18_LEW_f1,,,8/27/2018,,28aug18_LEW_f1
28aug18_MSM_f1,,,8/27/2018,,28aug18_MSM_f1
28aug18_CZECH_f1,,,8/27/2018,,28aug18_CZECH_f1
28aug18_CZECH_f2,,,8/27/2018,,28aug18_CZECH_f2
28aug18_CZECH_f3,,,8/27/2018,,28aug18_CZECH_f3
,,,,,
3sep18_HMI_m1,,,,,3sep18_HMI_m1
3sep18_HMI_m2,,,,,3sep18_HMI_m2
3sep18_HMI_m3,,,,,3sep18_HMI_m3
,,,,,
,,,,,
,,,,,
27aug18_SPRET_m1,,,10/24/2017,,27aug18_SPRET_m1
27aug18_AST_m1,,,4/12/2017,,27aug18_AST_m1
27aug18_HMI_m1,,,10/30/2017,,27aug18_HMI_m1
27aug18_HMI_m2,,,10/30/2017,,27aug18_HMI_m2
27aug18_CZECH_m1,,,4/26/2018,,27aug18_CZECH_m1
,,,,,
7aug18_SPIC_m1,,,7/6/2018,,7aug18_SPIC_m1
7aug18_LEW_m1,,,7/6/2018,,7aug18_LEW_m1
7aug18_AST_m1,AST_3,,4/12/2017,,7aug18_AST_m1
7aug18_SPRET_m1,,,6/20/2017,,7aug18_SPRET_m1
7aug18_SPRET_m2,,,6/20/2017,,7aug18_SPRET_m2
2aug18_SPIC_m1,,,6/22/2018,,2aug18_SPIC_m1
2aug18_SPRET_m1,,,9/25/2017,,2aug18_SPRET_m1
,,,,,
3jul18_SKIVE_f1,,,7/2/2018,,3jul18_SKIVE_f1
3jul18_SKIVE_f2,,,7/2/2018,,3jul18_SKIVE_f2
3jul18_TOM_m1,,,4/26/2017,,3jul18_TOM_m1
4jul18_MAD_m23,,,NA,,4jul18_MAD_m23
4jul18_MAD_m24,,,NA,,4jul18_MAD_m24
28jun18_MOLF_m1,,,5/24/2018,,28jun18_MOLF_m1
28jun18_TOM_m1,,,4/26/2017,,28jun18_TOM_m1
28jun18_HMI_m1,,,10/30/2017,,28jun18_HMI_m1
28jun18_SPIC_m1,,,5/7/2018,,28jun18_SPIC_m1
28jun18_SPIC_m2,,,5/7/2018,,28jun18_SPIC_m2
28jun18_SPIC_m3,,,5/7/2018,,28jun18_SPIC_m3
28jun18_MAD_19,,,NA,,28jun18_MAD_19
28jun18_MAD_18,,,NA,,28jun18_MAD_18
,,,,,
8jun18_CZECH_m1,,,4/1/2018,,8jun18_CZECH_m1
8jun18_CZECH_m2,,,4/1/2018,,8jun18_CZECH_m2
8jun18_AST_m1,,,,,8jun18_AST_m1
8jun18_SPIC_m1,,,2/19/2018,,8jun18_SPIC_m1
8jun18_SPIC_m2,,,2/19/2018,,8jun18_SPIC_m2
,,,,,
8jun18_SKIVE_f1,,,6/7/2018,,8jun18_SKIVE_f1
8jun18_SKIVE_f2,,,6/7/2018,,8jun18_SKIVE_f2
8jun18_SKIVE_f3,,,6/7/2018,,8jun18_SKIVE_f3
,,,,,
30may18_KAZ_m1,,,4/2/2018,,30may18_KAZ_m1
30may18_KAZ_m2,,,4/2/2018,,30may18_KAZ_m2
30may18_KAZ_m3,,,4/2/2018,,30may18_KAZ_m3
,,,,,
30may18_SPIC_f1,,,5/30/2018,,30may18_SPIC_f1
30may18_SPIC_f2,,,5/30/2018,,30may18_SPIC_f2
30may18_SPIC_f3,,,5/30/2018,,30may18_SPIC_f3
30may18_SPIC_f4,,,5/30/2018,,30may18_SPIC_f4
30may18_SPIC_f5,,,5/30/2018,,30may18_SPIC_f5
,,,,,
21may18_KAZ_m2,,,4/2/2018,,21may18_KAZ_m2
21may18_KAZ_m1,,,3/12/2018,,21may18_KAZ_m1
,,,,,
19may18_KAZ_m1,,,12/30/2017,,19may18_KAZ_m1
19may18_KAZ_m2,,,10/3/2017,,19may18_KAZ_m2
,,,,,
19may18_SPIC_m1,,,4/9/2017,,19may18_SPIC_m1
19may18_SPIC_m2,,,4/9/2017,,19may18_SPIC_m2
30may18_MAD_m15,,,,,30may18_MAD_m15
9apr18_MAD_m13,,,,,9apr18_MAD_m13
9apr18_MAD_m14,,,,,9apr18_MAD_m14
,,,,,
9apr18_CAROLI_m1,,,7/20/2017,,9apr18_CAROLI_m1
9apr18_KAZ_m1,,,3/15/2017,,9apr18_KAZ_m1
9apr18_KAZ_m2,,,3/15/2017,,9apr18_KAZ_m2
,,,,,
1mar18_CAROLI_m1,,,7/20/2017,,1mar18_CAROLI_m1
1mar18_WSB_m1,,,6/21/2017,,1mar18_WSB_m1
1mar18_WSB_m2,,,3/30/2017,,1mar18_WSB_m2
,,,,,
11feb18_KAZ_m1,,,11/26/2017,,11feb18_KAZ_m1
11feb18_KAZ_m2,,,10/3/2017,,11feb18_KAZ_m2
11feb18_KAZ_m3,,,10/11/2017,,11feb18_KAZ_m3
3feb18_MAD_m12,,,,,3feb18_MAD_m12
3feb18_MAD_m11,,,,,3feb18_MAD_m11
,,,,,
1feb18_KAZ_f1,,,2/1/2018,neonate,1feb18_KAZ_f1
1feb18_KAZ_f2,,,2/1/2018,neonate,1feb18_KAZ_f2
1feb18_KAZ_f3,,,2/1/2018,neonate,1feb18_KAZ_f3
1feb18_KAZ_f4,,,2/1/2018,neonate,1feb18_KAZ_f4
1feb18_KAZ_f5,,,2/1/2018,neonate,1feb18_KAZ_f5
1feb18_KAZ_f6,,,2/1/2018,neonate,1feb18_KAZ_f6
1feb18_LEW_f1,,,2/1/2018,neonate,1feb18_LEW_f1
1feb18_LEW_m1,,,12/6/2017,,1feb18_LEW_m1
1feb18_MSM_m1,,,12/5/2017,,1feb18_MSM_m1
1feb18_KAZ_m1,original BP,,4/12/2017,,1feb18_KAZ_m1
,,,,,
11jan18_KAZ_m1,,,3/15/2017,43w,11jan18_KAZ_m1
11jan18_KAZ_m2,,,11/4/2017,9w,11jan18_KAZ_m2
11jan18_KAZ_m3,,,11/4/2017,9w,11jan18_KAZ_m3
11jan18_KAZ_m4,,,11/4/2017,9w,11jan18_KAZ_m4
11jan18_SPRET_m1,,,4/27/2017,,11jan18_SPRET_m1
11jan18_SPIC_m1,,,4/6/2017,,11jan18_SPIC_m1
11jan18_KAZ_f1,,,1/11/2018,neonate,11jan18_KAZ_f1
11jan18_KAZ_f2,,,1/11/2018,neonate,11jan18_KAZ_f2
11jan18_KAZ_f3,,,1/11/2018,neonate,11jan18_KAZ_f3
,,,,,
11jan18_SPIC_f1,,,1/10/2018,neonate,11jan18_SPIC_f1
11jan18_SPIC_f2,,,1/10/2018,neonate,11jan18_SPIC_f2
,,,,,
31dec17_MSM_f1,,MSM,12/31/2017,neonate,31dec17_MSM_f1
31dec17_MSM_f2,,MSM,12/31/2017,neonate,31dec17_MSM_f2
31dec17_MSM_f3,,MSM,12/31/2017,neonate,31dec17_MSM_f3
31dec17_MSM_f4,,MSM,12/31/2017,neonate,31dec17_MSM_f4
31dec17_MSM_f5,,MSM,12/31/2017,neonate,31dec17_MSM_f5
31dec17_SPIC_f1,,SPIC,12/31/2017,neonate,31dec17_SPIC_f1
31dec17_SPIC_f2,,SPIC,12/31/2017,neonate,31dec17_SPIC_f2
,,,,,
4dec17_SPIC_f1,,SPIC,4-Dec-17,neonate,4dec17_SPIC_f1
4dec17_SPIC_f2,,SPIC,4-Dec-17,neonate,4dec17_SPIC_f2
4dec17_SPIC_m1,,SPIC,10/5/2017,,4dec17_SPIC_m1
4dec17_KAZ_m1,,KAZ,10/3/2017,,4dec17_KAZ_m1
4dec17_HMI_m1,,HMI,4/2/2017,,4dec17_HMI_m1
,,,,,
,,,,,
30oct17_SPIC_f1,,SPIC,10/30/2017,neonate,30oct17_SPIC_f1
30oct17_SPIC_m1,,SPIC,4/6/2017,,30oct17_SPIC_m1
30oct17_SPIC_m2,,SPIC,9/10/2017,,30oct17_SPIC_m2
30oct17_SPIC_m3,,SPIC,9/10/2017,,30oct17_SPIC_m3
30oct17_SPIC_m4,,SPIC,9/10/2017,,30oct17_SPIC_m4
30oct17_HMI_m1,,,8/27/2017,,30oct17_HMI_m1
19oct17_SPRET_f1,,SPRET,10/18/2017,24 hr,19oct17_SPRET_f1
19oct17_SPRET_f2,,SPRET,10/18/2017,24hr,19oct17_SPRET_f2
19oct17_SPIC_f1,,SPIC,10/18/2017,24hr,19oct17_SPIC_f1
19oct17_SPIC_f2,,SPIC,10/18/2017,24hr,19oct17_SPIC_f2
19oct17_SPIC_f3,,SPIC,10/18/2017,24hr,19oct17_SPIC_f3
19oct17_SPIC_f4,,SPIC,10/18/2017,24hr,19oct17_SPIC_f4
13oct17_MAD_m9,,"Wild, Pero",NA,NA,13oct17_MAD_m9
13oct17_WSB_f1,,WSB,10/13/2017,neonate,13oct17_WSB_f1
13oct17_WSB_f2,,WSB,10/13/2017,neonate,13oct17_WSB_f2
13oct17_SPRET_m1,,SPRET,7/26/2017,,13oct17_SPRET_m1
13oct17_SPRET_m2,,SPRET,7/26/2017,,13oct17_SPRET_m2
23sep17_CAST_m1,,,10/25/2016,,23sep17_CAST_m1
23sep17_CAST_m2,,,10/25/2016,,23sep17_CAST_m2
,,,,,
9oct17_LEW_f1,,LEW,10/9/2017,10oct17_LEW_f1,10oct17_LEW_f1
9oct17_MSM_m1,,,6/19/2017,10oct17_MSM_m1,10oct17_MSM_m1
9oct17_MSM_m2,,,3/12/2017,10oct17_MSM_m2,10oct17_MSM_m2
9oct17_WSB_m1,,WSB,8/3/2016,10oct17_WSB_m1,10oct17_WSB_m1
9oct17_SPRET_m1,,SPRET,6/20/2017,"16w, 10oct17_SPRET_m1",10oct17_SPRET_m1
9oct17_LEW_m1,,LEW,7/11/2017,"13w, 10oct17_LEW_m1",10oct17_LEW_m1
9oct17_LEW_m2,,LEW,7/11/2017,"13w, 10oct17_LEW_m2",10oct17_LEW_m2
9oct17_LEW_m3,,LEW,7/11/2017,"13w, 10oct17_LEW_m3",10oct17_LEW_m3
,,,,,
13oct17_MAD_m8,,"Wild, Pero",NA,NA,13oct17_MAD_m8
23sep17_SPRET_f1,,SPRET,9/22/2017,>24 hours,23sep17_SPRET_f1
23sep17_SPRET_f2,,SPRET,9/22/2017,>24 hours,23sep17_SPRET_f2
23sep17_SPRET_f3,,SPRET,9/22/2017,>24 hours,23sep17_SPRET_f3
18sep17_LEW_m1,,LEW,3/24/2017,,18sep17_LEW_m1
18sep17_LEW_m2,,LEW,5/31/2017,,18sep17_LEW_m2
18sep17_LEW_m3,,LEW,5/24/2017,,18sep17_LEW_m3
18sep17_LEW_m4,,LEW,5/5/2017,,18sep17_LEW_m4
18sep17_LEW_m5,,LEW,5/5/2017,,18sep17_LEW_m5
12sep17_PWD_m1,,PWD,8/31/2017,juvinile,12sep17_PWD_m1
12sep17_PWD_m2,,PWD,8/31/2017,juvinile,12sep17_PWD_m2
12sep17_PWD_m3,,PWD,8/31/2017,juvinile,12sep17_PWD_m3
13sep17_LEW_m1,,LEW,9/1/2017,juvinile,13sep17_LEW_m1
13sep17_LEW_m2,,LEW,9/1/2017,juvinile,13sep17_LEW_m2
13sep17_LEW_m3,,LEW,9/1/2017,juvinile,13sep17_LEW_m3
24aug17_CAST_m1,,,4/27/2016,,24aug17_CAST_m1
24aug17_SPRET_m1,,,4/24/2017,,24aug17_SPRET_m1
24aug17_PERC_m1,,,,,24aug17_PERC_m1
24aug17_MAD_m6,,"Wild, Pero",NA,mature,24aug17_MAD_m6
24aug17_MAD_m7,,"Wild, Pero",NA,mature,24aug17_MAD_m7
22aug17_MAD_m1,,"Wild, Pero",NA,mature,22aug17_MAD_m1
22aug17_MAD_m3,,"Wild, Pero",NA,juvinille,22aug17_MAD_m3
21aug17_SPI_f1,,Spic,8/21/2017,"neonate, recently died",21aug17_SPI_f1
21aug17_SPI_f2,,Spic,8/21/2017,"neonate, recently died",21aug17_SPI_f2
21aug17_SPI_f3,,Spic,8/21/2017,"neonate, recently died",21aug17_SPI_f3
31jul17_HMI_m1,,HMI,4/27/2017,,31jul17_HMI_m1
13jul17_MSM_f1,,MSM,7/13/2017,,13jul17_MSM_f1
13jul17_MSM_f2,,MSM,7/13/2017,,13jul17_MSM_f2
13jul17_SPRET_f1,,SRET,,embryo (e18),13jul17_SPRET_f1
13jul17_SPRET_f2,,SRET,,embryo (e18),13jul17_SPRET_f2
13jul17_SPRET_f3,,SRET,,embryo (e18),13jul17_SPRET_f3
13jul17_SPRET_m1,,,10/13/2016,,13jul17_SPRET_m1
5jul17_SPRET,,,,,5jul17_SPRET
5jul17_MSM_m1,,MSM,12/1/2016,,5jul17_MSM_m1
5jul17_PERC_m1,,,5/23/2016,,5jul17_PERC_m1
5jul17_CAST_m1,,,11/24/2015,,5jul17_CAST_m1
5jul17_SPRET_m1,founder?,,,arrived 12/5/16,5jul17_SPRET_m1
30may17_SPRET_f1,,,5/30/2017,neonate,30may17_SPRET_f1
30may17_SPRET_m1,,,4/9/2017,,30may17_SPRET_m1
30may17_MSM_m1,,MSM,12/1/2016,,30may17_MSM_m1
8may17_CAST_f1,,CAST,5/8/2017,neonate,8may17_CAST_f1
8may17_LEW_m2,,LEW,8/20/2016,,8may17_LEW_m2
8may17_LEW_m1,1.2.m2,LEW,10/6/2016,,8may17_LEW_m1
8may17_SPRET_m1,,SRET,1/22/2017,,8may17_SPRET_m1
,,,,,
10apr17_LxP.F1_f1,,F1,4/10/2017,,10apr17_LxP.F1_f1
10apr17_LxP.F1_f2,,F1,4/10/2017,,10apr17_LxP.F1_f2
10apr17_LxP.F1_f3,,F1,4/10/2017,,10apr17_LxP.F1_f3
6apr17_LEW_m1,,,3/1/2017,,6apr17_LEW_m1
6apr17_LEW_m2,,,3/1/2017,,6apr17_LEW_m2
6apr17_LEW_m3,,,3/1/2017,,6apr17_LEW_m3
6apr17_LEW_m4,,,3/1/2017,,6apr17_LEW_m4
6apr17_LEW_m5,,,3/1/2017,,6apr17_LEW_m5
,,,,,
6apr17_LxP.F1_m1,,F1,2/28/2017,,6apr17_LxP.F1_m1
6apr17_LxP.F1_m2,,F1,2/28/2017,,6apr17_LxP.F1_m2
6apr17_LxP.F1_m3,,F1,2/27/2017,,6apr17_LxP.F1_m3
1mar17_CAST_f1,,CAST,3/1/2017,,1mar17_CAST_f1
,,,,,
12Feb17_LEW_m1,,LEW,2/1/2017,12.5 days,12Feb17_LEW_m1
12Feb17_LEW_m2,,LEW,2/1/2017,12.5 days,12Feb17_LEW_m2
,,,,,
13jan17_LEW_f1,,LEW,NA,e19,13jan17_LEW_f1
13jan17_LEW_f2,,LEW,NA,e19,13jan17_LEW_f2
13jan17_LEW_f3,,LEW,NA,e19,13jan17_LEW_f3
13jan17_LEW_m1,LEW_original founder,LEW,,original founder,13jan17_LEW_m1
,,,,,
4jan17_LEW_f1,,LEW,1/4/2017,neonates,4jan17_LEW_f1
4jan17_LEW_f2,,LEW,1/4/2017,neonates,4jan17_LEW_f2
4jan17_LEW_f3,,LEW,1/4/2017,neonates,4jan17_LEW_f3
,,,,,
4jan17_LEW_f4,,LEW,NA,e17-e19,4jan17_LEW_f4
4jan17_LEW_f5,,LEW,NA,e17-e19,4jan17_LEW_f5
4jan17_LEW_f6,,LEW,NA,e17-e19,4jan17_LEW_f6
4jan17_LEW_f7,,LEW,NA,e17-e19,4jan17_LEW_f7
,,,,,
30Dec16_MSM_m1,,MSM,12/18/2016,,30Dec16_MSM_m1
30Dec16_MSM_m2,,MSM,12/18/2016,,30Dec16_MSM_m2
30Dec16_MSM_m3,,MSM,12/18/2016,,30Dec16_MSM_m3
,,,,,
20dec16_MSM_m1,,MSM,10/5/2016,,20dec16_MSM_m1
20dec16_MSM_m2,,MSM,10/5/2016,,20dec16_MSM_m2
20dec16_LEW_m1,,LEW,10/6/2016,,20dec16_LEW_m1
20dec16_LEW_m2,original founder,LEW,5/1/2016,,20dec16_LEW_m2
20dec16_LEW_m3,,LEW,11/2/2016,,20dec16_LEW_m3
19dec16_LEW_f1,,LEW,12/18/2016,~24,19dec16_LEW_f1
19dec16_MSM_f1,,MSM,12/19/2016,,19dec16_MSM_f1
19dec16_MSM_f2,,MSM,12/19/2016,,19dec16_MSM_f2
,,,,,
13nov16_MSM_f2,,MSM,11/13/2016,,13nov16_MSM_f2
13nov16_MSM_m1,,MSM,4/18/2016,,13nov16_MSM_m1
13nov16_MSM_m2,original founder,MSM,4/18/2016,,13nov16_MSM_m2
,,,,,
30sep16_MSM_f1,,MSM,9/30/2016,,30sep16_MSM_f1
30sep16_MSM_f2,,MSM,9/30/2016,,30sep16_MSM_f2
30sep16_MSM_f3,,MSM,9/30/2016,,30sep16_MSM_f3
,,,,,
12sep16_MSM_f1,,MSM,9/12/2016,(from founders 2 x 2,12sep16_MSM_f1
12sep16_MSM_f2,,MSM,9/12/2016,,12sep16_MSM_f2
12sep16_MSM_f3,,MSM,9/12/2016,,12sep16_MSM_f3
,,,,,
31aug16_MSM_m1,,,6/28/2016,DB 6/28/16 parents MSM 1 founder,31aug16_MSM_m1
31aug16_MSM_m2,,,6/28/2016,DB 6/28/16 parents MSM 1 founder,31aug16_MSM_m2
,,,,,
,,,,,
30jun16_CAST_m1,,CAST,4/27/2016,~9w,30jun16_CAST_m1
30jun16_CAST_m2,,CAST,4/27/2016,~9w,30jun16_CAST_m2
30jun16_CAST_m3,,CAST,11/24/2015,~21w,30jun16_CAST_m3
4apr16_WSB_f2,,WSB,,,4apr16_WSB_f2
4apr16_WSB_f1,,WSB,,,4apr16_WSB_f1
,,,,,
1apr16_PWD_m1,,BD 2/1/16,2/1/2016,,1apr16_PWD_m1
1apr16_PWD_m2,,,2/1/2016,,1apr16_PWD_m2
1apr16_PWD_m3,,,2/8/2016,,1apr16_PWD_m3
1apr16_G_m1,,L1-3,2/4/2016,,1apr16_G_m1
1apr16_G_m2,,L1-3,2/4/2016,,1apr16_G_m2
1apr16_G_m3,,L1-3,2/4/2016,,1apr16_G_m3
1apr16_G_m4,,"G (L1-3 F8, BD 2/4/16)",2/4/2016,,1apr16_G_m4
1apr16_WSB_m1,,(WSB from charmony),10/19/2015,BD 10/19/15,1apr16_WSB_m1
,,,,,
17mar16_G_f1,,Gough L1-3 F8,3/17/2016,neonate 5,17mar16_G_f1
17mar16_G_f2,,Gough L1-3 F8,3/17/2016,,17mar16_G_f2
17mar16_G_f3,,Gough L1-3 F8,3/17/2016,,17mar16_G_f3
17mar16_G_f4,,Gough L1-3 F8,3/17/2016,,17mar16_G_f4
17mar16_G_f5,,Gough L1-3 F8,3/17/2016,,17mar16_G_f5
,,,,,
6mar16_PWD_m1,,PWD,1/11/2016,DB 11jan16  7 weeks,6mar16_PWD_m1
6mar16_G_m1,5067,Gough L1-3 F8,12/20/2015,11w,6mar16_G_m1
6mar16_G_m2,5064,Gough L1-3 F8,12/20/2015,11w,6mar16_G_m2
6mar16_G_m3,5066,Gough L1-3 F8,12/20/2015,11w,6mar16_G_m3
,,,,,
22feb16_G_m1,5068,Gough L1-3 F8,12/20/2015,(DB 12/20/15),22feb16_G_m1
,,,,,
16jan16_G_f1,,gough (probably 1-3),1/16/2016,neonates,16jan16_G_f1
16jan16_G_f2,,,1/16/2016,,16jan16_G_f2
16jan16_G_f3,,,1/16/2016,,16jan16_G_f3
,,,,,
20feb16_G_f1,,Gough L1-3 F8,,17.5,20feb16_G_f1
20feb16_G_f2,,Gough L1-3 F8,,17.5,20feb16_G_f2
20feb16_G_f3,,Gough L1-3 F8,,17.5,20feb16_G_f3
,,,,,
3jan16_G_m1,5046,Gough L1-3 F8,11/30/2015,6.2,3jan16_G_m1
3jan16_G_m2,4718,Gough L1-3 F6,8/12/2015,20,3jan16_G_m2
,,,,,
,,,,,
24nov15_WSB_f1,,WSB,11/24/2015,>12 <24,24nov15_WSB_f1
24nov15_WSB_f2,,WSB,11/24/2015,,24nov15_WSB_f2
3nov15_WSB_f1,,,11/3/2015,,3nov15_WSB_f1
,,,,,
19oct15_G_m1,,Gough L3 F11,2/20/2015,,19oct15_G_m1
12oct15_WSB_f1,,WSB,10/12/2015,24hr,12oct15_WSB_f1
12oct15_G_m1,4523,Gough L2_F9,5/16/2015,21 weeks,12oct15_G_m1
12oct15_WSB_m1,,WSB,2/12/2015,34 weeks,12oct15_WSB_m1
16sep15_WSB_m1,,WSB,6/14/2015,13 weeks,16sep15_WSB_m1
22jun15_G_m1,4441,Gough L1_3 F6,4/2/2015,11 weeks,22jun15_G_m1
22jun15_G_m2,4459,Gough L1_3 F6,4/3/2015,11 weeks,22jun15_G_m2
,,,,,
16jun15_WSB_f1,,WSB,,e17,16jun15_WSB_f1
16jun15_WSB_f2,,WSB,,,16jun15_WSB_f2
16jun15_WSB_f3,,WSB,,12-16 dpc,16jun15_WSB_f3
16jun15_WSB_f4,,WSB,,e17,16jun15_WSB_f4
,,,,,
12jun15_WSB_m1,,WSB,4/4/2015,,12jun15_WSB_m1
12jun15_WSB_m2,,WSB,4/4/2015,,12jun15_WSB_m2
12jun15_WSB_f1,,WSB,,e17-e21,12jun15_WSB_f1
12jun15_WSB_f2,,WSB,,e17-e21,12jun15_WSB_f2
,,,,,
8jun15_G_f1,,G 4 females collected,,~13-18 embryonic days,8jun15_G_f1
8jun15_G_f2,,,,,8jun15_G_f2
8jun15_G_f3,,,,,8jun15_G_f3
8jun15_G_f4,,,,,8jun15_G_f4
18may15_WSB_m1,,WSB,3/19/2015,"8-10 weeks
",18may15_WSB_m1
18may15_PWD_m1,,PWD,3/30/2015,"8-10 weeks
",18may15_PWD_m1
18may15_PWD_m2,,,3/30/2015,"8-10 weeks
",18may15_PWD_m2
24apr15_PWD_m1,,PWD,3/23/2015,5w,24apr15_PWD_m1
24apr15_PWD_m2,,,3/23/2015,,24apr15_PWD_m2
24apr15_WSB_m1,,WSB,11/26/2014,21 w,24apr15_WSB_m1
23apr15_PWD_f1,,PWD,4/23/2015,neonates,23apr15_PWD_f1
23apr15_PWD_f2,,,4/23/2015,,23apr15_PWD_f2
,,,,,
23apr15_WSB_f1,,WSB,,e18-21,23apr15_WSB_f1
17apr15_PWD_f1,,PWD,4/17/2015,neonates,17apr15_PWD_f1
17apr15_PWD_f2,,,4/17/2015,,17apr15_PWD_f2
17apr15_PWD_f3,,,4/17/2015,,17apr15_PWD_f3
17apr15_PWD_f4,,,4/17/2015,,17apr15_PWD_f4
,,,,,
4apr15_WSB_f1,,,4/4/2015,,4apr15_WSB_f1
4apr15_WSB_f2,,WSB,4/4/2015,neonates,4apr15_WSB_f2
1april15_PWD_f1,,PWD (2 females)  16-17embryonic days,,e16-17,1april15_PWD_f1
1april15_PWD_f2,,,,e16-17,1april15_PWD_f2
31mar15_WSB_m1,,WSB (3 mature males),11/27/2014,,31mar15_WSB_m1
31mar15_WSB_m2,,,11/27/2014,,31mar15_WSB_m2
31mar15_WSB_m3,,,10/16/2014,,31mar15_WSB_m3
24mar15_G_m1,4105,"1 G male (4105, L2_F8) 1 PWD male",9/5/2014,"28, 12",24mar15_G_m1
14mar15_G_m1,2939,G (2 mature males)_L2_F7,4/12/2014,11months,14mar15_G_m1
14mar15_G_m2,2933,,4/12/2014,,14mar15_G_m2
10mar15_PWD_m1,,PWD(2 mature),12/10/2014,,10mar15_PWD_m1
10mar15_PWD_m2,,,12/10/2014,,10mar15_PWD_m2
10mar15_WSB_m1,,WSB(2 mature),11/10/2014,,10mar15_WSB_m1
10mar15_WSB_m2,,,11/10/2014,,10mar15_WSB_m2
1mar15_WSB_m1,,WSB,10/16/2014,,1mar15_WSB_m1
1mar15_PWD_m1,,PWD,12/10/2014,,1mar15_PWD_m1
28feb15_PWD_f1,,PWD (e18),,e18,28feb15_PWD_f1
28feb15_PWD_f2,,,,e18,28feb15_PWD_f2
28feb15_PWD_f3,,,,e18,28feb15_PWD_f3
28feb15_PWD_f4,,,,e18,28feb15_PWD_f4
28feb15_PWD_f5,,,,e18,28feb15_PWD_f5
28feb15_PWD_f6,,,,e18,28feb15_PWD_f6
,,,,,
30dec14_WSB_m1,,WSB,12/17/2014,,30dec14_WSB_m1
30dec14_WSB_m2,,,12/17/2014,,30dec14_WSB_m2
30dec14_WSB_m3,,,12/17/2014,,30dec14_WSB_m3
30dec14_WSB_m4,,,12/17/2014,,30dec14_WSB_m4
30dec14_WSB_m5,,,12/17/2014,,30dec14_WSB_m5
,,,,,
21dec14_WSB_m1,,WSB,6/30/2014,,21dec14_WSB_m1
21dec14_WSB_m2,,,4/25/2014,,21dec14_WSB_m2
21dec14_WSB_m3,,,3/27/2014,,21dec14_WSB_m3
13oct14_G_f1,,gough L13,,,13oct14_G_f1
13oct14_G_f2,,gough L13,,,13oct14_G_f2
13oct14_G_f3,,gough L13,,,13oct14_G_f3
13oct14_G_f4,,gough L13,,,13oct14_G_f4
,,,,,
,,,,,
8oct14_G_f1,,G,,emb,8oct14_G_f1
8oct14_PWD_f1,,PWD,10/8/2014,,8oct14_PWD_f1
8oct14_PWD_f2,,PWD,10/8/2014,,8oct14_PWD_f2
8oct14_PWD_f3,,PWD,10/8/2014,,8oct14_PWD_f3
8oct14_PWD_f4,,PWD,10/8/2014,,8oct14_PWD_f4
8oct14_PWD_f5,,PWD,10/8/2014,,8oct14_PWD_f5
8oct14_PWD_f6,,PWD,10/8/2014,,8oct14_PWD_f6
8oct14_PWD_f7,,PWD,10/8/2014,,8oct14_PWD_f7
8oct14_PWD_f8,,PWD,10/8/2014,,8oct14_PWD_f8
,,,,,
8oct14_WSB_f1,,WSB,10/8/2014,,8oct14_WSB_f1
8oct14_WSB_f2,,WSB,10/8/2014,,8oct14_WSB_f2
8oct14_WSB_f3,,WSB,10/8/2014,,8oct14_WSB_f3
,,,,,
30sep14_G_m1,,Gough_L3,9/17/2014,12.5 days,30sep14_G_m1
30sep14_G_m2,,Gough_L3,9/17/2014,12.5 days,30sep14_G_m2
30sep14_G_m3,,Gough_L3,9/17/2014,12.5 days,30sep14_G_m3
30sep14_G_m4,,Gough_L3,9/17/2014,12.5 days,30sep14_G_m4
30sep14_G_m5,,Gough_L3,9/17/2014,12.5 days,30sep14_G_m5
,,,,,
27sep14: 5 WSB pups (12.5) from 2 litters,,,,,27sep14: 5 WSB pups (12.5) from 2 litters
27sep14_WSB_m1,,,,12.5 days,27sep14_WSB_m1
25sep14 WSB,,WSB,,,25sep14 WSB
25sep14: Gough L1-3 (2889) 6 pups 2males(12.5),,gough,,,25sep14: Gough L1-3 (2889) 6 pups 2males(12.5)
,,,,,
24sep14_PWD_m1,,,,,24sep14_PWD_m1
24sep14_PWD_m2,,,,,24sep14_PWD_m2
24sep14_PWD_m3,,,,,24sep14_PWD_m3
,,,,,
15sep14: 4 neonates,,WSB,,,15sep14: 4 neonates
14sep14: WSB 4 neonates,,WSB,,,14sep14: WSB 4 neonates
14sep14_WSB_f1,,,,,14sep14_WSB_f1
15sep14_WSB_f2,,,,,15sep14_WSB_f2
,,,,,
11sep14: Gough 3 males L1-3 (2886) (12.5 days),,Gough L13,,,11sep14: Gough 3 males L1-3 (2886) (12.5 days)
11sep14_G_m1,,Gough L13,,,11sep14_G_m1
11sep14_G_m2,,Gough L13,,,11sep14_G_m2
11sep14_G_m3,,Gough L13,,,11sep14_G_m3
,,,,,
8sep14: 2 (12.5 PWD males),,PWD,,,8sep14: 2 (12.5 PWD males)
"3sep14: 2 males (12.5) PWD, testing incubation",,PWD,,,"3sep14: 2 males (12.5) PWD, testing incubation"
"30aug14: 3 Gough neonates, 18.5 days post fertilization",,Gough_L13,,,"30aug14: 3 Gough neonates, 18.5 days post fertilization"
8aug14: 6 frozen dead pups,,,,,8aug14: 6 frozen dead pups
28jul14: 1 female (2890) 5 embryos (11days),,,,,28jul14: 1 female (2890) 5 embryos (11days)
"27jul14: 2 females (2868 and 2892), 5 embryos",,,,,"27jul14: 2 females (2868 and 2892), 5 embryos"
,,,,,
7jul14: G 2795 female litter of 12 (12.5 days),,,,,7jul14: G 2795 female litter of 12 (12.5 days)
5jul14: G littler 11,,,,,5jul14: G littler 11
3jul14: G 1 female 9 embryos,,,,,3jul14: G 1 female 9 embryos
"30jun14: G 7 embryos, 2 females",,,,,"30jun14: G 7 embryos, 2 females"
3jun14: 1 WSB pup,,,,,3jun14: 1 WSB pup
